time,generation,mean age hall_of_fame,mean compl,mean recursive_compl,mean n_params,min mae,min mse,min max_ae,min minus_r2,min mare,min q75_are,min max_are,min ms_processed_e,min minus_spearman,max penalty
12.25931715965271,1.0,0.0,7.333333333333333,32818.0,0.6666666666666666,0.004840934496736187,4.202372055098962e-5,0.0221004379152015,-0.9985839573396711,0.020770845718867666,0.013281070279356546,0.1683769064248126,4.202372055098962e-5,-0.9997240311649612,5.0
17.567527055740356,6.0,1.0,5.2,7.4,0.8,0.0031683748602398826,2.3763873908769026e-5,0.014711607210265945,-0.9991992460736868,0.01828882287813741,0.021314704844491373,0.1394586105231022,2.3763873908769026e-5,-0.9997240923553904,3.0
22.970757961273193,15.0,5.0,8.363636363636363,3.0934760629176225e37,1.2727272727272727,0.0013715147068664665,5.968078624285368e-6,0.013522354037234972,-0.9997988980075686,0.007394161957432249,0.00450093065811718,0.1352235403723497,5.968078624285368e-6,-0.9999334248054185,3.0
