time_stamp,max_are,compl,dim_penalty,age,minus_spearman,valid,max_ae,q75_are,n_params,eqs_orig,minus_r2,mse,mare,ms_processed_e,recursive_compl,mae,eqs_orig_rounded
26.496023893356323,0.29777559420425986,1.0,0.0,49.0,-0.9976625853646766,true,0.03575081533538746,0.0586848535320886,0.0,v1,-0.9907180686703486,0.00027545871271995523,0.047923810442292776,0.00027545871271995523,2.0,0.013686038639562309,v1
66.96648383140564,0.167299326139448,4.0,0.0,7.0,-0.9976625853646766,true,0.02198676305614225,0.045008339307985624,1.0,(0.0137640522792452+v1),-0.997029432977723,8.815714520433929e-5,0.03186228053723411,8.815714520433929e-5,3.0,0.0076372086911506865,(0.0138+v1)
73.5854959487915,0.0,7.0,0.0,0.0,-1.0,true,0.0,0.0,0.0,sqrt_abs((pow2(v2)+(v1*v1))),-1.0,0.0,0.0,0.0,512.0,0.0,sqrt_abs((pow2(v2)+(v1*v1)))
