max_are,compl,dim_penalty,age,minus_spearman,valid,max_ae,q75_are,n_params,eqs_orig,minus_r2,mse,mare,ms_processed_e,recursive_compl,mae,eqs_orig_rounded
0.769599253972468,1.0,0,8818.0,-1.0,true,31.46175895905491,0.5653544623687768,0.0,v1,-0.23207596005128772,103.97669332875144,0.36110504409031774,103.97669332875144,2.0,4.565745478711937,v1
3.0567636570201953,3.0,0,7826.0,-1.0,true,4.56394302022219,2.376304418985951,1.0,(v1/0.259355307534527),-0.9243833912204793,10.238467000139114,1.5259344472684104,10.238467000139114,3.0,2.947367455620384,(v1/0.259)
0.7761503319052411,4.0,0,8921.0,-1.0,true,3.2274642675643843,0.7308421010317594,1.0,(pow2(v1)/2.12294480365387),-0.9756725659439217,3.293927548476302,0.554644197306,3.293927548476302,5.0,1.4563881896395388,(pow2(v1)/2.12)
7.53427700464736e-16,5.0,0,9100.0,-1.0,true,2.6645352591003757e-15,4.3888347930036435e-16,1.0,sqrt_abs(pow3((1.25992104989487*v1))),-1.0,1.21040845144849e-30,2.9744051487364984e-16,1.21040845144849e-30,256.0,7.105427357601002e-16,sqrt_abs(pow3((1.26*v1)))
6.240608098306687e-16,7.0,0,7076.0,-1.0,true,8.881784197001252e-16,4.910683648565593e-16,2.0,(0.103552824302144*pow3(sqrt_abs((v1/0.175024145897942)))),-1.0,1.6794109115056697e-31,2.4362344040473497e-16,1.6794109115056697e-31,257.0,2.7200464103316337e-16,(0.104*pow3(sqrt_abs((v1/0.175))))
5.65070775348552e-16,9.0,0,4919.0,-1.0,true,8.881784197001252e-16,3.720109653120044e-16,2.0,(0.954024453061924*pow3(sqrt_abs(((-0.300080749235034*v1)-v1)))),-1.0,1.4421363423571621e-31,1.8775658846799893e-16,1.4421363423571621e-31,4.294967297e9,2.331468351712829e-16,(0.954*pow3(sqrt_abs(((-0.3*v1)-v1))))
4.0964645341540396e-16,11.0,0,5148.0,-1.0,true,8.881784197001252e-16,2.418125187115534e-16,3.0,(pow3(((v1/sqrt_abs((v1/1.16503615043696)))/1.16787816293645))/0.558214984409827),-1.0,1.1000911842339892e-31,1.5207273705563586e-16,1.1000911842339892e-31,262145.0,1.942890293094024e-16,(pow3(((v1/sqrt_abs((v1/1.17)))/1.17))/0.558)
6.240608098306687e-16,13.0,0,5501.0,-1.0,true,8.881784197001252e-16,1.8954166015964382e-16,4.0,(0.103552824302144*pow3(sqrt_abs(((v1+(1.97736896254598e-17/(0.838122629795655-v1)))/0.175024145897942)))),-1.0,1.0631133293017542e-31,1.4660405756045713e-16,1.0631133293017542e-31,3.402823669209385e38,1.8318679906315082e-16,(0.104*pow3(sqrt_abs(((v1+(1.98e-17/(0.838-v1)))/0.175))))
