time_stamp,max_are,compl,dim_penalty,age,minus_spearman,valid,max_ae,q75_are,n_params,eqs_orig,minus_r2,mse,mare,ms_processed_e,recursive_compl,mae,eqs_orig_rounded
12.458985090255737,3.756032702729393,2.0,0.0,1.0,-0.15645120233322984,true,0.3756032702729393,0.47536899806157495,1.0,0.375603270272939,0.00038377377719656103,0.029688263871366874,0.6546883401863476,0.029688263871366874,1.0,0.1456721183710703,0.376
12.856420993804932,0.29777559420425986,3.0,0.0,1.0,-0.9976633196502763,true,0.03575081533538746,0.0586848535320886,0.0,sqrt_abs(pow2(v1)),-0.9907180686703486,0.00027545871271995523,0.04792381044229276,0.00027545871271995523,16.0,0.013686038639562309,sqrt_abs(pow2(v1))
14.599689960479736,0.2774699791910779,4.0,0.0,0.0,-0.9976625853646766,true,0.031241182142516755,0.03345053844147622,1.0,(1.0289161339959*v1),-0.9954115955068078,0.00013616950505715932,0.034650631721981504,0.00013616950505715932,3.0,0.008827576236042278,(1.03*v1)
9.599591970443726,0.1689289239398011,6.0,0.0,2.0,-0.9976625853646766,true,0.02215867071146438,0.044377508238876,1.0,sqrt_abs(pow2((0.0135921446239231+v1))),-0.9970293409883128,8.815987516253553e-5,0.03182375738680832,8.815987516253553e-5,256.0,0.007628563247097323,sqrt_abs(pow2((0.0136+v1)))
13.364098072052002,0.0,7.0,0.0,0.0,-1.0,true,0.0,0.0,0.0,sqrt_abs((pow2(v2)+(v1*v1))),-1.0,0.0,0.0,0.0,512.0,0.0,sqrt_abs((pow2(v2)+(v1*v1)))
