time_stamp,max_are,compl,dim_penalty,age,minus_spearman,valid,max_ae,q75_are,n_params,eqs_orig,minus_r2,mse,mare,ms_processed_e,recursive_compl,mae,eqs_orig_rounded
15.068013906478882,3.7707703559459858,2.0,0.0,0.0,100.0,true,0.3770770355945986,0.4811579457041615,1.0,0.377077035594599,0.00012177475423280626,0.0296804885592,0.6566562018840849,0.0296804885592,1.0,0.14551910448521493,0.377
13.244125843048096,0.8088733390832296,3.0,1.0,1.0,-0.9976632583167917,true,0.17189495232494068,0.4940195115271441,0.0,sqrt_abs(pow3(v1)),-0.3107716868265452,0.020454142265673998,0.4012707579172461,0.020454142265673998,16.0,0.13789901205633365,sqrt_abs(pow3(v1))
13.402736902236938,0.29777559420426025,3.0,2.0,1.0,-0.9976599473042324,true,0.03575081533538749,0.058684853532089146,0.0,log(exp(v1)),-0.9907180686703486,0.00027545871271995534,0.047923810442292804,0.00027545871271995534,16.0,0.013686038639562314,log(exp(v1))
14.991915941238403,0.17134474448134282,4.0,0.0,0.0,-0.9976626464120878,true,0.02241351767117769,0.043442323707657805,1.0,(0.0133372976642098+v1),-0.9970255399080781,8.827267934425244e-5,0.03178291488974427,8.827267934425244e-5,3.0,0.007624588696092388,(0.0133+v1)
10.94724702835083,0.1713447435582482,6.0,0.0,2.0,-0.9976617249784484,true,0.02241351757379964,0.04344232406499558,1.0,sqrt_abs(pow2((0.0133372977615878+v1))),-0.9970255399103667,8.827267927633299e-5,0.03178291490167365,8.827267927633299e-5,256.0,0.007624588695560269,sqrt_abs(pow2((0.0133+v1)))
15.013394832611084,0.0,7.0,0.0,0.0,-1.0,true,0.0,0.0,0.0,sqrt_abs((pow2(v2)+(v1*v1))),-1.0,0.0,0.0,0.0,512.0,0.0,sqrt_abs((pow2(v2)+(v1*v1)))
