time,generation,mean age hall_of_fame,mean compl,mean recursive_compl,mean n_params,min mae,min mse,min max_ae,min minus_r2,min mare,min q75_are,min max_are,min ms_processed_e,min minus_spearman,max penalty
12.36782693862915,1.0,0.0,4.714285714285714,56210.28571428572,0.14285714285714285,0.007624588695560269,8.827267927633299e-5,0.02241351757379964,-0.9970255399103667,0.03178291490167365,0.04344232406499558,0.1713447435582482,8.827267927633299e-5,-0.9976633196502763,3.0
