time_stamp,max_are,compl,dim_penalty,age,minus_spearman,valid,max_ae,q75_are,n_params,eqs_orig,minus_r2,mse,mare,ms_processed_e,recursive_compl,mae,eqs_orig_rounded
19.97261905670166,0.8954595381072326,2.0,0.0,0.0,-0.9976626458399029,true,0.15753357410041033,0.48209517419000003,0.0,(2.00963779046265*pow2(v1)),-0.6802345812600732,0.009489638254172034,0.3050749647771908,0.009489638254172034,4.0,0.0868803032294598,(2.01*pow2(v1))
19.7100670337677,0.29777559420425986,3.0,0.0,0.0,-0.9976633196502763,true,0.03575081533538746,0.0586848535320886,0.0,sqrt_abs(pow2(v1)),-0.9907180686703486,0.00027545871271995523,0.04792381044229276,0.00027545871271995523,16.0,0.013686038639562309,sqrt_abs(pow2(v1))
19.99930191040039,0.2772602758446204,4.0,0.0,0.0,-0.9976625853646766,true,0.03119460954812714,0.03317278790983356,1.0,(1.02921476125056*v1),-0.9954120073985744,0.00013615728139682677,0.03464730726575683,0.00013615728139682677,3.0,0.008844497114366794,(1.03*v1)
15.587812900543213,0.0,6.0,0.0,1.0,-1.0,true,0.0,0.0,0.0,sqrt_abs((pow2(v2)+pow2(v1))),-1.0,0.0,0.0,0.0,256.0,0.0,sqrt_abs((pow2(v2)+pow2(v1)))
