time_stamp,max_are,compl,dim_penalty,age,minus_spearman,valid,max_ae,q75_are,n_params,eqs_orig,minus_r2,mse,mare,ms_processed_e,recursive_compl,mae,eqs_orig_rounded
13.879042863845825,3.798581865359339,2.0,0.0,3.0,-0.01276879352845558,true,0.3798581865359339,0.4920823018067965,1.0,0.379858186535934,2.6101891650087694e-5,0.029677649287648284,0.6604884625585197,0.029677649287648284,1.0,0.1452751958551544,0.38
13.950796842575073,0.29777559420425986,3.0,0.0,3.0,-0.9976633196502763,true,0.03575081533538746,0.0586848535320886,0.0,sqrt_abs(pow2(v1)),-0.9907180686703486,0.00027545871271995523,0.04792381044229276,0.00027545871271995523,16.0,0.013686038639562309,sqrt_abs(pow2(v1))
14.690172910690308,0.16342407588330427,4.0,0.0,1.0,-0.9976625853646766,true,0.021577959616928127,0.044838272788247334,1.0,(0.0141728557184593+v1),-0.9970216523491043,8.83880499446685e-5,0.03196450499173722,8.83880499446685e-5,3.0,0.007663063910572409,(0.0142+v1)
16.57546591758728,0.0,7.0,0.0,0.0,-1.0,true,0.0,0.0,0.0,sqrt_abs((pow2(v2)+(v1*v1))),-1.0,0.0,0.0,0.0,512.0,0.0,sqrt_abs((pow2(v2)+(v1*v1)))
