run,compl,age,dim_penalty,minus_spearman,mare,mae,ms_processed_e,eqs_orig_rounded
0,1.0,2879.0,0,-0.5902432522055577,1.3732643232017139e13,2.115536315635834e26,4.374295405088355e53,6.229999999999999e25
