run,compl,age,dim_penalty,minus_spearman,mare,mae,ms_processed_e,eqs_orig_rounded
9,1.0,5664.0,0,-0.2623303343135812,1.3812362297434145e13,2.118189455670098e26,4.3735275246556684e53,6.269999999999999e25
