run,compl,age,dim_penalty,minus_spearman,mare,mae,ms_processed_e,eqs_orig_rounded
6,4.0,5013.0,0,-0.03452991452991453,0.595937021624823,4.873806208894931,35.158556289217174,log(435000.0 - v1)
7,4.0,3571.0,0,-0.03452991452991453,0.5958933505252798,4.873689889077671,35.15855569635801,log(435000.0 - v1)
9,4.0,4246.0,0,-0.03452991452991453,0.5845086411893948,4.859869218994707,35.209200447171,log(347000.0 - v1)
14,4.0,3689.0,0,-0.03452991452991453,0.5959115693387858,4.873738415655252,35.15855580466833,log(435000.0 - v1)
17,4.0,3979.0,0,-0.03452991452991453,0.5959357592391099,4.873802846477139,35.15855625602949,log(435000.0 - v1)
19,4.0,5932.0,0,-0.03452991452991453,0.5958864183133042,4.87367142483942,35.15855570741688,log(434000.0 - v1)
