run,compl,age,dim_penalty,minus_spearman,mare,mae,ms_processed_e,eqs_orig_rounded
8,2.0,3871.0,0,100.0,0.5958429771920348,4.873536706602229,35.15867734569238,12.980799813082541
17,2.0,3771.0,0,100.0,0.5959809008724689,4.873904117494652,35.15867868189117,12.983101310070822
26,2.0,4802.0,0,100.0,0.602163467961159,4.8903736786633205,35.17045439945767,13.089840185698769
28,2.0,2845.0,0,100.0,0.5889226515425577,4.8598342942769035,35.17525363580989,12.853175887588712
