run,compl,age,dim_penalty,minus_spearman,mare,mae,ms_processed_e,eqs_orig_rounded
9,4.0,4366.0,0,-0.03452991452991453,0.5958853877703376,4.873668679944895,35.15855571152104,log(434000.0 - v1)
14,4.0,3519.0,0,-0.03452991452991453,0.5958710045819597,4.8736303697184775,35.15855583526745,log(434000.0 - v1)
16,4.0,875.0,0,-0.03452991452991453,0.6054208912585844,4.899067139710377,35.18577435906438,log(512000.0 - v1)
19,4.0,4616.0,0,-0.03452991452991453,0.5959070417898888,4.873726356337782,35.158555759168266,log(435000.0 - v1)
