run,compl,age,dim_penalty,minus_spearman,mare,mae,ms_processed_e,eqs_orig_rounded
3,4.0,3282.0,0,-0.9920634920634921,0.05112559875789238,1.3819659332303236,4.867186856353271,-1.41643059490085log(v1)
6,4.0,2303.0,0,-0.9920634920634921,0.0584273993320717,1.5315707618967083,4.908749764513484,-1.43log(v1)
10,4.0,2431.0,0,-0.9920634920634921,0.058472084800394876,1.5325150864316683,4.909378303691433,-1.43log(v1)
11,4.0,3187.0,0,-0.9920634920634921,0.044422323058768545,1.2482036664406886,4.965188312968302,-1.4log(v1)
13,4.0,2311.0,0,-0.9920634920634921,0.05728411594804922,1.508006114921474,4.893064081183727,-1.430615164520744log(v1)
17,4.0,1361.0,0,-0.9920634920634921,0.05524719025797071,1.4663184040421076,4.87318244503428,-1.4265335235378032log(v1)
19,4.0,116.0,0,-0.9920634920634921,0.05999360831324201,1.5646689842784949,4.933399213784417,-1.44log(v1)
27,4.0,2661.0,0,-0.9920634920634921,0.057869217449818704,1.5199807992998273,4.900844124172551,-1.430615164520744log(v1)
