run,compl,age,dim_penalty,minus_spearman,mare,mae,ms_processed_e,eqs_orig_rounded
4,4.0,1129.0,0,-0.9920634920634921,0.053755743711846375,1.4357944665662814,4.865722335880968,-1.42log(v1)
6,4.0,421.0,0,-0.9920634920634921,0.05266428495798765,1.4134566772255892,4.864065076146525,-1.4204545454545456log(v1)
11,4.0,2949.0,0,-0.9920634920634921,0.04001297549029439,1.1658692484797708,5.133128305944571,-1.39log(v1)
13,4.0,3286.0,0,-0.9920634920634921,0.052361169456265025,1.4072531168991544,4.864174943040454,-1.42log(v1)
14,4.0,2842.0,0,-0.9920634920634921,0.05293520273046259,1.419001278987955,4.864176622251762,-1.42log(v1)
17,4.0,4577.0,0,-0.9920634920634921,0.04945502049183094,1.3477758868795218,4.877806996698117,-1.41log(v1)
22,4.0,2657.0,0,-0.9920634920634921,0.04840766479112371,1.3263407104017504,4.888304449061571,-1.41log(v1)
24,4.0,1067.0,0,-0.9920634920634921,0.05819303265266134,1.526617961493144,4.905525084843106,-1.43log(v1)
26,4.0,2853.0,0,-0.9920634920634921,0.04436499416475034,1.2470858995579885,4.966697264723762,-1.402524544179523log(v1)
