run,compl,age,dim_penalty,minus_spearman,mare,mae,ms_processed_e,eqs_orig_rounded
1,8.0,2427.0,0,-1.0,0.19128857570256458,0.1421349809325632,0.029337279176621968,log(sqrt(abs(-0.086 - 0.429exp(v1))))
8,8.0,3613.0,0,-1.0,0.21083843088014975,0.16860653807540132,0.04353221739319402,log(sqrt(abs(-0.115 - exp(v1)))) - 0.399
11,10.0,208.0,0,-1.0,0.11056393482395718,0.11077252465401943,0.022060024894730478,0.8130081300813008log(sqrt(abs(exp(v1) - 0.259)) - 0.258)
12,8.0,1214.0,0,-1.0,0.19648056537889325,0.14674481241222867,0.030368401102475063,log(sqrt(abs(0.0824 + 0.416exp(v1))))
