run,compl,age,dim_penalty,minus_spearman,mare,mae,ms_processed_e,eqs_orig_rounded
24,9.0,3116.0,0,-1.0,0.18494601709327782,0.08378535854213681,0.009732778918436606,log(0.528 + exp(0.7575757575757576v1 - 1.48))
