run,compl,age,dim_penalty,minus_spearman,mare,mae,ms_processed_e,eqs_orig_rounded
6,10.0,2096.0,0,-1.0,0.17442327531224208,0.0729854380360461,0.006114116832213402,log((0.686 + 0.206exp(0.495v1))^2)
7,10.0,2253.0,0,-1.0,0.16947322694234368,0.06509482257719504,0.006032048332618669,log((0.701 + exp(0.5076142131979695(v1 - 3.27)))^2)
8,10.0,725.0,0,-1.0,0.16940747276928653,0.06512099555281313,0.006026558278017372,log(0.03597122302158273((3.7 + exp(0.508v1))^2))
13,10.0,3479.0,0,-1.0,0.16931139530834158,0.06503814830293934,0.006027227536992946,log(0.035870064279155185((3.7 + exp(0.5076142131979695v1))^2))
29,9.0,669.0,0,-1.0,0.20434648731000932,0.09475331785686053,0.010527837009988694,log(0.581 + 0.204exp(0.7633587786259541v1))
