run,compl,age,dim_penalty,minus_spearman,mare,mae,ms_processed_e,eqs_orig_rounded
8,9.0,271.0,0,-1.0,0.19678974320263973,0.07601044447780347,0.010142677221587265,log(-0.205(-2.49 - exp(0.768v1)))
