max_are,compl,dim_penalty,age,minus_spearman,valid,max_ae,q75_are,n_params,eqs_orig,minus_r2,mse,mare,ms_processed_e,recursive_compl,mae,eqs_orig_rounded
0.769599253972468,1.0,0,3408.0,-1.0,true,31.46175895905491,0.5653544623687768,0.0,v1,-0.23207596005128772,103.97669332875144,0.36110504409031774,103.97669332875144,2.0,4.565745478711937,v1
3.1696443204663622,3.0,0,3091.0,-1.0,true,4.575753285629112,2.470251100388462,1.0,(3.96300083153869*v1),-0.9224994298635851,10.493554824010447,1.5906542697026325,10.493554824010447,3.0,2.9930620711766878,(3.96*v1)
0.7761606449973273,4.0,0,3131.0,-1.0,true,3.2276787404194067,0.7308545015424298,1.0,pow2((v1/-1.45706644166684)),-0.975672565461088,3.293927613851841,0.5546555012181684,3.293927613851841,8.0,1.4562609604517582,pow2((v1/-1.46))
7.53427700464736e-16,5.0,0,3693.0,-1.0,true,2.6645352591003757e-15,4.3888347930036435e-16,1.0,sqrt_abs(pow3((1.25992104989487*v1))),-1.0,1.21040845144849e-30,2.9744051487364984e-16,1.21040845144849e-30,256.0,7.105427357601002e-16,sqrt_abs(pow3((1.26*v1)))
9.4178462558092e-16,7.0,0,338.0,-1.0,true,1.1102230246251565e-15,3.3962290268677865e-16,2.0,(pow3(sqrt_abs((v1/1.1294090694651)))/0.589125872266734),-1.0,1.494521636844495e-31,2.2343549309362124e-16,1.494521636844495e-31,257.0,1.942890293094024e-16,(pow3(sqrt_abs((v1/1.13)))/0.589)
8.192929068308079e-16,9.0,0,89.0,-1.0,true,6.661338147750939e-16,5.179675431110253e-16,3.0,(pow3(sqrt_abs(((6.574313893351481e-17-v1)/1.1294090694651)))/0.589125872266734),-1.0,8.997944700177166e-32,2.575831053073906e-16,8.997944700177166e-32,65537.0,1.887379141862766e-16,(pow3(sqrt_abs(((6.57e-17-v1)/1.13)))/0.589)
6.240608098306687e-16,17.0,0,75.0,-1.0,true,4.440892098500626e-16,1.736557564623637e-16,4.0,(pow3(sqrt_abs(((v1+((5.0503691927913e-18/(v1+(-0.793698866348656/v1)))/v1))/1.1294090694651)))/0.589125872266734),-1.0,3.112302790129773e-32,1.4809272304714765e-16,3.112302790129773e-32,1.7976931348623157e308,1.0547118733938987e-16,(pow3(sqrt_abs(((v1+((5.05e-18/(v1+(-0.794/v1)))/v1))/1.13)))/0.589)
