time_stamp,max_are,compl,dim_penalty,age,minus_spearman,valid,max_ae,q75_are,n_params,eqs_orig,minus_r2,mse,mare,ms_processed_e,recursive_compl,mae,eqs_orig_rounded
17.423365116119385,0.29777559420425986,1.0,0.0,127.0,-0.9976625853646766,true,0.03575081533538746,0.0586848535320886,0.0,v1,-0.9907180686703486,0.00027545871271995523,0.047923810442292776,0.00027545871271995523,2.0,0.013686038639562309,v1
17.273231029510498,0.24430429947079627,4.0,1.0,128.0,-0.9997240923553904,true,0.025771867940690155,0.023169620337597466,0.0,(v1+pow2(v2)),-0.9980811142572722,5.6946531683545084e-5,0.02323918302445712,5.6946531683545084e-5,6.0,0.004578983942692609,(v1+pow2(v2))
22.559770107269287,0.2443042994707964,6.0,3.0,118.0,-0.9997218886332745,true,0.025771867940690182,0.023169620337597403,0.0,log(exp((v1+pow2(v2)))),-0.9980811142572722,5.694653168354508e-5,0.02323918302445712,5.694653168354508e-5,1.8446744073709552e19,0.00457898394269261,log(exp((v1+pow2(v2))))
99.08406591415405,0.0,7.0,0.0,0.0,-1.0,true,0.0,0.0,0.0,sqrt_abs((pow2(v1)+(v2*v2))),-1.0,0.0,0.0,0.0,512.0,0.0,sqrt_abs((pow2(v1)+(v2*v2)))
