max_are,compl,dim_penalty,age,minus_spearman,valid,max_ae,q75_are,n_params,eqs_orig,minus_r2,mse,mare,ms_processed_e,recursive_compl,mae,eqs_orig_rounded
0.17085075421822268,1.0,0,3536.0,100.0,true,2.6276206253081646,0.1284417864980524,1.0,12.7520049275997,0.016576510708322667,1.8488163642911557,0.0878648620055893,1.8488163642911557,1.0,1.153186241291077,12.8
0.01819022493650032,4.0,0,6570.0,-1.0,true,0.2444782400281973,0.01536694908664037,1.0,log((8.2262192487227e6/v1)),-0.9889069555294698,0.02017457803804218,0.0094517712269668,0.02017457803804218,8.0,0.12123307060716279,log((8.23e6/v1))
3.9522079251243615e-15,6.0,0,2863.0,-1.0,true,5.1514348342607263e-14,2.750080465762055e-15,2.0,(15.65+(-0.905069700286375*log(v1))),-1.0,9.853479522291377e-28,2.2660002112966523e-15,9.853479522291377e-28,6.0,2.8899959348704076e-14,(15.6+(-0.905*log(v1)))
4.1102962421293356e-15,8.0,0,2851.0,-1.0,true,4.973799150320701e-14,2.870768725155233e-15,3.0,((11.8608998266995-(0.685938725321256*log(v1)))/0.757884972952046),-1.0,9.723620880970379e-28,2.2400397966325343e-15,9.723620880970379e-28,7.0,2.8558352264204026e-14,((11.9-(0.686*log(v1)))/0.758)
4.2683845591343105e-15,9.0,0,4160.0,-1.0,true,4.973799150320701e-14,2.775065155340808e-15,3.0,(-1.87467933521372*(-8.34809436794473+(0.965572813745446*log(sqrt_abs(v1))))),-1.0,9.698134605570932e-28,2.2366971958631353e-15,9.698134605570932e-28,19.0,2.849003084730402e-14,(-1.87*(-8.35+(0.966*log(sqrt_abs(v1)))))
3.773237157466519e-15,10.0,0,1347.0,-1.0,true,4.618527782440651e-14,2.189308014272126e-15,3.0,(10.2784664565175+(-0.905069700286384*log((v1+(-0.997354616120262*v1))))),-1.0,6.125201521000687e-28,1.71084488529294e-15,6.125201521000687e-28,34.0,2.2067817658703112e-14,(10.3+(-0.905*log((v1+(-0.997*v1)))))
3.4143205908357446e-15,16.0,0,1869.0,-1.0,true,4.263256414560601e-14,2.3644794388010768e-15,3.0,(13.0054900062343-(log((v1*(v1+(-0.997102105707104*v1))))*((v1--0.452534850143187)-v1))),-1.0,5.883688720786869e-28,1.6005741299699503e-15,5.883688720786869e-28,10242.0,2.090635357140295e-14,(13.0-(log((v1*(v1+(-0.997*v1))))*((v1--0.453)-v1)))
