max_are,compl,dim_penalty,age,minus_spearman,valid,max_ae,q75_are,n_params,eqs_orig,minus_r2,mse,mare,ms_processed_e,recursive_compl,mae,eqs_orig_rounded
8.123147211164177,1.0,0,1308.0,-0.3944053188733077,true,2.1632148451200535,2.234260079477105,1.0,0.812314721116418,0.004213227455007518,1.5973428054745282,2.01350149295828,1.5973428054745282,1.0,1.0949193435707762,0.812
1.022568882682552,4.0,0,7341.0,-1.0,true,1.2091568962477381,0.905085694042487,1.0,exp((-4.82211362707592+v1)),-0.6339214911583724,0.5822995120458284,0.6579717400845145,0.5822995120458284,8.0,0.6462977538097436,exp((-4.82+v1))
1.4436059413994662,5.0,0,7397.0,-1.0,true,0.6300948210503752,0.5564785963376668,1.0,(v1/(7.92709811813725-v1)),-0.9121594699772344,0.13972275491384167,0.4879724460387268,0.13972275491384167,7.0,0.3115819661770827,(v1/(7.93-v1))
1.8305608031726117,6.0,0,7208.0,-1.0,true,0.27270396830702937,0.32839241949767617,2.0,(exp((v1/4.22523448242514))-1.0839709756317),-0.9850789737203487,0.023733997249269594,0.39222517161342524,0.023733997249269594,9.0,0.1386038268363292,(exp((v1/4.23))-1.08)
0.8892507004002135,8.0,0,3343.0,-1.0,true,0.12475547265805026,0.1456309118135296,2.0,log((sqrt_abs((-6.52994496486796-exp(v1)))-2.12617561231088)),-0.9960581062516131,0.006270138100937378,0.18682918603394227,0.006270138100937378,8.589934592e9,0.07093123497907561,log((sqrt_abs((-6.53-exp(v1)))-2.13))
4.669053896939272e-16,9.0,0,1448.0,-1.0,true,4.440892098500626e-16,2.6803557816355027e-16,3.0,log((0.4+(0.3/exp((-0.693147180559945*v1))))),-1.0,4.968899256519069e-32,1.688181395045773e-16,4.968899256519069e-32,1024.0,1.5959455978986625e-16,log((0.4+(0.3/exp((-0.693*v1)))))
4.669053896939272e-16,10.0,0,766.0,-1.0,true,2.220446049250313e-16,3.3670494527925935e-17,3.0,log((0.4-(-0.3*pow2(exp((0.346573590279973*v1)))))),-1.0,9.629649721936179e-33,7.519842097570386e-17,9.629649721936179e-33,4.631683569492648e77,4.85722573273506e-17,log((0.4-(-0.3*pow2(exp((0.347*v1))))))
0.0,13.0,0,0.0,-1.0,true,0.0,0.0,5.0,log(((exp(((-0.00744247750758124+(0.00166334643104737*v1))/0.00239970164735239))--0.0599804999270167)/0.149951249817542)),-1.0,0.0,0.0,0.0,1.7179869184e10,0.0,log(((exp(((-0.00744+(0.00166*v1))/0.0024))--0.06)/0.15))
