time_stamp,max_are,compl,dim_penalty,age,minus_spearman,valid,max_ae,q75_are,n_params,eqs_orig,minus_r2,mse,mare,ms_processed_e,recursive_compl,mae,eqs_orig_rounded
21.770352125167847,0.29777559420425986,1.0,0.0,21.0,-0.9976625853646766,true,0.03575081533538746,0.0586848535320886,0.0,v1,-0.9907180686703486,0.00027545871271995523,0.047923810442292776,0.00027545871271995523,2.0,0.013686038639562309,v1
18.44138216972351,0.24430429947079627,4.0,3.0,25.0,-0.9997240923553904,true,0.025771867940690155,0.023169620337597466,0.0,(v1+pow2(v2)),-0.9980811142572722,5.6946531683545084e-5,0.02323918302445712,5.6946531683545084e-5,6.0,0.004578983942692609,(v1+pow2(v2))
21.18510103225708,0.16750142053645692,4.0,0.0,22.0,-0.9976625853646766,true,0.02200808216564032,0.044930106860385136,1.0,(v1--0.0137427331697471),-0.9970295297486349,8.81542733461155e-5,0.031857078596470925,8.81542733461155e-5,3.0,0.007635927214623473,(v1--0.0137)
36.45780110359192,0.0,7.0,0.0,0.0,-1.0,true,0.0,0.0,0.0,sqrt_abs((pow2(v2)+(v1*v1))),-1.0,0.0,0.0,0.0,512.0,0.0,sqrt_abs((pow2(v2)+(v1*v1)))
