time,generation,mean age hall_of_fame,mean compl,mean recursive_compl,mean n_params,min mae,min mse,min max_ae,min minus_r2,min mare,min q75_are,min max_are,min ms_processed_e,min minus_spearman,max penalty
11.111196041107178,1.0,0.0,7.571428571428571,37490.57142857143,0.8571428571428571,0.0032142873155776137,2.4324440303455533e-5,0.014776172432026655,-0.9991803570767485,0.018447768627202807,0.021778471507773352,0.14007065623545492,2.4324440303455533e-5,-0.9997242146684927,3.0
16.23422908782959,7.0,2.6666666666666665,7.444444444444445,38.333333333333336,1.3333333333333333,0.0031638616226321793,2.3776747897524365e-5,0.014950635076599827,-0.9991988122682777,0.018226698221414903,0.012907226056989232,0.14172447404425195,2.3776747897524365e-5,-0.999724887695847,3.0
21.309169054031372,16.0,3.8,9.266666666666667,52.0,1.7333333333333334,0.002031448991413834,8.16500839183548e-6,0.012517085475861764,-0.9997248696675785,0.010127204482332291,0.007131295649529746,0.11865565218764651,8.16500839183548e-6,-0.9998450656436448,3.0
26.77341914176941,23.0,5.615384615384615,9.153846153846153,59.15384615384615,1.6153846153846154,0.002031448991413834,8.16500839183548e-6,0.012517085475861764,-0.9997248696675785,0.010127204482332291,0.005987312835945724,0.11865565218764651,8.16500839183548e-6,-0.9998450656436448,3.0
32.0890371799469,31.0,7.75,12.0625,2.4866161820489332e86,2.1875,0.001316675039387279,3.8693833793890555e-6,0.00978195398918618,-0.9998696162104986,0.006987167935647529,0.004876413991761068,0.0978195398918618,3.8693833793890555e-6,-0.9998779863074695,3.0
