max_are,compl,dim_penalty,age,minus_spearman,valid,max_ae,q75_are,n_params,eqs_orig,minus_r2,mse,mare,ms_processed_e,recursive_compl,mae,eqs_orig_rounded
0.769599253972468,1.0,0,7770.0,-1.0,true,31.46175895905491,0.5653544623687768,0.0,v1,-0.23207596005128772,103.97669332875144,0.36110504409031774,103.97669332875144,2.0,4.565745478711937,v1
3.0909145892667604,3.0,0,4857.0,-1.0,true,4.340517592565199,2.4047270615663336,1.0,(v1/0.25719021086919),-0.9240265326125127,10.286785552641714,1.5455147917090233,10.286785552641714,3.0,2.9611919112202605,(v1/0.257)
0.7768428976042199,4.0,0,2983.0,-1.0,true,3.241866984180281,0.7316748453017026,1.0,pow2((0.685263780835216*v1)),-0.9756600449938068,3.295622881507382,0.5554033005668516,3.295622881507382,8.0,1.447844236901633,pow2((0.685*v1))
7.53427700464736e-16,5.0,0,8328.0,-1.0,true,2.6645352591003757e-15,4.3888347930036435e-16,1.0,sqrt_abs(pow3((1.25992104989487*v1))),-1.0,1.21040845144849e-30,2.9744051487364984e-16,1.21040845144849e-30,256.0,7.105427357601002e-16,sqrt_abs(pow3((1.26*v1)))
8.192929068308079e-16,7.0,0,5975.0,-1.0,true,8.881784197001252e-16,4.481983934054282e-16,2.0,(pow3(sqrt_abs((-0.360161299406187*v1)))/0.152837726547179),-1.0,1.6547590082175131e-31,2.5460753802046135e-16,1.6547590082175131e-31,257.0,2.7200464103316337e-16,(pow3(sqrt_abs((-0.36*v1)))/0.153)
4.0964645341540396e-16,9.0,0,1953.0,-1.0,true,8.881784197001252e-16,2.9879892893695214e-16,2.0,(pow3((v1/sqrt_abs((v1/0.722577029825783))))/0.434321400945203),-1.0,1.1339875512552044e-31,1.5331937571061385e-16,1.1339875512552044e-31,131073.0,1.9984014443252818e-16,(pow3((v1/sqrt_abs((v1/0.723))))/0.434)
4.680456073730015e-16,15.0,0,1131.0,-1.0,true,8.881784197001252e-16,1.8954166015964382e-16,4.0,(pow3((v1/sqrt_abs(((v1+(-1.8038628612325298e-18/(0.879943497544639-v1)))/0.738465015482611))))/0.44872461183454),-1.0,1.013809522725441e-31,1.5148485998546061e-16,1.013809522725441e-31,2.315841784746324e77,1.8318679906315082e-16,(pow3((v1/sqrt_abs(((v1+(-1.8e-18/(0.88-v1)))/0.738))))/0.449)
4.0964645341540396e-16,17.0,0,1121.0,-1.0,true,8.881784197001252e-16,2.3825301263666076e-16,4.0,(pow3((v1/sqrt_abs(((v1+(-2.47756525830765e-18/(v1*(0.879943167385331-v1))))/0.722577029825783))))/0.434321400945203),-1.0,9.367723249499515e-32,1.1564799068737704e-16,9.367723249499515e-32,1.7976931348623157e308,1.554312234475219e-16,(pow3((v1/sqrt_abs(((v1+(-2.48e-18/(v1*(0.88-v1))))/0.723))))/0.434)
