time,generation,mean age hall_of_fame,mean compl,mean recursive_compl,mean n_params,min mae,min mse,min max_ae,min minus_r2,min mare,min q75_are,min max_are,min ms_processed_e,min minus_spearman,max penalty
13.842494010925293,1.0,0.0,6.285714285714286,37529.42857142857,0.5714285714285714,0.003914761177250551,2.996836193196831e-5,0.021195810810324775,-0.9989901779661714,0.0185047590540104,0.010427641152329862,0.16840138805832136,2.996836193196831e-5,-0.9995871487584937,3.0
20.535589933395386,8.0,2.7,8.5,9.263367138985296e76,1.4,0.0030800523435869356,1.8887566207176208e-5,0.014720520362351677,-0.9993635594576473,0.01596464819155094,0.012567212472451763,0.13954310270587295,1.8887566207176208e-5,-0.9997248876115167,2.0
