time_stamp,max_are,compl,dim_penalty,age,minus_spearman,valid,max_ae,q75_are,n_params,eqs_orig,minus_r2,mse,mare,ms_processed_e,recursive_compl,mae,eqs_orig_rounded
33.92544102668762,0.29777559420425986,1.0,0.0,25.0,-0.9976625853646766,true,0.03575081533538746,0.0586848535320886,0.0,v1,-0.9907180686703486,0.00027545871271995523,0.047923810442292776,0.00027545871271995523,2.0,0.013686038639562309,v1
30.216575145721436,0.17113758323998654,4.0,0.0,29.0,-0.9976625853646766,true,0.022391664055968152,0.04352251757349055,1.0,(0.0133591512794193+v1),-0.9970260374308744,8.825791442258395e-5,0.031785592084373086,8.825791442258395e-5,3.0,0.007624469277430044,(0.0134+v1)
53.77239799499512,0.0,6.0,0.0,0.0,-1.0,true,0.0,0.0,0.0,sqrt_abs((pow2(v2)+pow2(v1))),-1.0,0.0,0.0,0.0,256.0,0.0,sqrt_abs((pow2(v2)+pow2(v1)))
