time,generation,mean age hall_of_fame,mean compl,mean recursive_compl,mean n_params,min mae,min mse,min max_ae,min minus_r2,min mare,min q75_are,min max_are,min ms_processed_e,min minus_spearman,max penalty
17.70081615447998,1.0,0.0,10.625,8.413283625e6,1.75,0.0035107313409509858,2.3091041327358066e-5,0.01766388125667305,-0.9992219180224349,0.01780979283759124,0.013424830032803831,0.15555972187143038,2.3091041327358066e-5,-0.999650602607021,0.0
24.59422206878662,7.0,2.0,16.3125,8364.1875,3.4375,0.00305441542093136,1.8884502389892133e-5,0.013426091938779555,-0.9993636626968637,0.015714279722697816,0.011180564763868134,0.1272725746260443,1.8884502389892133e-5,-0.9997715149099273,0.0
30.03867197036743,14.0,2.5,11.375,32775.25,2.25,0.001634331019922637,5.571777381603818e-6,0.01053480674822753,-0.9998122518814907,0.0077033106891570766,0.004458962465855727,0.10534806748227529,5.571777381603818e-6,-0.9998011926032646,0.0
35.452308177948,21.0,5.5,10.0,16390.75,2.0,0.0013478221513825682,4.021330129940813e-6,0.011834108858603105,-0.9998644961716716,0.0063379852919222485,0.0038074807093807627,0.11834108858603104,4.021330129940813e-6,-0.999867951013742,0.0
40.883655071258545,28.0,7.0,14.0,1.7976931348623158e307,2.6,0.0007592704586378251,1.7590206127172085e-6,0.007886044231421922,-0.9999407275654001,0.003839506492836885,0.002205519759896934,0.07886044231421921,1.7590206127172085e-6,-0.9999654885986042,0.0
46.66546010971069,35.0,5.25,14.125,2.2471164185778946e307,2.75,0.0007592683342081593,1.7470233337995966e-6,0.003579654699277124,-0.9999411318289572,0.003839493167493216,0.0022055158219784947,0.005996720984063123,1.7470233337995966e-6,-0.9999819488079675,0.0
52.39899206161499,42.0,9.125,13.625,Inf,2.25,0.0006818046054344989,1.6769805580709212e-6,0.003579654699277124,-0.9999434920092835,0.003551259955931914,0.0019391044588048683,0.005996720984063123,1.6769805580709212e-6,-0.9999819488079675,0.0
