max_are,compl,dim_penalty,age,minus_spearman,valid,max_ae,q75_are,n_params,eqs_orig,minus_r2,mse,mare,ms_processed_e,recursive_compl,mae,eqs_orig_rounded
10.185334690403655,1.0,0,933.0,-0.5773502691896257,true,1.9569960971961058,2.5475962305842357,1.0,1.01853346904037,0.009721914035286883,1.6061051486064977,2.365994229978803,1.6061051486064977,1.0,1.094919343570776,1.02
1.0246544975301835,4.0,0,898.0,-1.0,true,1.1685420662996413,0.8963145604182846,1.0,exp((v1-4.73372637270962)),-0.6421937623204321,0.5691412977698245,0.6610186942310601,0.5691412977698245,8.0,0.6627247378332529,exp((v1-4.73))
1.462362493346851,5.0,0,619.0,-1.0,true,0.6065169651594247,0.5483338867951153,1.0,(v1/(7.83824978108772-v1)),-0.9149696420472377,0.1352527797975595,0.4892370171118865,0.1352527797975595,7.0,0.31896707435410404,(v1/(7.84-v1))
1.6326311807433624,6.0,0,16.0,-1.0,true,0.249047254708765,0.33117442980613016,2.0,(-1.10762768922997+exp((v1/4.17156690788938))),-0.9857290127811803,0.022700018420163653,0.359517572219851,0.022700018420163653,9.0,0.13730516705411686,(-1.11+exp((v1/4.17)))
0.784664170114598,8.0,0,652.0,-1.0,true,0.11801185428554517,0.14807604717070527,2.0,log((sqrt_abs((exp(v1)--6.23259089442488))-2.06726780832347)),-0.9960830040892121,0.006230534577827467,0.17636390379641897,0.006230534577827467,8.589934592e9,0.07256946232514569,log((sqrt_abs((exp(v1)--6.23))-2.07))
1.2116493008221723e-16,9.0,0,201.0,-1.0,true,1.1102230246251565e-16,0.0,3.0,log((0.4+(0.3*exp((0.693147180559945*v1))))),-1.0,1.5407439555097887e-33,1.5145616260277154e-17,1.5407439555097887e-33,1024.0,1.3877787807814457e-17,log((0.4+(0.3*exp((0.693*v1)))))
0.0,14.0,0,0.0,-1.0,true,0.0,0.0,5.0,log(((0.000453451971666129-(-0.00353376209191796*pow2((-0.310225594295562*exp((0.346573590279973*v1))))))/0.00113362992916532)),-1.0,0.0,0.0,0.0,1.0726246343954078e155,0.0,log(((0.000453-(-0.00353*pow2((-0.31*exp((0.347*v1))))))/0.00113))
