max_are,compl,dim_penalty,age,minus_spearman,valid,max_ae,q75_are,n_params,eqs_orig,minus_r2,mse,mare,ms_processed_e,recursive_compl,mae,eqs_orig_rounded
0.1678665302305353,1.0,0,5759.0,100.0,true,2.5817243778115273,0.13070363629611176,1.0,12.7979011750964,0.008971270620255822,1.834984948572742,0.08818109992078474,1.834984948572742,1.0,1.1531862412910767,12.8
0.016952539064913303,4.0,0,657.0,-1.0,true,0.2582415784338199,0.014514498007306587,1.0,log((8.34022221915104e6/v1)),-0.9889982619012128,0.020008521954250996,0.009335538237709622,0.020008521954250996,8.0,0.12095456899811388,log((8.34e6/v1))
4.2683845591343105e-15,6.0,0,5779.0,-1.0,true,4.796163466380676e-14,2.9212555031463217e-15,2.0,(15.65+(-0.905069700286375*log(v1))),-1.0,9.819497821758779e-28,2.2470588659972035e-15,9.819497821758779e-28,6.0,2.862667368110404e-14,(15.6+(-0.905*log(v1)))
4.087673587255396e-15,8.0,0,3524.0,-1.0,true,4.973799150320701e-14,2.672544482763662e-15,3.0,((-11.403719488782-(-0.659499104144524*log(v1)))/-0.728672171807154),-1.0,9.690852812599661e-28,2.224187393039198e-15,9.690852812599661e-28,7.0,2.8353388013503998e-14,((-11.4-(-0.659*log(v1)))/-0.729)
3.616018942572081e-15,10.0,0,3933.0,-1.0,true,5.1514348342607263e-14,2.8648656330670884e-15,3.0,(11.4972117384901-(0.905069700286378*log(((1.01016949292941*v1)-v1)))),-1.0,8.433529892893556e-28,2.0335515591575358e-15,8.433529892893556e-28,34.0,2.603045983890367e-14,(11.5-(0.905*log(((1.01*v1)-v1))))
3.4028178448132028e-15,12.0,0,1579.0,-1.0,true,4.618527782440651e-14,2.6824432753453432e-15,3.0,((-0.452534850143186*log((v1*(v1+(-0.998175191240103*v1)))))--12.7961884860786),-1.0,6.259914690969198e-28,1.6206483469683901e-15,6.259914690969198e-28,2050.0,2.0769710737602927e-14,((-0.453*log((v1*(v1+(-0.998*v1)))))--12.8)
3.696020989929781e-15,16.0,0,79.0,-1.0,true,5.684341886080802e-14,2.4281727766056724e-15,3.0,((log((v1*(v1+(-0.997724166872858*v1))))*(v1+(-0.452534850143186-v1)))--12.8961403121642),-1.0,5.969856604280241e-28,1.5432518881552973e-15,5.969856604280241e-28,10242.0,2.029146081930286e-14,((log((v1*(v1+(-0.998*v1))))*(v1+(-0.453-v1)))--12.9)
