time_stamp,max_are,compl,dim_penalty,age,minus_spearman,valid,max_ae,q75_are,n_params,eqs_orig,minus_r2,mse,mare,ms_processed_e,recursive_compl,mae,eqs_orig_rounded
13.495612144470215,3.805674483283391,2.0,0.0,0.0,100.0,true,0.3805674483283391,0.49486828090453927,1.0,0.380567448328339,8.512200195776032e-5,0.029679400820064608,0.6614765465349925,0.029679400820064608,1.0,0.14521705964266213,0.381
13.218330144882202,0.29777559420425986,3.0,0.0,0.0,-0.9976633196502763,true,0.03575081533538746,0.0586848535320886,0.0,sqrt_abs(pow2(v1)),-0.9907180686703486,0.00027545871271995523,0.04792381044229276,0.00027545871271995523,16.0,0.013686038639562309,sqrt_abs(pow2(v1))
10.991810083389282,0.0,6.0,0.0,1.0,-1.0,true,0.0,0.0,0.0,sqrt_abs((pow2(v2)+pow2(v1))),-1.0,0.0,0.0,0.0,256.0,0.0,sqrt_abs((pow2(v2)+pow2(v1)))
