time,generation,mean age hall_of_fame,mean compl,mean recursive_compl,mean n_params,min mae,min mse,min max_ae,min minus_r2,min mare,min q75_are,min max_are,min ms_processed_e,min minus_spearman,max penalty
12.550344944000244,1.0,0.0,7.25,32841.5,0.75,0.006939416625553188,7.709946501298363e-5,0.020159266331543912,-0.9974020355619286,0.031147442086489844,0.04104517591115691,0.16468589389175028,7.709946501298363e-5,-0.9984731137251721,7.0
18.367576837539673,4.0,1.1428571428571428,6.571428571428571,64.71428571428571,1.1428571428571428,0.006939416625556128,7.70994650129797e-5,0.02015926633158127,-0.9974020355619287,0.028739200796014535,0.03755477913870506,0.16468589371318001,7.70994650129797e-5,-0.9984731746353628,1.0
23.589751958847046,16.0,8.166666666666666,7.166666666666667,1.9298681539552698e76,1.3333333333333333,0.003067950726307287,1.8888168471998026e-5,0.014158519701719177,-0.9993635391635689,0.016095837994396213,0.0120846616678058,0.134215620118506,1.8888168471998026e-5,-0.9997243983075365,2.0
30.272485971450806,26.0,4.666666666666667,10.444444444444445,58264.11111111111,1.7777777777777777,0.0017623632466857015,6.33912400974515e-6,0.010964781907378304,-0.9997863951618462,0.00893712936540306,0.006790535809933686,0.10832273287571514,6.33912400974515e-6,-0.9998675226969314,3.0
35.807705879211426,36.0,4.6923076923076925,14.615384615384615,687.8461538461538,2.3846153846153846,0.0003717512872878977,3.984792120479087e-7,0.00307472917255091,-0.9999865727366326,0.002010887092079022,0.0014416459009205347,0.0307472917255091,3.984792120479087e-7,-0.9999657945399761,7.0
40.8642578125,44.0,7.785714285714286,14.142857142857142,618.9285714285714,2.357142857142857,0.0003717513389852885,3.984792120479087e-7,0.00307472917255091,-0.9999865727366326,0.002010887575851475,0.0014416493730293337,0.0307472917255091,3.984792120479087e-7,-0.9999657945399761,7.0
46.1318998336792,52.0,10.25,15.0625,32984.375,2.375,0.00034472430151095143,3.162616595676965e-7,0.0030236854469300684,-0.9999893431615311,0.0017549922014726872,0.00124853305781916,0.030236854469300682,3.162616595676965e-7,-0.9999500074044112,11.0
51.718466997146606,60.0,11.133333333333333,13.066666666666666,1.2297829382473385e18,2.0,0.0001913858844680279,1.364386270587614e-7,0.002518512201908866,-0.9999954025270991,0.001057027437500398,0.0007081898853663213,0.02518512201908866,1.364386270587614e-7,-0.9999812757185387,11.0
