time,generation,mean age hall_of_fame,mean compl,mean recursive_compl,mean n_params,min mae,min mse,min max_ae,min minus_r2,min mare,min q75_are,min max_are,min ms_processed_e,min minus_spearman,max penalty
15.742133140563965,1.0,0.0,8.857142857142858,1.6541727033902313e76,1.4285714285714286,0.0031116617729818434,1.873134633148593e-5,0.014663374486478836,-0.9993688234848555,0.0161760381356466,0.01370368976677039,0.13900138864754813,1.873134633148593e-5,-0.9997709025987506,0.0
21.514387130737305,7.0,3.4444444444444446,9.555555555555555,328.1111111111111,1.7777777777777777,0.0022981741953093274,1.1631031158923651e-5,0.014663374486478836,-0.9996080776264284,0.01137829071345882,0.00827110096053371,0.13900138864754813,1.1631031158923651e-5,-0.9997709025987506,0.0
26.560950994491577,13.0,4.8,10.266666666666667,752.4,2.066666666666667,0.0006434697278038221,5.87561411776223e-7,0.0029782889819175216,-0.9999802013716603,0.002275935516024694,0.00223200620862211,0.029782889819175214,5.87561411776223e-7,-0.9999582680685795,0.0
