time_stamp,max_are,compl,dim_penalty,age,minus_spearman,valid,max_ae,q75_are,n_params,eqs_orig,minus_r2,mse,mare,ms_processed_e,recursive_compl,mae,eqs_orig_rounded
26.61186909675598,1.0419224797764106,2.0,0.0,1.0,-0.9976603739228155,true,0.11115854029616656,0.23214525130977412,0.0,(0.666809872485116*sqrt_abs(v1)),-0.871826071832677,0.003803801601552774,0.21102448753233927,0.003803801601552774,4.0,0.05402659029676312,(0.667*sqrt_abs(v1))
17.08059310913086,0.29777559420425986,3.0,0.0,13.0,-0.9976633196502763,true,0.03575081533538746,0.0586848535320886,0.0,sqrt_abs(pow2(v1)),-0.9907180686703486,0.00027545871271995523,0.04792381044229276,0.00027545871271995523,16.0,0.013686038639562309,sqrt_abs(pow2(v1))
27.01810121536255,0.1623132022673755,4.0,0.0,1.0,-0.9976626464120878,true,0.021460772616165025,0.04431605670465601,1.0,(0.0142900427192224+v1),-0.9970173449528107,8.851588000460859e-5,0.0320032189884458,8.851588000460859e-5,3.0,0.007675153687205314,(0.0143+v1)
27.790024995803833,0.0,7.0,0.0,0.0,-1.0,true,0.0,0.0,0.0,sqrt_abs((pow2(v2)+(v1*v1))),-1.0,0.0,0.0,0.0,512.0,0.0,sqrt_abs((pow2(v2)+(v1*v1)))
