time_stamp,max_are,compl,dim_penalty,age,minus_spearman,valid,max_ae,q75_are,n_params,eqs_orig,minus_r2,mse,mare,ms_processed_e,recursive_compl,mae,eqs_orig_rounded
14.381373882293701,3.8009424029306818,2.0,0.0,8.0,-0.01276879352845558,true,0.3800942402930682,0.49300952055784425,1.0,0.380094240293068,4.198077687189716e-5,0.029678120523334836,0.6608173128328587,0.029678120523334836,1.0,0.14525584718653684,0.38
11.148000001907349,0.29777559420425986,3.0,0.0,12.0,-0.9976633196502763,true,0.03575081533538746,0.0586848535320886,0.0,sqrt_abs(pow2(v1)),-0.9907180686703486,0.00027545871271995523,0.04792381044229276,0.00027545871271995523,16.0,0.013686038639562309,sqrt_abs(pow2(v1))
11.283411026000977,0.24430429947079627,4.0,3.0,11.0,-0.9997240923553904,true,0.025771867940690155,0.023169620337597466,0.0,(v1+pow2(v2)),-0.9980811142572722,5.6946531683545084e-5,0.02323918302445712,5.6946531683545084e-5,6.0,0.004578983942692609,(v1+pow2(v2))
18.665616035461426,0.16965182777062693,4.0,0.0,0.0,-0.9976625853646766,true,0.022234930450250046,0.0440976660616441,1.0,(0.0135158848851374+v1),-0.9970286624729975,8.818001137650754e-5,0.03181007524836727,8.818001137650754e-5,3.0,0.0076265410633406805,(0.0135+v1)
18.681999921798706,0.0,6.0,0.0,0.0,-1.0,true,0.0,0.0,0.0,sqrt_abs((pow2(v1)+pow2(v2))),-1.0,0.0,0.0,0.0,256.0,0.0,sqrt_abs((pow2(v1)+pow2(v2)))
