time,generation,mean age hall_of_fame,mean compl,mean recursive_compl,mean n_params,min mae,min mse,min max_ae,min minus_r2,min mare,min q75_are,min max_are,min ms_processed_e,min minus_spearman,max penalty
10.220226049423218,1.0,0.0,6.636363636363637,29909.363636363636,0.6363636363636364,0.0076265410625211165,8.818001139352078e-5,0.022234930500243527,-0.9970286624724242,0.031810075240271525,0.04369261022864233,0.1696518282445395,8.818001139352078e-5,-0.9976633190782415,3.0
15.60300898551941,9.0,4.222222222222222,6.777777777777778,489.8888888888889,1.1111111111111112,0.0030767931301224015,1.8864434160603713e-5,0.014632051715188082,-0.9993643389213488,0.016122137256414617,0.011786238841234845,0.1387044645861926,1.8864434160603713e-5,-0.9997712088453559,3.0
