time_stamp,max_are,compl,dim_penalty,age,minus_spearman,valid,max_ae,q75_are,n_params,eqs_orig,minus_r2,mse,mare,ms_processed_e,recursive_compl,mae,eqs_orig_rounded
13.318888902664185,3.767529419110754,2.0,0.0,633.0,-0.15645120233322984,true,0.3767529419110754,0.4798849062740461,1.0,0.376752941911075,0.00016683532044403648,0.029681825815975792,0.6562234521532352,0.029681825815975792,1.0,0.1455527535561818,0.377
13.31558895111084,0.29777559420425986,3.0,0.0,633.0,-0.9976633196502763,true,0.03575081533538746,0.0586848535320886,0.0,sqrt_abs(pow2(v1)),-0.9907180686703486,0.00027545871271995523,0.04792381044229276,0.00027545871271995523,16.0,0.013686038639562309,sqrt_abs(pow2(v1))
14.995926856994629,0.16582027445807843,4.0,0.0,629.0,-0.9976625853646766,true,0.021830736638710047,0.044188515300986414,1.0,(0.0139200786966774+v1),-0.997027792352795,8.820583382469706e-5,0.031900351554273926,8.820583382469706e-5,3.0,0.007646587328264089,(0.0139+v1)
28.854710817337036,0.24430429947079627,4.0,3.0,612.0,-0.9997240923553904,true,0.025771867940690155,0.023169620337597466,0.0,(v1+pow2(v2)),-0.9980811142572722,5.6946531683545084e-5,0.02323918302445712,5.6946531683545084e-5,6.0,0.004578983942692609,(v1+pow2(v2))
19.448006868362427,0.24430429947079627,6.0,1.0,625.0,-0.999724826640541,true,0.025771867940690155,0.023169620337597466,0.0,sqrt_abs(pow2((v1+pow2(v2)))),-0.9980811142572722,5.6946531683545084e-5,0.023239183024457107,5.6946531683545084e-5,1.8446744073709552e19,0.004578983942692608,sqrt_abs(pow2((v1+pow2(v2))))
20.422199010849,0.2443042994707964,6.0,3.0,623.0,-0.9997218886332745,true,0.025771867940690182,0.023169620337597403,0.0,log(exp((v1+pow2(v2)))),-0.9980811142572722,5.694653168354508e-5,0.02323918302445712,5.694653168354508e-5,1.8446744073709552e19,0.00457898394269261,log(exp((v1+pow2(v2))))
671.5005509853363,0.0,7.0,0.0,0.0,-1.0,true,0.0,0.0,0.0,sqrt_abs((pow2(v1)+(v2*v2))),-1.0,0.0,0.0,0.0,512.0,0.0,sqrt_abs((pow2(v1)+(v2*v2)))
