time,generation,mean age hall_of_fame,mean compl,mean recursive_compl,mean n_params,min mae,min mse,min max_ae,min minus_r2,min mare,min q75_are,min max_are,min ms_processed_e,min minus_spearman,max penalty
10.493618965148926,1.0,0.0,12.0,134.5,2.0,0.007519518050951086,8.658289298830578e-5,0.019906259431435508,-0.9970824794064255,0.03191927228386253,0.041373779492843606,0.16508520775677454,8.658289298830578e-5,-0.9976624626976136,0.0
15.727104902267456,5.0,2.0,4.4,57.2,0.8,0.004643236530158058,4.637689232701464e-5,0.021753193755012418,-0.9984372716854318,0.02128998094835176,0.011694300158157698,0.16508520706116753,4.637689232701464e-5,-0.9997515055150953,0.0
