time_stamp,max_are,compl,dim_penalty,age,minus_spearman,valid,max_ae,q75_are,n_params,eqs_orig,minus_r2,mse,mare,ms_processed_e,recursive_compl,mae,eqs_orig_rounded
19.459959030151367,0.29777559420425986,1.0,0.0,0.0,-0.9976625853646766,true,0.03575081533538746,0.0586848535320886,0.0,v1,-0.9907180686703486,0.00027545871271995523,0.047923810442292776,0.00027545871271995523,2.0,0.013686038639562309,v1
18.869744062423706,0.1650852744776455,4.0,0.0,1.0,-0.9976626464120878,true,0.02175320086683391,0.04423064704509981,1.0,(0.0139976144685535+v1),-0.9970263668405283,8.824813857357414e-5,0.03191927056645706,8.824813857357414e-5,3.0,0.0076512479484315025,(0.014+v1)
19.53196096420288,0.0,7.0,0.0,0.0,-1.0,true,0.0,0.0,0.0,sqrt_abs((pow2(v2)+(v1*v1))),-1.0,0.0,0.0,0.0,512.0,0.0,sqrt_abs((pow2(v2)+(v1*v1)))
