max_are,compl,dim_penalty,age,minus_spearman,valid,max_ae,q75_are,n_params,eqs_orig,minus_r2,mse,mare,ms_processed_e,recursive_compl,mae,eqs_orig_rounded
0.769599253972468,1.0,0,9569.0,-1.0,true,31.46175895905491,0.5653544623687768,0.0,v1,-0.23207596005128772,103.97669332875144,0.36110504409031774,103.97669332875144,2.0,4.565745478711937,v1
3.09715260006572,3.0,0,613.0,-1.0,true,4.359156076036115,2.4099187427207833,1.0,(v1/0.256798632749117),-0.9239413786235021,10.298315378171932,1.5490913382930538,10.298315378171932,3.0,2.9637170868933334,(v1/0.257)
0.7761556275872742,4.0,0,6505.0,-1.0,true,3.2275743974881204,0.7308484685848667,1.0,(pow2(v1)/2.12299502801526),-0.9756725663982647,3.2939274869583897,0.5546500017654263,3.2939274869583897,5.0,1.4563228585712042,(pow2(v1)/2.12)
7.53427700464736e-16,5.0,0,9577.0,-1.0,true,2.6645352591003757e-15,4.3888347930036435e-16,1.0,sqrt_abs(pow3((1.25992104989487*v1))),-1.0,1.21040845144849e-30,2.9744051487364984e-16,1.21040845144849e-30,256.0,7.105427357601002e-16,sqrt_abs(pow3((1.26*v1)))
8.192929068308079e-16,7.0,0,4702.0,-1.0,true,8.881784197001252e-16,5.650287010792393e-16,2.0,(4.36581277545865*pow3(sqrt_abs((-0.471664576190282*v1)))),-1.0,1.7163887664379047e-31,2.992482940319845e-16,1.7163887664379047e-31,257.0,2.9420910152566647e-16,(4.37*pow3(sqrt_abs((-0.472*v1))))
5.172431664332682e-16,9.0,0,7923.0,-1.0,true,2.220446049250313e-16,1.4126769383713802e-16,2.0,(pow3((v1/sqrt_abs((0.631373799634101*v1))))/1.40946783167487),-1.0,1.479114197289397e-32,1.115246544964856e-16,1.479114197289397e-32,131073.0,6.661338147750939e-17,(pow3((v1/sqrt_abs((0.631*v1))))/1.41)
