time,generation,mean age hall_of_fame,mean compl,mean recursive_compl,mean n_params,min mae,min mse,min max_ae,min minus_r2,min mare,min q75_are,min max_are,min ms_processed_e,min minus_spearman,max penalty
11.34224820137024,1.0,0.0,5.777777777777778,36593.88888888889,0.5555555555555556,0.007496589433443232,8.597301566846408e-5,0.022345863382925296,-0.9971030299976424,0.030423347863201017,0.04339175519038232,0.1707034159778861,8.597301566846408e-5,-0.9976620944102188,6.0
17.18617606163025,8.0,3.5714285714285716,7.142857142857143,63.57142857142857,1.1428571428571428,0.0045807868481483535,5.6973208399336855e-5,0.02219974312290418,-0.9980802153514375,0.023242713512716544,0.022945518619497736,0.17070340289825267,5.6973208399336855e-5,-0.9996707347671506,4.0
22.2793390750885,16.0,2.6923076923076925,9.846153846153847,2.837960626724627e18,1.5384615384615385,0.00306798358926653,1.8889867937229755e-5,0.014831315515756352,-0.9993634818979286,0.015992853192953356,0.012921653761842403,0.14059338483519215,1.8889867937229755e-5,-0.999767292498712,3.0
28.871641159057617,25.0,6.0,5.875,179.375,0.75,0.0012960871906447366,2.4292293896154484e-6,0.0031873573609484673,-0.9999181440290789,0.004419116446892038,0.005625890257518277,0.02481815601687882,2.4292293896154484e-6,-0.9998922436348683,1.0
33.880439043045044,33.0,8.0,8.928571428571429,2.4305883351495603e37,1.2142857142857142,2.715685001750998e-9,1.794645125194784e-17,2.4040401039456744e-8,-0.9999999999999994,1.2855069321639069e-8,1.204802772382471e-8,2.404040103945674e-7,1.794645125194784e-17,-0.9999971852354489,5.0
