time_stamp,max_are,compl,dim_penalty,age,minus_spearman,valid,max_ae,q75_are,n_params,eqs_orig,minus_r2,mse,mare,ms_processed_e,recursive_compl,mae,eqs_orig_rounded
21.771128177642822,0.29777559420425986,1.0,0.0,19.0,-0.9976625853646766,true,0.03575081533538746,0.0586848535320886,0.0,v1,-0.9907180686703486,0.00027545871271995523,0.047923810442292776,0.00027545871271995523,2.0,0.013686038639562309,v1
25.886812210083008,0.1707021218388437,4.0,0.0,11.0,-0.9976626464120878,true,0.022345726863099158,0.043691088358981,1.0,(0.0134050884722883+v1),-0.9970269783099274,8.822999207285377e-5,0.0317921333049969,8.822999207285377e-5,3.0,0.007624724728703798,(0.0134+v1)
28.631985187530518,0.24430429947079627,4.0,1.0,9.0,-0.9997240923553904,true,0.025771867940690155,0.023169620337597466,0.0,(v1+pow2(v2)),-0.9980811142572722,5.6946531683545084e-5,0.02323918302445712,5.6946531683545084e-5,6.0,0.004578983942692609,(v1+pow2(v2))
29.927163124084473,0.2443042994707964,6.0,5.0,7.0,-0.9997218886332745,true,0.025771867940690182,0.023169620337597403,0.0,log(exp((v1+pow2(v2)))),-0.9980811142572722,5.694653168354508e-5,0.02323918302445712,5.694653168354508e-5,1.8446744073709552e19,0.00457898394269261,log(exp((v1+pow2(v2))))
30.957149982452393,0.17067926263566233,6.0,0.0,5.0,-0.9976626464120878,true,0.022343315426350402,0.04369993734955934,1.0,sqrt_abs(pow2((0.0134074999090371+v1))),-0.9970270237719951,8.822864290076513e-5,0.03179252380375471,8.822864290076513e-5,256.0,0.007624764260453777,sqrt_abs(pow2((0.0134+v1)))
34.41076707839966,0.0,7.0,0.0,0.0,-1.0,true,0.0,0.0,0.0,sqrt_abs((pow2(v2)+(v1*v1))),-1.0,0.0,0.0,0.0,512.0,0.0,sqrt_abs((pow2(v2)+(v1*v1)))
