time_stamp,max_are,compl,dim_penalty,age,minus_spearman,valid,max_ae,q75_are,n_params,eqs_orig,minus_r2,mse,mare,ms_processed_e,recursive_compl,mae,eqs_orig_rounded
23.34139394760132,0.29777559420425986,1.0,0.0,74.0,-0.9976625853646766,true,0.03575081533538746,0.0586848535320886,0.0,v1,-0.9907180686703486,0.00027545871271995523,0.047923810442292776,0.00027545871271995523,2.0,0.013686038639562309,v1
40.47491407394409,0.16420604678410786,4.0,0.0,49.0,-0.9976625853646766,true,0.021660450391067704,0.04514090580752708,1.0,(0.0140903649443198+v1),-0.9970241293992795,8.831453883708152e-5,0.03194190202208787,8.831453883708152e-5,3.0,0.007656823113641506,(0.0141+v1)
17.118396997451782,0.16591837259177586,6.0,0.0,84.0,-0.9976633806977325,true,0.021841085094109147,0.04429199985497734,1.0,(0.0139097302412783+sqrt_abs(pow2(v1))),-0.9970279519658173,8.820109700904087e-5,0.0318978264932726,8.820109700904087e-5,17.0,0.0076459652899614075,(0.0139+sqrt_abs(pow2(v1)))
74.05459499359131,0.0,7.0,0.0,0.0,-1.0,true,0.0,0.0,0.0,sqrt_abs((pow2(v2)+(v1*v1))),-1.0,0.0,0.0,0.0,512.0,0.0,sqrt_abs((pow2(v2)+(v1*v1)))
