time,generation,mean age hall_of_fame,mean compl,mean recursive_compl,mean n_params,min mae,min mse,min max_ae,min minus_r2,min mare,min q75_are,min max_are,min ms_processed_e,min minus_spearman,max penalty
13.983182907104492,1.0,0.0,7.5,32819.666666666664,0.6666666666666666,0.0032493779189669892,2.4698470720563022e-5,0.014174187659130411,-0.9991677536465919,0.01874180417368739,0.02159497682673619,0.1417418765913041,2.4698470720563022e-5,-0.9997241535288712,3.0
20.525599002838135,8.0,2.5714285714285716,7.285714285714286,2.6352491533870787e18,1.0,0.0032493779189669892,2.2748525898056012e-5,0.014174187659130411,-0.9992334595150337,0.01781264825524645,0.013036368688808635,0.1417418765913041,2.2748525898056012e-5,-0.999724826640541,2.0
25.676857948303223,16.0,3.0,8.333333333333334,17.166666666666668,1.1666666666666667,0.003142249300169877,2.2748525898056012e-5,0.014271508511986677,-0.9992334595150337,0.01781264825524645,0.013036351466701717,0.13528669700761464,2.2748525898056012e-5,-0.9997375536715494,3.0
