time_stamp,max_are,compl,dim_penalty,age,minus_spearman,valid,max_ae,q75_are,n_params,eqs_orig,minus_r2,mse,mare,ms_processed_e,recursive_compl,mae,eqs_orig_rounded
15.886878967285156,0.29777559420425986,1.0,0.0,65.0,-0.9976625853646766,true,0.03575081533538746,0.0586848535320886,0.0,v1,-0.9907180686703486,0.00027545871271995523,0.047923810442292776,0.00027545871271995523,2.0,0.013686038639562309,v1
13.495334148406982,0.24430429947079627,4.0,1.0,68.0,-0.9997240923553904,true,0.025771867940690155,0.023169620337597466,0.0,(v1+pow2(v2)),-0.9980811142572722,5.6946531683545084e-5,0.02323918302445712,5.6946531683545084e-5,6.0,0.004578983942692609,(v1+pow2(v2))
31.01431393623352,0.16297628321799393,4.0,0.0,41.0,-0.9976625853646766,true,0.021530721588534085,0.04462776771495534,1.0,(0.0142200937468534+v1),-0.9970200273805098,8.843627393398633e-5,0.03198001459757621,8.843627393398633e-5,3.0,0.007667891225593235,(0.0142+v1)
56.48688292503357,0.0,6.0,0.0,0.0,-1.0,true,0.0,0.0,0.0,sqrt_abs((pow2(v1)+pow2(v2))),-1.0,0.0,0.0,0.0,256.0,0.0,sqrt_abs((pow2(v1)+pow2(v2)))
