max_are,compl,dim_penalty,age,minus_spearman,valid,max_ae,q75_are,n_params,eqs_orig,minus_r2,mse,mare,ms_processed_e,recursive_compl,mae,eqs_orig_rounded
6.223456643820109,1.0,0,81.0,-0.5773502691896257,true,2.3531839018544605,1.9456142911292704,1.0,0.622345664382011,0.046455025109407355,1.6645343438140183,1.6887845919410485,1.6645343438140183,1.0,1.0949193435707762,0.622
11.686181469860486,4.0,0,1065.0,-1.0,true,1.3566749439387324,2.3801595281141603,1.0,exp((v1/6.41757986263304)),-0.574516311555235,0.6767918306617422,2.4092803136457714,0.6767918306617422,8.0,0.7089385986800989,exp((v1/6.42))
2.7643075431069652,5.0,0,689.0,-1.0,true,0.916290731874155,1.11751857722709,1.0,(0.167663727776928*sqrt_abs(exp(v1))),-0.8697224754670649,0.20722478138940728,0.7535180118605318,0.20722478138940728,17.0,0.38392504368330005,(0.168*sqrt_abs(exp(v1)))
1.8009970261696928,6.0,0,787.0,-1.0,true,0.32348918706839713,0.330270925295555,2.0,(-1.09994477469278+exp((v1/4.05030765259791))),-0.980534822401367,0.03096211097842104,0.38257640573425894,0.03096211097842104,9.0,0.14283110302138208,(-1.1+exp((v1/4.05)))
1.795773228282449,7.0,0,664.0,-1.0,true,0.3239211367541439,0.3303380764315581,2.0,(-1.10051579169707+pow2(exp((v1/8.0993688559953)))),-0.9805351494599187,0.030961590745655583,0.38175770764137207,0.030961590745655583,257.0,0.14283608729731195,(-1.1+pow2(exp((v1/8.1))))
0.8196339860990782,8.0,0,1158.0,-1.0,true,0.1098470647850941,0.15623293459410104,2.0,log((-2.14675466224094+sqrt_abs((6.6947124299433+exp(v1))))),-0.996118800875657,0.006173594739032797,0.17638027007107815,0.006173594739032797,8.589934592e9,0.07113580930864424,log((-2.15+sqrt_abs((6.69+exp(v1)))))
4.4408920985006246e-15,9.0,0,633.0,-1.0,true,5.551115123125783e-16,9.956278855440363e-16,3.0,log((0.4+(0.3*exp((0.693147180559945*v1))))),-1.0,1.4637067577342992e-31,9.659503315852645e-16,1.4637067577342992e-31,1024.0,3.191891195797325e-16,log((0.4+(0.3*exp((0.693*v1)))))
1.3468197811170374e-16,10.0,0,182.0,-1.0,true,2.220446049250313e-16,3.029123252055431e-17,3.0,log(((0.3*pow2(exp((0.346573590279973*v1))))--0.4)),-1.0,7.703719777548943e-33,3.198086352424012e-17,7.703719777548943e-33,4.631683569492648e77,4.163336342344337e-17,log(((0.3*pow2(exp((0.347*v1))))--0.4))
0.0,13.0,0,0.0,-1.0,true,0.0,0.0,4.0,log(((pow2(pow3((0.531085155128258*exp((0.115524530093324*v1)))))--0.0299173904788548)/0.0747934761971371)),-1.0,0.0,0.0,0.0,1.7976931348623157e308,0.0,log(((pow2(pow3((0.531*exp((0.116*v1)))))--0.0299)/0.0748))
