time_stamp,max_are,compl,dim_penalty,age,minus_spearman,valid,max_ae,q75_are,n_params,eqs_orig,minus_r2,mse,mare,ms_processed_e,recursive_compl,mae,eqs_orig_rounded
17.807621955871582,0.29777559420425986,1.0,0.0,6.0,-0.9976625853646766,true,0.03575081533538746,0.0586848535320886,0.0,v1,-0.9907180686703486,0.00027545871271995523,0.047923810442292776,0.00027545871271995523,2.0,0.013686038639562309,v1
20.87277889251709,0.16949481117469112,4.0,0.0,2.0,-0.9976624626976136,true,0.022218366636253678,0.0441584485118049,1.0,(0.0135324486991338+v1),-0.9970288431669015,8.817464894616354e-5,0.03181275752846172,8.817464894616354e-5,3.0,0.007626812601275045,(0.0135+v1)
21.984142065048218,0.0,6.0,0.0,0.0,-1.0,true,0.0,0.0,0.0,sqrt_abs((pow2(v2)+pow2(v1))),-1.0,0.0,0.0,0.0,256.0,0.0,sqrt_abs((pow2(v2)+pow2(v1)))
