time,generation,mean age hall_of_fame,mean compl,mean recursive_compl,mean n_params,min mae,min mse,min max_ae,min minus_r2,min mare,min q75_are,min max_are,min ms_processed_e,min minus_spearman,max penalty
10.522333860397339,1.0,0.0,8.0,2829.3333333333335,1.0,0.013686038639562309,0.00027549601832839394,0.03592992679344692,-0.9907168116104709,0.04792381044229275,0.05885265634750517,0.29829468938894194,0.00027549601832839394,-0.9976631966972782,0.0
15.83075499534607,4.0,0.6666666666666666,5.333333333333333,48.5,1.1666666666666667,0.0045913266758513035,4.639532654297651e-5,0.020349282851577943,-0.998436650521102,0.021305057345639818,0.012415229069187173,0.1675967336702161,4.639532654297651e-5,-0.9997575634903613,0.0
21.223445892333984,10.0,1.8,7.2,31.0,1.4,0.0030641254251915053,1.889611388401611e-5,0.014348694121527922,-0.9993632714328153,0.016313083639666607,0.01263400852544857,0.13601837762586083,1.889611388401611e-5,-0.9997713312403171,0.0
