max_are,compl,dim_penalty,age,minus_spearman,valid,max_ae,q75_are,n_params,eqs_orig,minus_r2,mse,mare,ms_processed_e,recursive_compl,mae,eqs_orig_rounded
0.16414619705310096,1.0,0,3384.0,100.0,true,2.524507046610527,0.13352340950375716,1.0,12.8551185062974,0.0027341362865191954,1.8236416646181879,0.0885753432526253,1.8236416646181879,1.0,1.153186241291077,12.9
0.017020615464278695,4.0,0,92.0,-1.0,true,0.2574845539388235,0.014581212183246029,1.0,log((8.33391085586715e6/v1)),-0.9889986536823939,0.02000780943389335,0.009340754347110876,0.02000780943389335,8.0,0.12095456899811388,log((8.33e6/v1))
4.2683845591343105e-15,6.0,0,2885.0,-1.0,true,4.796163466380676e-14,2.9212555031463217e-15,2.0,(15.65-(0.905069700286375*log(v1))),-1.0,9.819497821758779e-28,2.2470588659972035e-15,9.819497821758779e-28,6.0,2.862667368110404e-14,(15.6-(0.905*log(v1)))
4.2683845591343105e-15,8.0,0,2566.0,-1.0,true,4.973799150320701e-14,2.920751226686593e-15,3.0,(16.1406106010901+(-0.905069700286374*log((1.71956166587396*v1)))),-1.0,9.772166167445518e-28,2.249256666717057e-15,9.772166167445518e-28,10.0,2.8694995098004045e-14,(16.1+(-0.905*log((1.72*v1))))
4.4384580584520036e-15,11.0,0,570.0,-1.0,true,6.394884621840902e-14,2.5876928269798984e-15,3.0,(9.72368111334919+(-0.452534850143188*log(pow2((v1+(-1.00143310141823*v1)))))),-1.0,8.571883959347701e-28,1.886415480013965e-15,8.571883959347701e-28,4.294967298e9,2.4390745833303438e-14,(9.72+(-0.453*log(pow2((v1+(-1.0*v1))))))
4.345604034226642e-15,12.0,0,126.0,-1.0,true,5.684341886080802e-14,2.432520305401646e-15,3.0,(14.4450791264344-(log((v1*(v1-(v1-0.264133202683631))))/1.10488728070732)),-1.0,8.125267323776422e-28,1.895269154301126e-15,8.125267323776422e-28,2050.0,2.4800674334703497e-14,(14.4-(log((v1*(v1-(v1-0.264))))/1.1))
4.425595935646756e-15,13.0,0,2355.0,-1.0,true,5.3290705182007514e-14,2.602061180177482e-15,3.0,(9.51312556624919+(-0.452534850143187*log((pow3((v1-(v1/1.01100478615302)))/v1)))),-1.0,8.10342194486261e-28,1.9895902446596972e-15,8.10342194486261e-28,3.6893488147419103e19,2.5347245669903575e-14,(9.51+(-0.453*log((pow3((v1-(v1/1.01)))/v1))))
3.3495190221238642e-15,14.0,0,72.0,-1.0,true,5.1514348342607263e-14,2.5507237929270493e-15,4.0,(15.1346362864326+(-0.905069700286372*(1.29095966635002+log((v1*(v1-(v1-0.155613722786901))))))),-1.0,7.11309810076977e-28,1.78905085623261e-15,7.11309810076977e-28,2051.0,2.3297603162903284e-14,(15.1+(-0.905*(1.29+log((v1*(v1-(v1-0.156)))))))
