time,generation,mean age hall_of_fame,mean compl,mean recursive_compl,mean n_params,min mae,min mse,min max_ae,min minus_r2,min mare,min q75_are,min max_are,min ms_processed_e,min minus_spearman,max penalty
10.824491024017334,1.0,0.0,6.333333333333333,21938.666666666668,0.6666666666666666,0.0046067641090843285,5.715001363871186e-5,0.022245618968735614,-0.9980742576742437,0.023286717085758368,0.023021827559330924,0.16975314953073317,5.715001363871186e-5,-0.9996564161845134,5.0
15.997684001922607,8.0,3.0,8.857142857142858,47.142857142857146,1.5714285714285714,0.0033887920862094058,2.1431839655097386e-5,0.01637488940773582,-0.9992778269310038,0.015354642506739243,0.008196960568256377,0.1602822843046839,2.1431839655097386e-5,-0.9998051075242074,6.0
21.361159086227417,19.0,3.0,7.833333333333333,21955.5,1.0,0.00167372724230481,8.042040990378826e-6,0.014016601737312253,-0.999729013210416,0.008842922581688652,0.005556343633953098,0.1401660173731225,8.042040990378826e-6,-0.9998598127187199,11.0
