time,generation,mean age hall_of_fame,mean compl,mean recursive_compl,mean n_params,min mae,min mse,min max_ae,min minus_r2,min mare,min q75_are,min max_are,min ms_processed_e,min minus_spearman,max penalty
12.858988046646118,1.0,0.0,5.5,32896.0,0.5,0.0076261868115217,8.818783216878351e-5,0.022256539811207066,-0.9970283989414644,0.03180657591187621,0.04401836850942217,0.16985667360495924,8.818783216878351e-5,-0.9976626464120878,0.0
18.42305588722229,3.0,0.42857142857142855,11.0,47.285714285714285,2.2857142857142856,0.00330135052681488,1.9684758963235917e-5,0.016217096770000272,-0.9993366970347993,0.01619934996267808,0.013082560747009373,0.15372989163853823,1.9684758963235917e-5,-0.9997059192507375,0.0
23.534106969833374,10.0,3.111111111111111,9.88888888888889,4.772187444444444e8,1.7777777777777777,0.0012444054835166578,2.208483098368066e-6,0.0027579178211505906,-0.999925582355848,0.004008938588288291,0.00574175610911304,0.013242953699731802,2.208483098368066e-6,-0.9998380291550846,0.0
