time_stamp,max_are,compl,dim_penalty,age,minus_spearman,valid,max_ae,q75_are,n_params,eqs_orig,minus_r2,mse,mare,ms_processed_e,recursive_compl,mae,eqs_orig_rounded
25.84687304496765,0.29777559420425986,1.0,0.0,1.0,-0.9976625853646766,true,0.03575081533538746,0.0586848535320886,0.0,v1,-0.9907180686703486,0.00027545871271995523,0.047923810442292776,0.00027545871271995523,2.0,0.013686038639562309,v1
25.459712982177734,0.1698357223625106,4.0,0.0,2.0,-0.9976625853646766,true,0.02225432964685567,0.04402647891228974,1.0,(v1--0.0134964856885318),-0.9970284273397101,8.818698939760699e-5,0.031806933817359,8.818698939760699e-5,3.0,0.007626223043724187,(v1--0.0135)
26.38906502723694,0.17542594752980928,7.0,0.0,0.0,-0.9976628898867719,true,0.022299737826362298,0.03887434204053669,1.0,sqrt_abs((v1*(0.0280623023901186+v1))),-0.9971521640192242,8.45148714681916e-5,0.028700265922467445,8.45148714681916e-5,128.0,0.007338377200380799,sqrt_abs((v1*(0.0281+v1)))
26.77050495147705,0.0,8.0,0.0,0.0,-1.0,true,0.0,0.0,0.0,sqrt_abs(((v1*v1)+(v2*v2))),-1.0,0.0,0.0,0.0,1024.0,0.0,sqrt_abs(((v1*v1)+(v2*v2)))
