max_are,compl,dim_penalty,age,minus_spearman,valid,max_ae,q75_are,n_params,eqs_orig,minus_r2,mse,mare,ms_processed_e,recursive_compl,mae,eqs_orig_rounded
0.769599253972468,1.0,0,7804.0,-1.0,true,31.46175895905491,0.5653544623687768,0.0,v1,-0.23207596005128772,103.97669332875144,0.36110504409031774,103.97669332875144,2.0,4.565745478711937,v1
0.2928932188134529,3.0,0,8173.0,-1.0,true,11.973680852061008,0.29289321881345276,0.0,pow3(sqrt_abs(v1)),-0.8843021446925885,15.665456209570447,0.29289321881345254,15.665456209570447,16.0,2.0124605137166323,pow3(sqrt_abs(v1))
7.53427700464736e-16,5.0,0,8169.0,-1.0,true,2.6645352591003757e-15,4.3888347930036435e-16,1.0,sqrt_abs(pow3((1.25992104989487*v1))),-1.0,1.21040845144849e-30,2.9744051487364984e-16,1.21040845144849e-30,256.0,7.105427357601002e-16,sqrt_abs(pow3((1.26*v1)))
6.144696801231059e-16,7.0,0,4186.0,-1.0,true,4.440892098500626e-16,3.215391882886928e-16,2.0,(0.980366894732618*pow3(sqrt_abs((1.27668642408239*v1)))),-1.0,3.6053408558929053e-32,1.664683358138995e-16,3.6053408558929053e-32,257.0,1.1657341758564144e-16,(0.98*pow3(sqrt_abs((1.28*v1))))
