time,generation,mean age hall_of_fame,mean compl,mean recursive_compl,mean n_params,min mae,min mse,min max_ae,min minus_r2,min mare,min q75_are,min max_are,min ms_processed_e,min minus_spearman,max penalty
13.087761878967285,1.0,0.0,7.5,32835.5,1.0,0.004978142734523278,4.2047304339910524e-5,0.021659702259790692,-0.9985831626539372,0.02082505301785464,0.012612935513902798,0.16419895487722863,4.2047304339910524e-5,-0.9996606382977896,3.0
18.188986778259277,8.0,2.0,7.5,6.75,1.25,0.003181109506248211,2.3778968432160363e-5,0.014541299179420902,-0.9991987374445417,0.018348504518984985,0.02093576340146238,0.13784417635536547,2.3778968432160363e-5,-0.9997240923553904,3.0
