time,generation,mean age hall_of_fame,mean compl,mean recursive_compl,mean n_params,min mae,min mse,min max_ae,min minus_r2,min mare,min q75_are,min max_are,min ms_processed_e,min minus_spearman,max penalty
16.346214771270752,1.0,0.0,11.333333333333334,22367.444444444445,2.0,0.0030676888916688536,2.33699902010521e-5,0.014574224610763714,-0.9992125184856966,0.018043468859865477,0.018094365936963185,0.1381562928250557,2.33699902010521e-5,-0.9996663290007413,0.0
22.64984393119812,4.0,1.125,7.0,50.875,1.375,0.0030817423467369084,1.886140965971639e-5,0.014208578787982248,-0.9993644408357492,0.01618957333811747,0.011939097773244495,0.13469015498845768,1.886140965971639e-5,-0.9997716369270969,0.0
28.032817840576172,10.0,3.3,9.9,1.7826222e6,2.0,0.001211171358541803,3.3367719822383116e-6,0.008419289214717292,-0.9998875632282747,0.006227891797665649,0.0037095653167218278,0.08419289214717292,3.3367719822383116e-6,-0.9998473296642983,0.0
33.320361852645874,15.0,4.416666666666667,11.0,1.4855280833333333e6,2.25,0.001211171358541803,3.3367719822383116e-6,0.008419289214717292,-0.9998875632282747,0.006227891797665649,0.0037095653167218278,0.08419289214717292,3.3367719822383116e-6,-0.9998465953406567,0.0
38.97218084335327,20.0,7.230769230769231,12.23076923076923,1.382840872971012e307,2.5384615384615383,0.001211171358541803,3.3367719822383116e-6,0.008419289214717292,-0.9998875632282747,0.006227891797665649,0.0037095653167218278,0.08419289214717292,3.3367719822383116e-6,-0.9998482475498576,0.0
44.43213677406311,25.0,6.384615384615385,12.615384615384615,1.7354767692307692e6,2.5384615384615383,0.001211171358541803,3.3367719822383116e-6,0.008419289214717292,-0.9998875632282747,0.006162418444533432,0.0034933738009046205,0.08419289214717292,3.3367719822383116e-6,-0.9998734580995781,0.0
49.65867280960083,29.0,10.384615384615385,12.538461538461538,1.382840872971012e307,2.5384615384615383,0.001211171358541803,3.3367719822383116e-6,0.003728555646471121,-0.9998875632282747,0.00538107206191844,0.0035036426282039003,0.012097991188401866,3.3367719822383116e-6,-0.9999586955599868,0.0
