time_stamp,max_are,compl,dim_penalty,age,minus_spearman,valid,max_ae,q75_are,n_params,eqs_orig,minus_r2,mse,mare,ms_processed_e,recursive_compl,mae,eqs_orig_rounded
25.51323699951172,0.885957833882059,2.0,0.0,25.0,-0.997662091263933,true,0.13936869439195754,0.21399179295427578,0.0,(0.614905664116543*sqrt_abs(v1)),-0.8201062855947557,0.005338683215440358,0.2010124308881592,0.005338683215440358,4.0,0.062026525446893695,(0.615*sqrt_abs(v1))
19.60813879966736,0.29777559420425986,3.0,0.0,31.0,-0.9976633196502763,true,0.03575081533538746,0.0586848535320886,0.0,sqrt_abs(pow2(v1)),-0.9907180686703486,0.00027545871271995523,0.04792381044229276,0.00027545871271995523,16.0,0.013686038639562309,sqrt_abs(pow2(v1))
48.921915769577026,0.1645234173423624,4.0,0.0,4.0,-0.9976625853646766,true,0.0216939300806733,0.0448233549067059,1.0,(v1--0.0140568852547142),-0.9970250039033856,8.828858628833214e-5,0.031933732855260605,8.828858628833214e-5,3.0,0.00765481067328269,(v1--0.0141)
45.19839096069336,0.16458231071872176,6.0,0.0,7.0,-0.9976626464120878,true,0.02170014279293994,0.04476122778403962,1.0,sqrt_abs(pow2((v1--0.0140506725424475))),-0.9970251578727266,8.82840169594959e-5,0.03193221693072384,8.82840169594959e-5,256.0,0.0076544372315617455,sqrt_abs(pow2((v1--0.0141)))
53.25446796417236,0.0,7.0,0.0,0.0,-1.0,true,0.0,0.0,0.0,sqrt_abs((pow2(v2)+(v1*v1))),-1.0,0.0,0.0,0.0,512.0,0.0,sqrt_abs((pow2(v2)+(v1*v1)))
