time_stamp,max_are,compl,dim_penalty,age,minus_spearman,valid,max_ae,q75_are,n_params,eqs_orig,minus_r2,mse,mare,ms_processed_e,recursive_compl,mae,eqs_orig_rounded
1340.541025876999,0.16239751592192572,2.0,0.0,1894.0,100.0,true,2.4976129856016165,0.1352510500647426,1.0,12.8820125673063,0.001046294263296721,1.82057203835789,0.08876065081584647,1.82057203835789,1.0,1.153186241291077,12.9
966.5807168483734,0.01703326160393351,5.0,0.0,3369.0,-1.0,true,0.2619651854132208,0.014186348293796627,1.0,(15.9403240259415-log(v1)),-0.9889871610294404,0.020028710767561575,0.009309881549583681,0.020028710767561575,5.0,0.12095456899811409,(15.9-log(v1))
1315.183501958847,4.2683845591343105e-15,8.0,0.0,1997.0,-1.0,true,4.796163466380676e-14,2.9212555031463217e-15,2.0,(15.65-(0.905069700286375*log(v1))),-1.0,9.819497821758779e-28,2.2470588659972035e-15,9.819497821758779e-28,6.0,2.862667368110404e-14,(15.6-(0.905*log(v1)))
117.09158086776733,4.087673587255396e-15,12.0,0.0,6904.0,-1.0,true,5.1514348342607263e-14,2.716815291249778e-15,3.0,((log(sqrt_abs((5.98374377300309e-5*v1)))-3.78380344958603)/-0.552443640353658),-1.0,9.783088856902425e-28,2.236120124031831e-15,9.783088856902425e-28,258.0,2.849003084730402e-14,((log(sqrt_abs((5.98e-5*v1)))-3.78)/-0.552)
1649.7874548435211,3.817112236169787e-15,13.0,0.0,626.0,-1.0,true,5.861977570020827e-14,2.566445631425892e-15,3.0,(log((8.1087082944923e-6*((1.00381462098668*v1)-v1)))/-1.10488728070732),-1.0,7.738118664137186e-28,1.8837422089366503e-15,7.738118664137186e-28,65.0,2.445906725020345e-14,(log((8.11e-6*((1.0*v1)-v1)))/-1.1)
1325.5638329982758,3.580520333994475e-15,16.0,0.0,1955.0,-1.0,true,5.5067062021407764e-14,2.6058901168246434e-15,3.0,(log((0.000398961729357514*sqrt_abs((v1*(v1+(0.194330333311162-v1))))))/-0.552443640353661),-1.0,7.473546852847678e-28,1.848353345682553e-15,7.473546852847678e-28,1.7976931348623157e308,2.418578158260341e-14,(log((0.000399*sqrt_abs((v1*(v1+(0.194-v1))))))/-0.552)
1739.169196844101,3.3929568839958463e-15,17.0,0.0,254.0,-1.0,true,4.973799150320701e-14,2.515308629355441e-15,3.0,(-0.603379800190914*log(pow3((0.000398961729357514*sqrt_abs((v1*(v1+(0.194330333311163-v1)))))))),-1.0,7.005084838362585e-28,1.777430962752559e-15,7.005084838362585e-28,1.7976931348623157e308,2.3229281746003275e-14,(-0.603*log(pow3((0.000399*sqrt_abs((v1*(v1+(0.194-v1))))))))
