max_are,compl,dim_penalty,age,minus_spearman,valid,max_ae,q75_are,n_params,eqs_orig,minus_r2,mse,mare,ms_processed_e,recursive_compl,mae,eqs_orig_rounded
17.381937605239454,1.0,0,4070.0,-0.5222329678670935,true,32.98961801275429,9.618802962842125,1.0,7.8910855438794,0.007685657186073058,136.4403470895577,5.720237796530278,136.4403470895577,1.0,7.618039166758614,7.89
17.275259408187317,2.0,0,3504.0,-0.3113995776646092,true,33.035413336222554,9.557177535792203,1.0,sqrt_abs(-61.5485786424788),0.007011092728510526,136.3490112567335,5.683346763497172,136.3490112567335,2.0,7.588881036159857,sqrt_abs(-61.5)
3.04479093031853,3.0,0,693.0,-1.0,true,4.671124676673841,2.3663399316537426,1.0,(v1/0.260123008577481),-0.9244647283069886,10.227453982105715,1.5190699168649833,10.227453982105715,3.0,2.9425208403800838,(v1/0.26)
0.7761648257895726,4.0,0,3031.0,-1.0,true,3.2277656849013923,0.7308595285467866,1.0,(0.471013306603186*pow2(v1)),-0.9756725636637745,3.293927857207565,0.5546600836758775,3.293927857207565,5.0,1.4562093834080154,(0.471*pow2(v1))
7.53427700464736e-16,5.0,0,5094.0,-1.0,true,2.6645352591003757e-15,4.3888347930036435e-16,1.0,sqrt_abs(pow3((1.25992104989487*v1))),-1.0,1.21040845144849e-30,2.9744051487364984e-16,1.21040845144849e-30,256.0,7.105427357601002e-16,sqrt_abs(pow3((1.26*v1)))
6.477612525045137e-16,7.0,0,2340.0,-1.0,true,8.881784197001252e-16,5.018106827402476e-16,2.0,(0.289115394902332*pow3(sqrt_abs((v1/0.347033030889046)))),-1.0,1.7009813268828068e-31,2.315030660432733e-16,1.7009813268828068e-31,257.0,2.6645352591003756e-16,(0.289*pow3(sqrt_abs((v1/0.347))))
8.192929068308079e-16,9.0,0,667.0,-1.0,true,8.881784197001252e-16,2.9879892893695214e-16,3.0,(0.111246903801701*pow3((sqrt_abs((v1/0.795420877351902))/0.480425243303451))),-1.0,1.2818989709841442e-31,1.8798163272638486e-16,1.2818989709841442e-31,513.0,2.220446049250313e-16,(0.111*pow3((sqrt_abs((v1/0.795))/0.48)))
4.0964645341540396e-16,16.0,0,1708.0,-1.0,true,8.881784197001252e-16,1.8519233072244464e-16,4.0,(0.33122829695385*pow3(sqrt_abs((v1+((v1+(2.83335449210235e-18/log((1.12116813484728*v1))))/-0.275343034140168))))),-1.0,9.521797645050494e-32,1.3445953730973686e-16,9.521797645050494e-32,1.7976931348623157e308,1.7208456881689927e-16,(0.331*pow3(sqrt_abs((v1+((v1+(2.83e-18/log((1.12*v1))))/-0.275)))))
