time_stamp,max_are,compl,dim_penalty,age,minus_spearman,valid,max_ae,q75_are,n_params,eqs_orig,minus_r2,mse,mare,ms_processed_e,recursive_compl,mae,eqs_orig_rounded
22.373332023620605,0.29777559420425986,1.0,0.0,104.0,-0.9976625853646766,true,0.03575081533538746,0.0586848535320886,0.0,v1,-0.9907180686703486,0.00027545871271995523,0.047923810442292776,0.00027545871271995523,2.0,0.013686038639562309,v1
20.86753511428833,0.24430429947079627,4.0,1.0,106.0,-0.9997240923553904,true,0.025771867940690155,0.023169620337597466,0.0,(v1+pow2(v2)),-0.9980811142572722,5.6946531683545084e-5,0.02323918302445712,5.6946531683545084e-5,6.0,0.004578983942692609,(v1+pow2(v2))
22.553061962127686,0.16851034216998503,4.0,0.0,103.0,-0.9976625853646766,true,0.022114514165233107,0.044539544776545474,1.0,(0.0136363011701543+v1),-0.9970295546991695,8.815353289222572e-5,0.0318325743330629,8.815353289222572e-5,3.0,0.007630252295313813,(0.0136+v1)
130.37724995613098,0.0,7.0,0.0,0.0,-1.0,true,0.0,0.0,0.0,sqrt_abs((pow2(v2)+(v1*v1))),-1.0,0.0,0.0,0.0,512.0,0.0,sqrt_abs((pow2(v2)+(v1*v1)))
