max_are,compl,dim_penalty,age,minus_spearman,valid,max_ae,q75_are,n_params,eqs_orig,minus_r2,mse,mare,ms_processed_e,recursive_compl,mae,eqs_orig_rounded
0.769599253972468,1.0,0,8693.0,-1.0,true,31.46175895905491,0.5653544623687768,0.0,v1,-0.23207596005128772,103.97669332875144,0.36110504409031774,103.97669332875144,2.0,4.565745478711937,v1
0.2928932188134529,3.0,0,8804.0,-1.0,true,11.973680852061008,0.29289321881345276,0.0,pow3(sqrt_abs(v1)),-0.8843021446925885,15.665456209570447,0.29289321881345254,15.665456209570447,16.0,2.0124605137166323,pow3(sqrt_abs(v1))
7.53427700464736e-16,5.0,0,8796.0,-1.0,true,2.6645352591003757e-15,4.3888347930036435e-16,1.0,sqrt_abs(pow3((1.25992104989487*v1))),-1.0,1.21040845144849e-30,2.9744051487364984e-16,1.21040845144849e-30,256.0,7.105427357601002e-16,sqrt_abs(pow3((1.26*v1)))
5.65070775348552e-16,7.0,0,2547.0,-1.0,true,8.881784197001252e-16,2.6820324021063455e-16,2.0,(pow3(sqrt_abs((v1/0.72570627302616)))/1.14378312926691),-1.0,1.3312027775604575e-31,1.4234693797758255e-16,1.3312027775604575e-31,257.0,1.9984014443252818e-16,(pow3(sqrt_abs((v1/0.726)))/1.14)
4.680456073730015e-16,9.0,0,112.0,-1.0,true,4.440892098500626e-16,3.471907834784345e-16,3.0,(0.837813206235434*pow3((sqrt_abs((v1/0.773941743284263))/0.95467730609714))),-1.0,3.697785493223493e-32,1.5130274942374074e-16,3.697785493223493e-32,513.0,1.1102230246251565e-16,(0.838*pow3((sqrt_abs((v1/0.774))/0.955)))
6.240608098306687e-16,28.0,0,180.0,-1.0,true,4.440892098500626e-16,1.2949188577775632e-16,6.0,(0.542529057610842*pow3((1.07216337783885*((1.2836196669971*v1)/sqrt_abs((v1+((((-1.28849708447466e-17/(v1*log(((v1-5.90612780714374e-16)/0.793700433747535))))/v1)-v1)-v1))))))),-1.0,2.2494861750442914e-32,1.0877470786475903e-16,2.2494861750442914e-32,1.7976931348623157e308,7.216449660063518e-17,(0.543*pow3((1.07*((1.28*v1)/sqrt_abs((v1+((((-1.29e-17/(v1*log(((v1-5.91e-16)/0.794))))/v1)-v1)-v1)))))))
