time_stamp,max_are,compl,dim_penalty,age,minus_spearman,valid,max_ae,q75_are,n_params,eqs_orig,minus_r2,mse,mare,ms_processed_e,recursive_compl,mae,eqs_orig_rounded
15.630004167556763,3.8380014631794417,2.0,0.0,4.0,-0.01276879352845558,true,0.3838001463179442,0.5075663130342742,1.0,0.383800146317944,0.0007835230591510811,0.029700127180704895,0.6660840141250416,0.029700127180704895,1.0,0.14499178937510596,0.384
12.565153121948242,0.29777559420425986,3.0,0.0,6.0,-0.9976633196502763,true,0.03575081533538746,0.0586848535320886,0.0,sqrt_abs(pow2(v1)),-0.9907180686703486,0.00027545871271995523,0.04792381044229276,0.00027545871271995523,16.0,0.013686038639562309,sqrt_abs(pow2(v1))
16.301055192947388,0.16916231074316704,4.0,0.0,2.0,-0.9976626464120878,true,0.022183290883473122,0.044287162236536455,1.0,(v1--0.0135675244519143),-0.9970291647727726,8.816510468903649e-5,0.03181884136071689,8.816510468903649e-5,3.0,0.007627621491883866,(v1--0.0136)
17.182286977767944,0.0,6.0,0.0,0.0,-1.0,true,0.0,0.0,0.0,sqrt_abs((pow2(v2)+pow2(v1))),-1.0,0.0,0.0,0.0,256.0,0.0,sqrt_abs((pow2(v2)+pow2(v1)))
