time,generation,mean age hall_of_fame,mean compl,mean recursive_compl,mean n_params,min mae,min mse,min max_ae,min minus_r2,min mare,min q75_are,min max_are,min ms_processed_e,min minus_spearman,max penalty
11.456966161727905,1.0,0.0,6.333333333333333,32855.833333333336,0.6666666666666666,0.003242631743555008,2.2865847569062862e-5,0.015926695672356342,-0.9992295062122574,0.017757619966416095,0.017765343688507195,0.15097703581571978,2.2865847569062862e-5,-0.9997236639375318,3.0
16.550801992416382,6.0,1.2,8.2,45.6,1.6,0.0032426317435549686,2.2865847569062845e-5,0.01592669567235673,-0.9992295062122574,0.017757619966415953,0.013132130776176063,0.1509770358157232,2.2865847569062845e-5,-0.9997248877296053,3.0
