time_stamp,max_are,compl,dim_penalty,age,minus_spearman,valid,max_ae,q75_are,n_params,eqs_orig,minus_r2,mse,mare,ms_processed_e,recursive_compl,mae,eqs_orig_rounded
14.704113960266113,3.781492955381658,2.0,0.0,0.0,100.0,true,0.3781492955381658,0.4853697809138302,1.0,0.378149295538166,2.3144306275257875e-5,0.029677561515757806,0.6581077791063529,0.029677561515757806,1.0,0.14541526888775838,0.378
14.741665124893188,0.29777559420425986,3.0,0.0,0.0,-0.9976633196502763,true,0.03575081533538746,0.0586848535320886,0.0,sqrt_abs(pow2(v1)),-0.9907180686703486,0.00027545871271995523,0.04792381044229276,0.00027545871271995523,16.0,0.013686038639562309,sqrt_abs(pow2(v1))
12.110522031784058,0.0,6.0,0.0,1.0,-1.0,true,0.0,0.0,0.0,sqrt_abs((pow2(v1)+pow2(v2))),-1.0,0.0,0.0,0.0,256.0,0.0,sqrt_abs((pow2(v1)+pow2(v2)))
