time_stamp,run,compl,age,dim_penalty,minus_spearman,mare,mae,ms_processed_e,eqs_orig_rounded
13.506508827209473,0,1.0,5723.0,0.0,-1.0,137.59243439928733,126.5233803279863,124770.26850611508,v1
1362.165727853775,9,10.0,1523.0,0.0,-1.0,0.2823392082389964,0.08625646466009117,0.010096304685788612,log(sqrt(abs(-8.16 - exp(v1))) - 2.42)
593.1027679443359,23,1.0,4346.0,0.0,-1.0,137.59243439928733,126.5233803279863,124770.26850611508,v1
67.66478896141052,25,1.0,5457.0,0.0,-1.0,137.59243439928733,126.5233803279863,124770.26850611508,v1
