time_stamp,run,compl,age,dim_penalty,minus_spearman,mare,mae,ms_processed_e,eqs_orig_rounded
1728.873543024063,13,14.0,253.0,0.0,-1.0,0.27890785609919183,0.051265705869694825,0.004760756458852946,0.31log(0.68 + exp(2v1)) - 0.689
1687.9090077877045,19,14.0,345.0,0.0,-1.0,0.27890784808454744,0.05126570594035526,0.004760756458852956,0.30959752321981426(log(0.68 + exp(2v1)) - 2.23)
