time_stamp,run,compl,age,dim_penalty,minus_spearman,mare,mae,ms_processed_e,eqs_orig_rounded
1658.8194589614868,1,21.0,255.0,0.0,-1.0,0.020849668818515656,0.007422458647033528,7.81405280794826e-5,1.71 + (5.34 - log(sqrt(abs(v1 - 3.49))))*(exp(0.0875v1) - 1.43)
51.80565690994263,3,1.0,5832.0,0.0,-1.0,130.05595802259225,126.49351051496325,124757.04565956854,v1
13.840535879135132,17,1.0,5992.0,0.0,-1.0,130.05595802259225,126.49351051496325,124757.04565956854,v1
1536.9705739021301,24,17.0,836.0,0.0,-1.0,0.07721810326235742,0.012338223945170323,0.00028863715904246063,exp((v1 - 16.9)*log(1.02 - 0.023640661938534282v1)) - 0.987
863.4327630996704,29,17.0,2772.0,0.0,-1.0,0.07714130712444266,0.012331292021344805,0.0002892586278591406,0.682exp(v1*log(-0.0286(v1 - 53.0))) - 0.987
1292.8739998340607,30,17.0,1619.0,0.0,-1.0,0.0771413052625657,0.012331292414023864,0.0002892586278591383,0.682(exp(v1*log(1.51 - 0.02857142857142857v1)) - 1.45)
