max_are,compl,dim_penalty,age,minus_spearman,valid,max_ae,q75_are,n_params,eqs_orig,minus_r2,mse,mare,ms_processed_e,recursive_compl,mae,eqs_orig_rounded
5.374922909453496,1.0,0,4354.0,-0.10910894511799618,true,2.438037275291122,1.8166850365936698,1.0,0.53749229094535,0.07998365608156166,1.7178663613542682,1.543743473472305,1.7178663613542682,1.0,1.0949193435707762,0.537
1.0225364097831062,4.0,0,3957.0,-1.0,true,1.2097892667405055,0.9052222600726575,1.0,exp((-4.82355349824319+v1)),-0.633663262753003,0.5827102607535817,0.6579242991892171,0.5827102607535817,8.0,0.6460419866430487,exp((-4.82+v1))
1.4306835741190516,5.0,0,4285.0,-1.0,true,0.6460683750237912,0.5620401093338878,1.0,(v1/(7.98966576600108-v1)),-0.9079330357646761,0.14644549476397353,0.48725185300778,0.14644549476397353,7.0,0.3070345209073854,(v1/(7.99-v1))
1.2315131054629136,6.0,0,3451.0,-1.0,true,0.22832160300690585,0.3355237941008988,2.0,(exp((v1/4.2148842552529))-1.14461233488106),-0.983824190588512,0.025729906836270196,0.3045747104684866,0.025729906836270196,9.0,0.1402023560204824,(exp((v1/4.21))-1.14)
0.5670439135242739,8.0,0,561.0,-1.0,true,0.11108737089422682,0.1517798551354702,2.0,log((sqrt_abs((exp(v1)--5.67846178988345))-1.95284017475702)),-0.9959328297305194,0.006469408080850715,0.15409618488131663,0.006469408080850715,8.589934592e9,0.07572332423737638,log((sqrt_abs((exp(v1)--5.68))-1.95))
2.220446049250313e-15,9.0,0,1825.0,-1.0,true,8.881784197001252e-16,9.426879447053253e-16,3.0,log(((0.3*exp((v1/1.44269504088896)))--0.4)),-1.0,1.282669342961899e-31,5.765727510764229e-16,1.282669342961899e-31,1024.0,2.2898349882893854e-16,log(((0.3*exp((v1/1.44)))--0.4))
3.543237612037747e-16,10.0,0,1434.0,-1.0,true,4.440892098500626e-16,1.2818547685711775e-16,3.0,log((pow2((-0.547722557505166*exp((0.346573590279973*v1))))--0.4)),-1.0,2.965932114356343e-32,7.809197605847641e-17,2.965932114356343e-32,2.6815615859885194e154,9.020562075079397e-17,log((pow2((-0.548*exp((0.347*v1))))--0.4))
0.0,13.0,0,0.0,-1.0,true,0.0,0.0,5.0,log(((exp((((0.00563301734023133*v1)-0.0261934330290985)/0.00812672618199328))--0.0531073306266869)/0.132768326566717)),-1.0,0.0,0.0,0.0,1.7179869184e10,0.0,log(((exp((((0.00563*v1)-0.0262)/0.00813))--0.0531)/0.133))
