max_are,compl,dim_penalty,age,minus_spearman,valid,max_ae,q75_are,n_params,eqs_orig,minus_r2,mse,mare,ms_processed_e,recursive_compl,mae,eqs_orig_rounded
11.088017013388583,1.0,0,688.0,-0.5773502691896257,true,2.0250924332130134,2.6847530156020807,1.0,1.10880170133886,0.02895874931207243,1.6367040489091216,2.5395171513069252,1.6367040489091216,1.0,1.1147149146102011,1.11
7.3657563714879934,2.0,0,2404.0,-0.3944053188733077,true,2.238953929087672,2.1191794027796322,1.0,pow3(0.903106809074884),0.015615569991944023,1.6154798398403174,1.8840395634492384,1.6154798398403174,2.0,1.0949193435707762,pow3(0.903)
1.0246673105100519,4.0,0,2740.0,-1.0,true,1.1682925489934712,0.8962606749376174,1.0,exp((-4.73320680618658+v1)),-0.642193987422262,0.5691409397136082,0.6610374132012402,0.5691409397136082,8.0,0.6628256570493936,exp((-4.73+v1))
1.4648310362761299,5.0,0,2159.0,-1.0,true,0.6033786430879116,0.5472555287534375,1.0,(v1/(7.82672591742857-v1)),-0.9150106152557622,0.13518760612919462,0.48942439639887425,0.13518760612919462,7.0,0.3200134330555729,(v1/(7.83-v1))
2.0357714624954792,6.0,0,2400.0,-1.0,true,0.29196073045673354,0.3261278399065425,2.0,(-1.064714213482+exp((v1/4.20750384719865))),-0.9846649091051272,0.024392625433048886,0.4225737899198409,0.024392625433048886,9.0,0.13817642052717072,(-1.06+exp((v1/4.21)))
1.0591420476329687,8.0,0,613.0,-1.0,true,0.13170460710572035,0.15767611441969082,2.0,log((-2.24866942408206+sqrt_abs((exp(v1)--7.1927003393566)))),-0.9958849377578689,0.006545587019607876,0.21234970373534784,0.006545587019607876,8.589934592e9,0.07245877378204094,log((-2.25+sqrt_abs((exp(v1)--7.19))))
1.492471171818193e-16,9.0,0,845.0,-1.0,true,4.440892098500626e-16,0.0,3.0,log(((0.3*exp((0.693147180559945*v1)))--0.4)),-1.0,2.465190328815662e-32,1.8655889647727413e-17,2.465190328815662e-32,1024.0,5.551115123125783e-17,log(((0.3*exp((0.693*v1)))--0.4))
1.2116493008221723e-16,11.0,0,65.0,-1.0,true,1.1102230246251565e-16,0.0,4.0,log(((0.0149964843333929-(-0.0112473632500447*exp((0.693147180559945*v1))))/0.0374912108334823)),-1.0,1.5407439555097887e-33,1.5145616260277154e-17,1.5407439555097887e-33,2048.0,1.3877787807814457e-17,log(((0.015-(-0.0112*exp((0.693*v1))))/0.0375))
0.0,14.0,0,0.0,-1.0,true,0.0,0.0,5.0,log(((0.000884344075081241-(-0.10059802410475*pow2((-0.0811982261218372*exp((0.346573590279973*v1))))))/0.0022108601877031)),-1.0,0.0,0.0,0.0,1.0726246343954078e155,0.0,log(((0.000884-(-0.101*pow2((-0.0812*exp((0.347*v1))))))/0.00221))
