time,generation,mean age hall_of_fame,mean compl,mean recursive_compl,mean n_params,min mae,min mse,min max_ae,min minus_r2,min mare,min q75_are,min max_are,min ms_processed_e,min minus_spearman,max penalty
14.388076066970825,1.0,0.0,8.5,32835.0,1.25,0.007595365019844447,8.694556994058346e-5,0.021839710632648834,-0.9970702585456923,0.03179231298267653,0.043339539850209066,0.16005231476831241,8.694556994058346e-5,-0.9976612345957225,3.0
19.515367031097412,9.0,2.5,6.0,368.8333333333333,0.6666666666666666,0.002090744820985841,1.0363759091916599e-5,0.014334226909622317,-0.999650779968953,0.01001720736184247,0.005195174374615303,0.14334226909622316,1.0363759091916599e-5,-0.9998633005481186,3.0
24.608710050582886,18.0,3.5555555555555554,11.88888888888889,6.1614882148956995e128,1.3333333333333333,0.0014201868199550517,7.062988971537676e-6,0.01418280195268512,-0.9997620036121981,0.008088916841682357,0.0040451228613817315,0.1418280195268512,7.062988971537676e-6,-0.9998808009491562,9.0
29.656475067138672,28.0,7.583333333333333,13.083333333333334,Inf,1.6666666666666667,0.0007377500819064664,2.002663159760544e-6,0.00798717447033441,-0.9999325177201993,0.003979409454735441,0.0020352569399438307,0.0798717447033441,2.002663159760544e-6,-0.9999753402420926,21.0
35.146443128585815,35.0,9.076923076923077,12.923076923076923,Inf,1.6923076923076923,0.0005765047981370919,1.2205138351935251e-6,0.007676531647726234,-0.9999588732355086,0.0030652168101558373,0.001751147612786626,0.07676531647726234,1.2205138351935251e-6,-0.9999657333559927,11.0
40.61446404457092,44.0,15.25,7.625,2.2471164185778946e307,0.375,1.3367528964750114e-5,3.878147822947257e-10,4.179513151159053e-5,-0.9999999869320881,2.764912337196092e-5,5.415564728850298e-5,8.072023506077517e-5,3.878147822947257e-10,-0.9999982254753833,7.0
45.61489009857178,52.0,22.0,7.5,2.305843558969508e18,0.375,0.0,0.0,0.0,-1.0,0.0,0.0,0.0,0.0,-1.0,7.0
