time_stamp,max_are,compl,dim_penalty,age,minus_spearman,valid,max_ae,q75_are,n_params,eqs_orig,minus_r2,mse,mare,ms_processed_e,recursive_compl,mae,eqs_orig_rounded
22.8714280128479,0.29777559420425986,1.0,0.0,37.0,-0.9976625853646766,true,0.03575081533538746,0.0586848535320886,0.0,v1,-0.9907180686703486,0.00027545871271995523,0.047923810442292776,0.00027545871271995523,2.0,0.013686038639562309,v1
18.796869039535522,0.24430429947079627,4.0,3.0,44.0,-0.9997240923553904,true,0.025771867940690155,0.023169620337597466,0.0,(v1+pow2(v2)),-0.9980811142572722,5.6946531683545084e-5,0.02323918302445712,5.6946531683545084e-5,6.0,0.004578983942692609,(v1+pow2(v2))
24.57998299598694,0.2443042994707964,6.0,5.0,34.0,-0.9997218886332745,true,0.025771867940690182,0.023169620337597403,0.0,log(exp((v1+pow2(v2)))),-0.9980811142572722,5.694653168354508e-5,0.02323918302445712,5.694653168354508e-5,1.8446744073709552e19,0.00457898394269261,log(exp((v1+pow2(v2))))
32.68747806549072,0.20909767800481088,7.0,1.0,21.0,-0.9997240923553904,true,0.02205789155540061,0.01330203974863662,1.0,(pow2(v2)+(0.00371397638528954+v1)),-0.998584038480428,4.202131254691714e-5,0.02078641087238341,4.202131254691714e-5,7.0,0.0048526950245626685,(pow2(v2)+(0.00371+v1))
35.840980052948,0.1807383930477785,9.0,7.0,15.0,-0.9998639123856128,true,0.019066246511133145,0.0051952492895585185,1.0,(v1+pow2((v2*(v1-1.55353275052388)))),-0.9993784902381114,1.8444467306691578e-5,0.013516115837032142,1.8444467306691578e-5,130.0,0.0024004523706705754,(v1+pow2((v2*(v1-1.55))))
39.105380058288574,0.0019239053169484322,10.0,0.0,10.0,-0.9999977971421241,true,0.0011486076123358169,0.0018539994630199538,1.0,sqrt_abs((pow2(v2)+(v1*(1.00385151204557*v1)))),-0.9999807084651984,5.725124604056978e-7,0.0016566973387951653,5.725124604056978e-7,2048.0,0.000678677075699254,sqrt_abs((pow2(v2)+(v1*(1.0*v1))))
36.08946895599365,0.0005315177077339502,11.0,1.0,15.0,-0.9999981030951165,true,0.00020107991574785933,0.0002620850382216713,0.0,sqrt_abs((pow2(v2)+(v1*(v1+pow2(pow2(v2)))))),-0.999999719751007,8.316914240347637e-9,0.0001620929924765509,8.316914240347637e-9,2.199023255552e12,6.690930267957176e-5,sqrt_abs((pow2(v2)+(v1*(v1+pow2(pow2(v2))))))
45.38565802574158,0.0,12.0,2.0,0.0,-1.0,true,0.0,0.0,0.0,sqrt_abs((pow2(v2)+(v1*(v1+pow2((v2-v2)))))),-1.0,0.0,0.0,0.0,2.199023255552e12,0.0,sqrt_abs((pow2(v2)+(v1*(v1+pow2((v2-v2))))))
