time_stamp,max_are,compl,dim_penalty,age,minus_spearman,valid,max_ae,q75_are,n_params,eqs_orig,minus_r2,mse,mare,ms_processed_e,recursive_compl,mae,eqs_orig_rounded
1366.8122370243073,0.16640768456020893,2.0,0.0,902.0,100.0,true,2.4089162234572896,0.14306761535961293,1.0,12.9707093294506,0.0011171633049344987,1.820700925699395,0.08937179618556683,1.820700925699395,1.0,1.1531862412910767,13.0
275.78142499923706,0.017453808991497777,5.0,0.0,3285.0,-1.0,true,0.2526673468856355,0.01500573741460563,1.0,(15.9310261874139-log(v1)),-0.988986381953207,0.020030127649492444,0.009373946244023117,0.020030127649492444,5.0,0.12095456899811435,(15.9-log(v1))
408.64178705215454,4.2683845591343105e-15,8.0,0.0,2964.0,-1.0,true,4.973799150320701e-14,2.920751226686593e-15,2.0,(15.65+(-0.905069700286374*log(v1))),-1.0,9.894743015795246e-28,2.2656982137335422e-15,9.894743015795246e-28,6.0,2.8899959348704076e-14,(15.6+(-0.905*log(v1)))
508.0707769393921,4.2683845591343105e-15,11.0,0.0,2735.0,-1.0,true,4.973799150320701e-14,2.920751226686593e-15,3.0,(15.65+(-0.905069700286374*log((-1.6466613370297801e-15+v1)))),-1.0,9.857120418777011e-28,2.26107439876654e-15,9.857120418777011e-28,10.0,2.8831637931804064e-14,(15.6+(-0.905*log((-1.65e-15+v1))))
1739.9673099517822,3.4588007276776424e-15,13.0,0.0,126.0,-1.0,true,4.085620730620576e-14,2.515988008003251e-15,3.0,(-0.905069700286374*log((5.37410521771264e-6*((1.00575568351976*v1)-v1)))),-1.0,7.747827721432215e-28,2.007771718446931e-15,7.747827721432215e-28,65.0,2.5552209920603604e-14,(-0.905*log((5.37e-6*((1.01*v1)-v1))))
468.2938289642334,3.901162610249989e-15,18.0,0.0,2824.0,-1.0,true,4.618527782440651e-14,2.6539672228503344e-15,3.0,(log(pow2(pow3((v1/2.20528145823738e-6))))-(4.60337980019092*log((sqrt_abs(pow3(v1))/1.269951497664e-6)))),-1.0,7.569423793636078e-28,1.871784256586143e-15,7.569423793636078e-28,1.157920892373162e77,2.3844174498103362e-14,(log(pow2(pow3((v1/2.21e-6))))-(4.6*log((sqrt_abs(pow3(v1))/1.27e-6))))
673.1167588233948,4.074003782087477e-15,19.0,0.0,2374.0,-1.0,true,5.3290705182007514e-14,2.147981295398642e-15,3.0,(log(pow2(pow2(pow3((v1/4.14028096000825e-7)))))-(8.60337980019092*log(sqrt_abs(pow3((v1/3.90261357675542e-6)))))),-1.0,6.132483313971958e-28,1.6298831041720199e-15,6.132483313971958e-28,1.7976931348623157e308,2.0838032154502937e-14,(log(pow2(pow2(pow3((v1/4.14e-7)))))-(8.6*log(sqrt_abs(pow3((v1/3.9e-6))))))
