time_stamp,max_are,compl,dim_penalty,age,minus_spearman,valid,max_ae,q75_are,n_params,eqs_orig,minus_r2,mse,mare,ms_processed_e,recursive_compl,mae,eqs_orig_rounded
21.602820873260498,0.29777559420425986,1.0,0.0,1367.0,-0.9976625853646766,true,0.03575081533538746,0.0586848535320886,0.0,v1,-0.9907180686703486,0.00027545871271995523,0.047923810442292776,0.00027545871271995523,2.0,0.013686038639562309,v1
24.006959915161133,0.16684312654434144,4.0,0.0,1363.0,-0.9976626464120878,true,0.021938638173587377,0.045000389716758016,1.0,(v1--0.0138121771618001),-0.9970291019186432,8.816697000315496e-5,0.03187402318475455,8.816697000315496e-5,3.0,0.007640101443653974,(v1--0.0138)
1221.6371810436249,0.0,7.0,0.0,0.0,-1.0,true,0.0,0.0,0.0,sqrt_abs((pow2(v2)+(v1*v1))),-1.0,0.0,0.0,0.0,512.0,0.0,sqrt_abs((pow2(v2)+(v1*v1)))
