time,generation,mean age hall_of_fame,mean compl,mean recursive_compl,mean n_params,min mae,min mse,min max_ae,min minus_r2,min mare,min q75_are,min max_are,min ms_processed_e,min minus_spearman,max penalty
17.753112077713013,1.0,0.0,9.5,32817.833333333336,1.5,0.0030639380706197292,1.8911030566650782e-5,0.0139921435948651,-0.9993627687962404,0.016307238707518264,0.012417674341758026,0.13263845860552556,1.8911030566650782e-5,-0.9997719430191666,0.0
