time_stamp,max_are,compl,dim_penalty,age,minus_spearman,valid,max_ae,q75_are,n_params,eqs_orig,minus_r2,mse,mare,ms_processed_e,recursive_compl,mae,eqs_orig_rounded
20.587265968322754,3.7991519933519613,2.0,0.0,2.0,100.0,true,0.37991519933519613,0.4923062479840039,1.0,0.379915199335196,2.9593074789335816e-5,0.029677752895052742,0.660567888003409,0.029677752895052742,1.0,0.14527052267488702,0.38
20.74867606163025,0.29777559420425986,3.0,0.0,2.0,-0.9976633196502763,true,0.03575081533538746,0.0586848535320886,0.0,sqrt_abs(pow2(v1)),-0.9907180686703486,0.00027545871271995523,0.04792381044229276,0.00027545871271995523,16.0,0.013686038639562309,sqrt_abs(pow2(v1))
22.17476511001587,0.16439779474573857,4.0,0.0,0.0,-0.9976626464120878,true,0.021680678046314655,0.0449558752502925,1.0,(v1--0.0140701372890728),-0.9970246667870046,8.829859084891839e-5,0.03193696640015756,8.829859084891839e-5,3.0,0.007655607243653976,(v1--0.0141)
21.846256971359253,0.0,6.0,0.0,0.0,-1.0,true,0.0,0.0,0.0,sqrt_abs((pow2(v2)+pow2(v1))),-1.0,0.0,0.0,0.0,256.0,0.0,sqrt_abs((pow2(v2)+pow2(v1)))
