max_are,compl,dim_penalty,age,minus_spearman,valid,max_ae,q75_are,n_params,eqs_orig,minus_r2,mse,mare,ms_processed_e,recursive_compl,mae,eqs_orig_rounded
10.205848354978237,1.0,0,6742.0,100.0,true,1.9549447307386476,2.550713150247269,1.0,1.02058483549782,0.010045306896144801,1.60661955057364,2.3695006608174207,1.60661955057364,1.0,1.0949193435707762,1.02
1.024541247231592,4.0,0,5092.0,-1.0,true,1.170747479069925,0.8967908389138342,1.0,exp((-4.73833044971636+v1)),-0.6421649071019128,0.5691871960655669,0.6608532425575249,0.5691871960655669,8.0,0.6618327414765282,exp((-4.74+v1))
1.4623604843166589,5.0,0,7569.0,-1.0,true,0.6065195159185051,0.5483347638067605,1.0,(v1/(7.83825917565932-v1)),-0.9149695755289261,0.13525288560431797,0.4892368666898075,0.13525288560431797,7.0,0.3189662301097692,(v1/(7.84-v1))
1.711214730941455,6.0,0,4861.0,-1.0,true,0.25781262770313296,0.33014362906001277,2.0,(exp((v1/4.18402801053603))-1.0988623162356),-0.9856134013388755,0.022883914728783192,0.37208052772963657,0.022883914728783192,9.0,0.1376080131061437,(exp((v1/4.18))-1.1)
0.7865172223871312,8.0,0,1789.0,-1.0,true,0.11808213054695077,0.14797205591093177,2.0,log((-2.06857411258052+sqrt_abs((-6.2393835666099-exp(v1))))),-0.996083671794828,0.006229472497850161,0.1765341358651798,0.006229472497850161,8.589934592e9,0.07253740938133928,log((-2.07+sqrt_abs((-6.24-exp(v1)))))
3.634947902466517e-16,9.0,0,3858.0,-1.0,true,3.3306690738754696e-16,0.0,3.0,log(((0.3*exp((0.693147180559945*v1)))--0.4)),-1.0,1.3866695599588098e-32,4.543684878083146e-17,1.3866695599588098e-32,1024.0,4.163336342344337e-17,log(((0.3*exp((0.693*v1)))--0.4))
0.0,13.0,0,0.0,-1.0,true,0.0,0.0,5.0,log(((0.0513449518930525+exp(((-0.0969784574512748-(-0.0206395494255532*v1))/0.0297765756024283)))/0.128362379732631)),-1.0,0.0,0.0,0.0,1.7179869184e10,0.0,log(((0.0513+exp(((-0.097-(-0.0206*v1))/0.0298)))/0.128))
