time_stamp,max_are,compl,dim_penalty,age,minus_spearman,valid,max_ae,q75_are,n_params,eqs_orig,minus_r2,mse,mare,ms_processed_e,recursive_compl,mae,eqs_orig_rounded
20.739392042160034,3.775122271629172,2.0,0.0,14.0,100.0,true,0.3775122271629172,0.4828673774342114,1.0,0.377512227162917,7.240203640268561e-5,0.029679023331241082,0.6572372963133584,0.029679023331241082,1.0,0.1454739206611819,0.378
19.95992398262024,0.29777559420425986,3.0,0.0,15.0,-0.9976633196502763,true,0.03575081533538746,0.0586848535320886,0.0,sqrt_abs(pow2(v1)),-0.9907180686703486,0.00027545871271995523,0.04792381044229276,0.00027545871271995523,16.0,0.013686038639562309,sqrt_abs(pow2(v1))
21.29466700553894,0.16780273301194626,4.0,0.0,13.0,-0.9976626464120878,true,0.022039867874463354,0.044813466256790814,1.0,(0.0137109474609241+v1),-0.997029617150708,8.815167952574415e-5,0.03184932276715596,8.815167952574415e-5,3.0,0.007634016598246124,(0.0137+v1)
21.891046047210693,0.16000238461526334,7.0,0.0,12.0,-0.9976624013640765,true,0.02073193810128998,0.04230796900969,2.0,(0.993707432170852*(0.0161015586112426+v1)),-0.9970859237375876,8.648067600410042e-5,0.03218632955463522,8.648067600410042e-5,4.0,0.007542640128384563,(0.994*(0.0161+v1))
34.905189990997314,0.006289918042067349,9.0,0.0,0.0,-0.9999998776189918,true,0.0038918828006042627,0.0062899180420672735,1.0,(0.993710081957933*sqrt_abs((pow2(v1)+pow2(v2)))),-0.9997689672792456,6.856329097362746e-6,0.005979606706023301,6.856329097362746e-6,257.0,0.0023837409376856176,(0.994*sqrt_abs((pow2(v1)+pow2(v2))))
34.3065459728241,0.0,14.0,0.0,0.0,-1.0,true,0.0,0.0,1.0,(sqrt_abs((pow2(v1)+(v2*v2)))-(-0.000135989667617752*(v1-v1))),-1.0,0.0,0.0,0.0,517.0,0.0,(sqrt_abs((pow2(v1)+(v2*v2)))-(-0.000136*(v1-v1)))
