time,generation,mean age hall_of_fame,mean compl,mean recursive_compl,mean n_params,min mae,min mse,min max_ae,min minus_r2,min mare,min q75_are,min max_are,min ms_processed_e,min minus_spearman,max penalty
16.715774059295654,1.0,0.0,8.833333333333334,1.1220352e7,1.5,0.0025393556845174792,1.592767695865618e-5,0.014846108657288096,-0.9994632966867836,0.014248475904809318,0.011075149635359622,0.14073361634992787,1.592767695865618e-5,-0.9997855242665971,0.0
23.89433789253235,5.0,1.3333333333333333,9.444444444444445,3647.777777777778,2.2222222222222223,0.0025393556845174792,1.5199419209667084e-5,0.014650031446066969,-0.9994878362569779,0.014248475904809318,0.011075149635359622,0.13887490335947625,1.5199419209667084e-5,-0.9997874826220015,0.0
29.46509885787964,11.0,5.2,10.4,3289.0,2.3,0.0019986439576172863,9.033210218381246e-6,0.011925335724096944,-0.9996956145038747,0.010797681108112448,0.00644455697761941,0.1130461632324951,9.033210218381246e-6,-0.999806208472396,0.0
35.01819205284119,17.0,9.0,6.5,133.0,1.0,0.0,0.0,0.0,-1.0,0.0,0.0,0.0,0.0,-1.0,0.0
