time_stamp,max_are,compl,dim_penalty,age,minus_spearman,valid,max_ae,q75_are,n_params,eqs_orig,minus_r2,mse,mare,ms_processed_e,recursive_compl,mae,eqs_orig_rounded
13.044471025466919,3.8409238083351758,2.0,0.0,1.0,100.0,true,0.3840923808335176,0.5087142097076106,1.0,0.384092380833518,0.0008813689783284673,0.029703030941784808,0.6665078530007239,0.029703030941784808,1.0,0.14497422336597313,0.384
13.616216897964478,0.8088733390832296,3.0,1.0,0.0,-0.9976632583167917,true,0.17189495232494068,0.4940195115271441,0.0,sqrt_abs(pow3(v1)),-0.3107716868265452,0.020454142265673998,0.4012707579172461,0.020454142265673998,16.0,0.13789901205633365,sqrt_abs(pow3(v1))
13.627876043319702,0.16545158909333113,4.0,0.0,0.0,-0.9976625853646766,true,0.021791843706606473,0.043844218647374325,1.0,(0.013958971628781+v1),-0.997027127940909,8.822555149296645e-5,0.031909841572087656,8.822555149296645e-5,3.0,0.007648925154783977,(0.014+v1)
13.56066083908081,0.0,7.0,0.0,0.0,-1.0,true,0.0,0.0,0.0,sqrt_abs((pow2(v2)+(v1*v1))),-1.0,0.0,0.0,0.0,512.0,0.0,sqrt_abs((pow2(v2)+(v1*v1)))
