time_stamp,max_are,compl,dim_penalty,age,minus_spearman,valid,max_ae,q75_are,n_params,eqs_orig,minus_r2,mse,mare,ms_processed_e,recursive_compl,mae,eqs_orig_rounded
104.33856916427612,0.769599253972468,1.0,2.0,5126.0,-1.0,true,31.46175895905491,0.5653544623687768,0.0,v1,-0.23207596005128772,103.97669332875144,0.36110504409031774,103.97669332875144,2.0,4.565745478711937,v1
25.637771129608154,0.2928932188134529,3.0,2.5,5344.0,-1.0,true,11.973680852060998,0.2928932188134527,0.0,sqrt_abs(pow3(v1)),-0.8843021446925887,15.665456209570419,0.2928932188134525,15.665456209570419,16.0,2.012460513716631,sqrt_abs(pow3(v1))
83.3507661819458,0.2928932188134529,5.0,2.5,5194.0,-1.0,true,11.973680852060994,0.29289321881345265,0.0,pow3((v1/sqrt_abs(v1))),-0.8843021446925888,15.665456209570412,0.2928932188134525,15.665456209570412,512.0,2.01246051371663,pow3((v1/sqrt_abs(v1)))
34.12349009513855,7.53427700464736e-16,6.0,0.0,5337.0,-1.0,true,2.6645352591003757e-15,4.3888347930036435e-16,1.0,sqrt_abs(pow3((-1.25992104989487*v1))),-1.0,1.21040845144849e-30,2.9744051487364984e-16,1.21040845144849e-30,256.0,7.105427357601002e-16,sqrt_abs(pow3((-1.26*v1)))
371.02816700935364,7.53427700464736e-16,8.0,0.0,4230.0,-1.0,true,1.7763568394002505e-15,5.580164479680065e-16,1.0,pow3(((v1/0.890898718140339)/sqrt_abs(v1))),-1.0,5.081373565271283e-31,3.130424395455333e-16,5.081373565271283e-31,8192.0,4.718447854656915e-16,pow3(((v1/0.891)/sqrt_abs(v1)))
1786.18585896492,8.192929068308079e-16,9.0,0.0,41.0,-1.0,true,8.881784197001252e-16,4.666643527315419e-16,2.0,(pow3(sqrt_abs((v1/0.880140510213161)))/0.856361207950002),-1.0,2.0214560696288426e-31,2.5156346784980223e-16,2.0214560696288426e-31,257.0,2.886579864025407e-16,(pow3(sqrt_abs((v1/0.88)))/0.856)
1117.4010910987854,4.0964645341540396e-16,11.0,0.0,2007.0,-1.0,true,8.881784197001252e-16,1.5119183836738418e-16,2.0,sqrt_abs((pow3((v1+(v1/-0.692482488757644)))/-0.0437878045831987)),-1.0,1.0631133293017542e-31,1.337960294311194e-16,1.0631133293017542e-31,8.589934592e9,1.8318679906315082e-16,sqrt_abs((pow3((v1+(v1/-0.692)))/-0.0438))
