time_stamp,max_are,compl,dim_penalty,age,minus_spearman,valid,max_ae,q75_are,n_params,eqs_orig,minus_r2,mse,mare,ms_processed_e,recursive_compl,mae,eqs_orig_rounded
32.21194005012512,0.29777559420425986,1.0,0.0,5.0,-0.9976625853646766,true,0.03575081533538746,0.0586848535320886,0.0,v1,-0.9907180686703486,0.00027545871271995523,0.047923810442292776,0.00027545871271995523,2.0,0.013686038639562309,v1
34.17907404899597,0.16660254171205838,4.0,0.0,3.0,-0.9976626464120878,true,0.021913258675397757,0.04483034707888768,1.0,(0.0138375566599897+v1),-0.997028864468312,8.817401678687673e-5,0.03188021587522287,8.817401678687673e-5,3.0,0.007641626987260996,(0.0138+v1)
37.02771806716919,0.0,6.0,0.0,0.0,-1.0,true,0.0,0.0,0.0,sqrt_abs((pow2(v2)+pow2(v1))),-1.0,0.0,0.0,0.0,256.0,0.0,sqrt_abs((pow2(v2)+pow2(v1)))
