time,generation,mean age hall_of_fame,mean compl,mean recursive_compl,mean n_params,min mae,min mse,min max_ae,min minus_r2,min mare,min q75_are,min max_are,min ms_processed_e,min minus_spearman,max penalty
18.1197190284729,1.0,0.0,10.571428571428571,28422.428571428572,1.8571428571428572,0.003080598750258659,1.937748856016198e-5,0.015388414311577905,-0.9993470509014563,0.01597781713153078,0.011300014923709065,0.14587440021841655,1.937748856016198e-5,-0.9997455079658929,0.0
25.17013192176819,5.0,2.0,9.88888888888889,7319.444444444444,2.111111111111111,0.0027221689104989775,1.6265902223885792e-5,0.015708925317407862,-0.9994518997567144,0.01349994817038595,0.010892939638943217,0.14891268277256312,1.6265902223885792e-5,-0.9997455079658929,0.0
30.95486307144165,10.0,2.6,10.2,41.6,2.0,0.002622262196749408,1.4174983057386817e-5,0.012617478971829996,-0.9995223559348024,0.012917669392081228,0.010176459640847294,0.12617478971829996,1.4174983057386817e-5,-0.9997717596015722,0.0
36.1814911365509,16.0,2.3333333333333335,8.666666666666666,1.431655895e9,1.5,4.9781515406115965e-8,4.025675509128167e-15,1.8956492059407637e-7,-0.9999999999998643,1.543648611796924e-7,1.927135975798855e-7,5.940971343059076e-7,4.025675509128167e-15,-0.9999966345179878,0.0
