max_are,compl,dim_penalty,age,minus_spearman,valid,max_ae,q75_are,n_params,eqs_orig,minus_r2,mse,mare,ms_processed_e,recursive_compl,mae,eqs_orig_rounded
6.963562352814098,1.0,0,4309.0,-0.10910894511799618,true,2.2791733309550617,2.0580686031659794,1.0,0.69635623528141,0.02460252058915624,1.6297748525797857,1.8152919486552972,1.6297748525797857,1.0,1.0949193435707762,0.696
11.66194148671178,4.0,0,4322.0,-1.0,true,1.3566749439387324,2.371128351462459,1.0,exp((0.153745582361654*v1)),-0.5744585256126225,0.6768837473554943,2.4049191479597467,0.6768837473554943,8.0,0.7115168050488696,exp((0.154*v1))
2.6946382003876272,5.0,0,4081.0,-1.0,true,0.916290731874155,1.1145567352811243,1.0,sqrt_abs((exp(v1)/37.4363550418935)),-0.8697403951470316,0.20719627761044035,0.7502789491751058,0.20719627761044035,32.0,0.3860575557715285,sqrt_abs((exp(v1)/37.4))
1.6277779277664983,6.0,0,1829.0,-1.0,true,0.3420664875021022,0.3325223446640391,2.0,(-1.11908962941455+exp((0.248317938323341*v1))),-0.9802014870582445,0.031492327866219395,0.35557434298576374,0.031492327866219395,9.0,0.14360187446053777,(-1.12+exp((0.248*v1)))
0.8602748145310608,8.0,0,3737.0,-1.0,true,0.12423161306372671,0.14800924572252283,2.0,log((-2.10216075350981+sqrt_abs((-6.40048604481804-exp(v1))))),-0.9960578445397426,0.006270554390587804,0.18437743397059062,0.006270554390587804,8.589934592e9,0.07149790021174654,log((-2.1+sqrt_abs((-6.4-exp(v1)))))
4.440892098500627e-15,9.0,0,1230.0,-1.0,true,4.440892098500627e-16,9.365739253434072e-16,3.0,log(((0.3*exp((0.693147180559946*v1)))--0.4)),-1.0,1.078520768856852e-31,8.708737658298403e-16,1.078520768856852e-31,1024.0,2.7755575615628914e-16,log(((0.3*exp((0.693*v1)))--0.4))
2.220446049250313e-15,10.0,0,4241.0,-1.0,true,4.440892098500626e-16,3.0937762884842217e-16,3.0,log(((0.3*pow2(exp((0.346573590279973*v1))))--0.4)),-1.0,4.8148248609680896e-32,4.1213183370622164e-16,4.8148248609680896e-32,4.631683569492648e77,1.5959455978986625e-16,log(((0.3*pow2(exp((0.347*v1))))--0.4))
0.0,13.0,0,0.0,-1.0,true,0.0,0.0,5.0,log(((exp((((0.0392295519888327*v1)-0.184915124937828)/0.0565962801105847))--0.0508139509258324)/0.127034877314581)),-1.0,0.0,0.0,0.0,1.7179869184e10,0.0,log(((exp((((0.0392*v1)-0.185)/0.0566))--0.0508)/0.127))
