time_stamp,run,compl,age,dim_penalty,minus_spearman,mare,mae,ms_processed_e,eqs_orig_rounded
1756.1486089229584,7,12.0,120.0,0.0,-1.0,0.11781400133457604,0.02594065243630147,0.0008348340463143612,log(1.17 + exp(0.6756756756756757v1)) - 1.16
1553.3088190555573,16,12.0,664.0,0.0,-1.0,0.11781400137062666,0.025940652434969215,0.0008348340463143588,log(1.17 + exp(0.677v1)) - 1.16
694.5432028770447,27,12.0,3177.0,0.0,-1.0,0.1178140013705614,0.025940652434967425,0.0008348340463143575,log(1.17 + exp(0.677v1)) - 1.16
