time_stamp,run,compl,age,dim_penalty,minus_spearman,mare,mae,ms_processed_e,eqs_orig_rounded
115.24441814422607,14,12.0,2019.0,0.0,-1.0,0.11781400137402469,0.025940652434909485,0.0008348340463143618,log(0.367 + exp(0.677v1 - 1.16))
26.92508316040039,15,14.0,3254.0,0.0,-1.0,0.11781400135811351,0.025940652434621975,0.0008348340463143625,log(0.367 + exp(0.677v1 - 1.16))
29.096137046813965,18,12.0,4286.0,0.0,-1.0,0.1178140013781071,0.025940652434843135,0.0008348340463143608,log(0.367 + exp(0.677v1 - 1.16))
108.04503583908081,23,12.0,3416.0,0.0,-1.0,0.11781400137068389,0.02594065243497088,0.0008348340463143693,log(1.17 + exp(0.677v1)) - 1.16
73.2533929347992,24,12.0,3819.0,0.0,-1.0,0.11781400227090577,0.02594065241973436,0.0008348340463143602,log(0.367 + exp(0.677(v1 - 1.72)))
123.61834406852722,25,12.0,3368.0,0.0,-1.0,0.11781400211885,0.02594065242792779,0.0008348340463143603,log(0.367 + exp(0.677v1 - 1.16))
89.56853604316711,26,12.0,3387.0,0.0,-1.0,0.1178140013705923,0.025940652434965825,0.0008348340463143667,log(0.367 + exp(0.6756756756756757v1 - 1.16))
76.06384420394897,28,12.0,4163.0,0.0,-1.0,0.11781400137506357,0.025940652434890837,0.0008348340463143608,log(0.367 + exp(0.6756756756756757v1 - 1.16))
306.7034890651703,29,12.0,1583.0,0.0,-1.0,0.11781400137125243,0.025940652434981067,0.000834834046314364,log(1.17 + exp(0.677v1)) - 1.16
