time,generation,mean age hall_of_fame,mean compl,mean recursive_compl,mean n_params,min mae,min mse,min max_ae,min minus_r2,min mare,min q75_are,min max_are,min ms_processed_e,min minus_spearman,max penalty
11.565963983535767,1.0,0.0,9.2,26285.4,1.2,0.004831351090754278,6.228510268074958e-5,0.02217298958271985,-0.9979012243242029,0.02420838360647419,0.025406396249915288,0.1690646596117092,6.228510268074958e-5,-0.9996289418085544,3.0
16.769730806350708,8.0,2.625,10.125,77.25,1.375,0.00443465398875238,3.637154300084236e-5,0.021443835773214084,-0.9987744146440178,0.019773414213830266,0.013221694805885338,0.16906465907178908,3.637154300084236e-5,-0.9996663903145211,9.0
