max_are,compl,dim_penalty,age,minus_spearman,valid,max_ae,q75_are,n_params,eqs_orig,minus_r2,mse,mare,ms_processed_e,recursive_compl,mae,eqs_orig_rounded
0.769599253972468,1.0,0,5124.0,-1.0,true,31.46175895905491,0.5653544623687768,0.0,v1,-0.23207596005128772,103.97669332875144,0.36110504409031774,103.97669332875144,2.0,4.565745478711937,v1
3.1453408873187376,3.0,0,6266.0,-1.0,true,4.503137326534578,2.45002419153444,1.0,(3.93990185273599*v1),-0.9230756835454474,10.415530241836201,1.5767199621796582,10.415530241836201,3.0,2.9832239288370244,(3.94*v1)
0.7762597785362001,4.0,0,8053.0,-1.0,true,3.2297403387192105,0.7309737001781367,1.0,(pow2(v1)/2.12398328102264),-0.9756722740536711,3.2939670703319734,0.5547641589133576,3.2939670703319734,5.0,1.455037982946346,(pow2(v1)/2.12)
7.53427700464736e-16,5.0,0,9020.0,-1.0,true,2.6645352591003757e-15,4.3888347930036435e-16,1.0,sqrt_abs(pow3((1.25992104989487*v1))),-1.0,1.21040845144849e-30,2.9744051487364984e-16,1.21040845144849e-30,256.0,7.105427357601002e-16,sqrt_abs(pow3((1.26*v1)))
5.65070775348552e-16,7.0,0,2308.0,-1.0,true,6.661338147750939e-16,3.6950016485586477e-16,2.0,(pow3(sqrt_abs((0.685459079168162*v1)))/0.401289043249135),-1.0,6.656013887802288e-32,1.9340259683986325e-16,6.656013887802288e-32,257.0,1.554312234475219e-16,(pow3(sqrt_abs((0.685*v1)))/0.401)
