time_stamp,max_are,compl,dim_penalty,age,minus_spearman,valid,max_ae,q75_are,n_params,eqs_orig,minus_r2,mse,mare,ms_processed_e,recursive_compl,mae,eqs_orig_rounded
32.7686710357666,0.29777559420425986,1.0,0.0,23.0,-0.9976625853646766,true,0.03575081533538746,0.0586848535320886,0.0,v1,-0.9907180686703486,0.00027545871271995523,0.047923810442292776,0.00027545871271995523,2.0,0.013686038639562309,v1
43.77310299873352,0.17116000055661018,4.0,0.0,11.0,-0.9976625853646766,true,0.022394028877728817,0.04351383964093007,1.0,(0.0133567864576586+v1),-0.9970259851459528,8.825946607565098e-5,0.031785302379989853,8.825946607565098e-5,3.0,0.007624482199953327,(0.0134+v1)
52.01662492752075,0.17115999104328491,6.0,0.0,3.0,-0.9976626464120878,true,0.02239402787416006,0.043513843323618503,1.0,sqrt_abs(pow2((0.0133567874612274+v1))),-0.997025985168221,8.825946541479752e-5,0.03178530250293284,8.825946541479752e-5,256.0,0.007624482194469342,sqrt_abs(pow2((0.0134+v1)))
54.893362045288086,0.0,7.0,0.0,0.0,-1.0,true,0.0,0.0,0.0,sqrt_abs((pow2(v2)+(v1*v1))),-1.0,0.0,0.0,0.0,512.0,0.0,sqrt_abs((pow2(v2)+(v1*v1)))
