time,generation,mean age hall_of_fame,mean compl,mean recursive_compl,mean n_params,min mae,min mse,min max_ae,min minus_r2,min mare,min q75_are,min max_are,min ms_processed_e,min minus_spearman,max penalty
18.34846591949463,1.0,0.0,10.0,24682.0,1.5,0.0031053507387806736,2.2822784453105263e-5,0.016148204596138444,-0.9992309572786666,0.0176514602744874,0.013306941424033995,0.1530768286043393,2.2822784453105263e-5,-0.9996793624474287,0.0
23.842350959777832,3.0,0.5,8.5,85.0,1.75,0.0030388765490271573,1.8918665058487716e-5,0.014864824887385261,-0.9993625115423375,0.016100192208347915,0.013669882142212967,0.14091103676404498,1.8918665058487716e-5,-0.9997702910165431,0.0
29.679096937179565,10.0,2.0833333333333335,10.333333333333334,61.666666666666664,2.0,0.0026783170389809096,1.401811112533149e-5,0.01434374225805667,-0.9995276419338783,0.012463628018477028,0.011585143040097971,0.14090949196127445,1.401811112533149e-5,-0.9997722490274394,0.0
34.781511068344116,16.0,4.230769230769231,13.384615384615385,8.457789822846153e10,2.6923076923076925,0.0019798531213436592,8.093704182601741e-6,0.01063988665622137,-0.9997272723535094,0.009666798733430609,0.004911539306409815,0.1063988665622137,8.093704182601741e-6,-0.9998475136304076,0.0
40.46244406700134,22.0,4.5,10.6,39353.2,2.0,0.0010966323222625517,3.550142306224573e-6,0.01165791379402106,-0.9998803734440944,0.0055618070706209164,0.0031783585508101805,0.11657913794021059,3.550142306224573e-6,-0.9999034414735393,0.0
47.420063972473145,28.0,5.777777777777778,12.11111111111111,101963.44444444444,2.3333333333333335,0.0006826059740216263,1.1235354743864106e-6,0.007079564853931838,-0.999962141044599,0.0034455652369738674,0.002333721879430357,0.07079564853931838,1.1235354743864106e-6,-0.9999656721462299,0.0
52.503817081451416,34.0,4.6,10.7,29545.8,1.9,3.266728568150392e-5,1.108422174133614e-9,3.8583393408453404e-5,-0.9999999626503064,0.00010254919033344293,0.00011528488569836166,0.00030100174847065564,1.108422174133614e-9,-0.9999949823795932,0.0
