time,generation,mean age hall_of_fame,mean compl,mean recursive_compl,mean n_params,min mae,min mse,min max_ae,min minus_r2,min mare,min q75_are,min max_are,min ms_processed_e,min minus_spearman,max penalty
9.886860847473145,1.0,0.0,5.5,32896.0,0.5,0.007625466873940795,8.834297940615175e-5,0.022502863821622227,-0.9970231710581674,0.031772854038980496,0.04311445973033735,0.172191700889198,8.834297940615175e-5,-0.9976626464120878,0.0
14.919626951217651,4.0,1.1428571428571428,6.142857142857143,46.0,1.1428571428571428,0.003564689741397684,3.798323859204487e-5,0.02154221347933921,-0.9987201065132125,0.019178861187414808,0.01733188702114677,0.15954391635894166,3.798323859204487e-5,-0.9997722490693209,0.0
20.11299991607666,15.0,4.75,9.75,284.8333333333333,1.9166666666666667,0.002279402614560432,1.0929678405800356e-5,0.01495268126442513,-0.9996317105986009,0.011214814257101536,0.007177078586155631,0.1417438708720024,1.0929678405800356e-5,-0.9997722490693209,0.0
25.29505181312561,25.0,9.75,6.75,4451.0,1.25,3.059686639172796e-15,1.427592395002492e-29,8.881784197001252e-15,-1.0,1.247139309103691e-14,1.6875389974302392e-14,6.788208250871805e-14,1.427592395002492e-29,-0.9999977359516276,0.0
30.664472818374634,37.0,9.571428571428571,7.0,5012.857142857143,1.1428571428571428,3.039389692001531e-15,1.4083346829506587e-29,8.854028621385623e-15,-1.0,1.2402665591124503e-14,1.674279206342866e-14,6.761897366178504e-14,1.4083346829506587e-29,-0.9999977359516276,0.0
36.004868030548096,49.0,14.125,8.625,2.2471164185778946e307,1.125,1.0996061377776483e-16,3.680104824881577e-32,4.440892098500626e-16,-1.0,2.0688516525677036e-16,3.8177278653793125e-16,9.829158385572623e-16,3.680104824881577e-32,-0.9999977359516276,0.0
41.25668287277222,60.0,19.22222222222222,9.555555555555555,Inf,1.0,0.0,0.0,0.0,-1.0,0.0,0.0,0.0,0.0,-1.0,0.0
