time,generation,mean age hall_of_fame,mean compl,mean recursive_compl,mean n_params,min mae,min mse,min max_ae,min minus_r2,min mare,min q75_are,min max_are,min ms_processed_e,min minus_spearman,max penalty
11.97934103012085,1.0,0.0,7.5,32835.5,1.0,0.0031973316377932634,2.3877398329839543e-5,0.015408262340932913,-0.999195420724072,0.018182616852202724,0.021573815796758655,0.1460625495182111,2.3877398329839543e-5,-0.9996739778754428,3.0
17.766166925430298,9.0,2.2857142857142856,8.142857142857142,9.428571428571429,1.2857142857142858,0.0031950743559391935,2.3869345083341698e-5,0.015361174778306202,-0.9991956920884453,0.018181425447420112,0.011877055830852083,0.1456161831924263,2.3869345083341698e-5,-0.9997516892084387,3.0
24.054637908935547,19.0,5.142857142857143,10.428571428571429,1180.0,1.5714285714285714,0.0019493868055062522,1.0153815864206825e-5,0.014051637786716517,-0.9996578542727697,0.00995475515020249,0.0054359039501228335,0.13320243351399155,1.0153815864206825e-5,-0.9998790876306253,7.0
29.17955493927002,30.0,10.875,10.5,1.8446744073709552e19,1.75,0.0018493130256475464,6.423894668973632e-6,0.011937661219492711,-0.9997835387067718,0.00871285338457647,0.0054359039501228335,0.11937661219492711,6.423894668973632e-6,-0.9998305635980042,7.0
34.299970865249634,37.0,8.9,11.6,105806.2,1.8,1.4340575275830843e-5,9.064533985314352e-9,0.0007424939127386901,-0.9999996945590097,0.0001330297177855309,8.437001971592713e-6,0.007424939127386901,9.064533985314352e-9,-0.9999903319015386,7.0
39.63924288749695,46.0,18.833333333333332,6.333333333333333,3.07445734561826e18,0.3333333333333333,9.427287652911858e-18,6.558048784927809e-34,1.1102230246251565e-16,-1.0,4.0798368500096134e-17,0.0,4.85722573273506e-16,6.558048784927809e-34,-0.9999984090488726,4.0
44.81055498123169,54.0,23.5,6.333333333333333,3.07445734561826e18,0.3333333333333333,9.427287652911858e-18,6.558048784927809e-34,1.1102230246251565e-16,-1.0,4.0798368500096134e-17,0.0,4.85722573273506e-16,6.558048784927809e-34,-0.9999984090488726,7.0
49.97181296348572,62.0,27.571428571428573,6.857142857142857,2.6352491533870986e18,0.42857142857142855,9.427287652911858e-18,6.558048784927809e-34,1.1102230246251565e-16,-1.0,4.0798368500096134e-17,0.0,4.85722573273506e-16,6.558048784927809e-34,-0.9999984090488726,8.0
