time,generation,mean age hall_of_fame,mean compl,mean recursive_compl,mean n_params,min mae,min mse,min max_ae,min minus_r2,min mare,min q75_are,min max_are,min ms_processed_e,min minus_spearman,max penalty
11.550879001617432,1.0,0.0,7.166666666666667,32818.0,0.6666666666666666,0.004578982777814616,5.694665856649675e-5,0.02238437698372578,-0.9980811099817899,0.023239176068704497,0.023148194194028946,0.17106850547335084,5.694665856649675e-5,-0.9996609442495611,5.0
