time_stamp,max_are,compl,dim_penalty,age,minus_spearman,valid,max_ae,q75_are,n_params,eqs_orig,minus_r2,mse,mare,ms_processed_e,recursive_compl,mae,eqs_orig_rounded
12.52921199798584,3.856730586685495,2.0,0.0,1.0,100.0,true,0.3856730586685495,0.514923109518399,1.0,0.38567305866855,0.0015103681408406011,0.029721697671095122,0.6688003704164067,0.029721697671095122,1.0,0.1448792099441953,0.386
12.646167993545532,0.29777559420425986,3.0,0.0,1.0,-0.9976633196502763,true,0.03575081533538746,0.0586848535320886,0.0,sqrt_abs(pow2(v1)),-0.9907180686703486,0.00027545871271995523,0.04792381044229276,0.00027545871271995523,16.0,0.013686038639562309,sqrt_abs(pow2(v1))
14.01387095451355,0.0,6.0,0.0,0.0,-1.0,true,0.0,0.0,0.0,sqrt_abs((pow2(v2)+pow2(v1))),-1.0,0.0,0.0,0.0,256.0,0.0,sqrt_abs((pow2(v2)+pow2(v1)))
