time,generation,mean age hall_of_fame,mean compl,mean recursive_compl,mean n_params,min mae,min mse,min max_ae,min minus_r2,min mare,min q75_are,min max_are,min ms_processed_e,min minus_spearman,max penalty
11.622148036956787,1.0,0.0,7.428571428571429,37489.857142857145,0.8571428571428571,0.005169524715997652,4.3154499730018075e-5,0.021075920666157835,-0.9985458542984381,0.021688820557388255,0.017310538360091502,0.16627230596632092,4.3154499730018075e-5,-0.9995851286362804,3.0
18.428837060928345,6.0,1.8571428571428572,5.285714285714286,2.6352491533870787e18,0.8571428571428571,0.004578983942692608,4.204692630504604e-5,0.021684590770989484,-0.9985831753923023,0.02082518325650386,0.012567743669582977,0.16627241975524615,4.204692630504604e-5,-0.999724826640541,3.0
