time_stamp,max_are,compl,dim_penalty,age,minus_spearman,valid,max_ae,q75_are,n_params,eqs_orig,minus_r2,mse,mare,ms_processed_e,recursive_compl,mae,eqs_orig_rounded
14.148099899291992,3.7767734666101713,2.0,0.0,6.0,100.0,true,0.37767734666101715,0.4835159665380686,1.0,0.377677346661017,5.7009217927284084e-5,0.029678566520496445,0.6574577739776682,0.029678566520496445,1.0,0.14545677710673435,0.378
12.610100984573364,0.29777559420425986,3.0,0.0,7.0,-0.9976633196502763,true,0.03575081533538746,0.0586848535320886,0.0,sqrt_abs(pow2(v1)),-0.9907180686703486,0.00027545871271995523,0.04792381044229276,0.00027545871271995523,16.0,0.013686038639562309,sqrt_abs(pow2(v1))
19.177778005599976,0.16627971332854607,4.0,0.0,1.0,-0.9976625853646766,true,0.02187920323517259,0.044602175629378904,1.0,(v1--0.0138716121002149),-0.9970284776419054,8.818549658566123e-5,0.031888525527309045,8.818549658566123e-5,3.0,0.007643674035580555,(v1--0.0139)
19.645676851272583,0.0,6.0,0.0,0.0,-1.0,true,0.0,0.0,0.0,sqrt_abs((pow2(v2)+pow2(v1))),-1.0,0.0,0.0,0.0,256.0,0.0,sqrt_abs((pow2(v2)+pow2(v1)))
