time,generation,mean age hall_of_fame,mean compl,mean recursive_compl,mean n_params,min mae,min mse,min max_ae,min minus_r2,min mare,min q75_are,min max_are,min ms_processed_e,min minus_spearman,max penalty
16.79190492630005,1.0,0.0,8.0,29644.8,1.0,0.0021901960813828065,1.2728743567776008e-5,0.015691600804109418,-0.999571088812032,0.011737882519951963,0.006083897655312179,0.14906376181429942,1.2728743567776008e-5,-0.9998027828367883,0.0
21.92787480354309,3.0,0.7142857142857143,7.571428571428571,2416.4285714285716,1.5714285714285714,0.0021901960813828065,1.2728743567776008e-5,0.015691600804109418,-0.999571088812032,0.011737882519951963,0.006083897655312179,0.14906376181429942,1.2728743567776008e-5,-0.9998027828367883,0.0
