time_stamp,max_are,compl,dim_penalty,age,minus_spearman,valid,max_ae,q75_are,n_params,eqs_orig,minus_r2,mse,mare,ms_processed_e,recursive_compl,mae,eqs_orig_rounded
20.137709856033325,3.7949345060272375,2.0,0.0,2.0,100.0,true,0.37949345060272377,0.49064961968998155,1.0,0.379493450602724,8.950652224282152e-6,0.029677140292465494,0.6599803430811874,0.029677140292465494,1.0,0.14530509224312246,0.379
22.843347787857056,0.27708630203053664,4.0,0.0,0.0,-0.9976625853646766,true,0.03115597205371129,0.03294236087960281,1.0,(1.02946250800024*v1),-0.9954116034385161,0.00013616926966884891,0.034647685131223814,0.00013616926966884891,3.0,0.008860234753769698,(1.03*v1)
23.386735916137695,0.0,6.0,0.0,0.0,-1.0,true,0.0,0.0,0.0,sqrt_abs((pow2(v2)+pow2(v1))),-1.0,0.0,0.0,0.0,256.0,0.0,sqrt_abs((pow2(v2)+pow2(v1)))
