time_stamp,max_are,compl,dim_penalty,age,minus_spearman,valid,max_ae,q75_are,n_params,eqs_orig,minus_r2,mse,mare,ms_processed_e,recursive_compl,mae,eqs_orig_rounded
26.464946031570435,0.29777559420425986,1.0,0.0,13.0,-0.9976625853646766,true,0.03575081533538746,0.0586848535320886,0.0,v1,-0.9907180686703486,0.00027545871271995523,0.047923810442292776,0.00027545871271995523,2.0,0.013686038639562309,v1
36.03563189506531,0.16451795060124286,4.0,0.0,3.0,-0.9976626464120878,true,0.021693353389511894,0.0448291218183201,1.0,(0.0140574619458756+v1),-0.997024989479343,8.828901434883518e-5,0.031933873570015134,8.828901434883518e-5,3.0,0.007654845337778726,(0.0141+v1)
38.630642890930176,0.0,6.0,0.0,0.0,-1.0,true,0.0,0.0,0.0,sqrt_abs((pow2(v2)+pow2(v1))),-1.0,0.0,0.0,0.0,256.0,0.0,sqrt_abs((pow2(v2)+pow2(v1)))
