time,generation,mean age hall_of_fame,mean compl,mean recursive_compl,mean n_params,min mae,min mse,min max_ae,min minus_r2,min mare,min q75_are,min max_are,min ms_processed_e,min minus_spearman,max penalty
19.013787031173706,1.0,0.0,10.428571428571429,1.6541727033902313e76,1.8571428571428572,0.007314648939327441,7.885144555256501e-5,0.01936678107415346,-0.9973430003515382,0.02947872049039808,0.032468885436678266,0.17055264754795518,7.885144555256501e-5,-0.9976622781247755,0.0
24.72322392463684,5.0,1.0,6.714285714285714,1.6541727033902313e76,1.4285714285714286,0.003082543385924914,1.8881876350426892e-5,0.01429632414483556,-0.9993637511846002,0.016302107863138657,0.012413569314560875,0.13552193668108453,1.8881876350426892e-5,-0.9997707190690863,0.0
29.906420946121216,11.0,2.5555555555555554,11.555555555555555,1.9068882389251693e155,2.3333333333333335,0.0016363128850045686,3.9242165163886855e-6,0.00537016056235331,-0.9998677685382752,0.006646330041861754,0.0073643369008400085,0.0537016056235331,3.9242165163886855e-6,-0.9998481857817747,0.0
35.52308201789856,16.0,4.6,14.2,1.7976931348623158e307,2.9,0.0015112902750370335,3.2829990911747886e-6,0.0033433415915334885,-0.9998893751741642,0.005468961953695155,0.006702960800620644,0.03232433784235274,3.2829990911747886e-6,-0.9998483081090669,0.0
