max_are,compl,dim_penalty,age,minus_spearman,valid,max_ae,q75_are,n_params,eqs_orig,minus_r2,mse,mare,ms_processed_e,recursive_compl,mae,eqs_orig_rounded
11.67527107902146,1.0,0,200.0,100.0,true,2.083817839776301,2.7739825015241277,1.0,1.16752710790215,0.04697431825038123,1.665360352812893,2.654156360076376,1.665360352812893,1.0,1.1293962662510233,1.17
11.561977805145563,2.0,0,177.0,-0.5773502691896257,true,2.0724885123887113,2.7567683157432636,1.0,log(3.17782747869023),0.04316116978892515,1.659295002253282,2.632040121064839,1.659295002253282,2.0,1.1265639344041256,log(3.18)
1.0246625348905873,4.0,0,3286.0,-1.0,true,1.168385548414082,0.8962807589893342,1.0,exp((-4.73340042607088+v1)),-0.6421939757519557,0.5691409582768767,0.6610304363169194,0.5691409582768767,8.0,0.6627880427100372,exp((-4.73+v1))
1.4648007104472793,5.0,0,822.0,-1.0,true,0.6034172474020318,0.5472687854222082,1.0,(v1/(7.82686725141366-v1)),-0.9150106102105514,0.13518761415431407,0.48942206333185156,0.13518761415431407,7.0,0.32000046874159177,(v1/(7.83-v1))
2.362029191492123,6.0,0,582.0,-1.0,true,0.3273745806886381,0.3925380135238885,2.0,(-1.02930036325009+exp((v1/4.24682739606241))),-0.9828695518486363,0.027248394425636167,0.4740616195087806,0.027248394425636167,9.0,0.13912207081265401,(-1.03+exp((v1/4.25)))
0.5105916018175564,8.0,0,1387.0,-1.0,true,0.1821152309538645,0.20713207472623618,3.0,(-140.152607803581+pow2(((-500.338329407488-v1)/42.3447499638505))),-0.9934482135955628,0.010421540555342444,0.14346419010769504,0.010421540555342444,17.0,0.0823911588928952,(-140.0+pow2(((-500.0-v1)/42.3)))
7.771561172376099e-15,9.0,0,171.0,-1.0,true,1.1102230246251565e-15,1.8734370591570702e-15,3.0,log((0.4+(0.3*exp((0.693147180559945*v1))))),-1.0,7.430237725445956e-31,1.8504556430759963e-15,7.430237725445956e-31,1024.0,8.534839501805891e-16,log((0.4+(0.3*exp((0.693*v1)))))
2.598374248827681e-15,13.0,0,187.0,-1.0,true,1.3322676295501878e-15,4.525323610825752e-16,3.0,log((0.4+pow2(pow2(pow2(pow2(exp((-0.075248300270371+(0.0433216987849966*v1))))))))),-1.0,5.735419374385188e-31,6.203655831770882e-16,5.735419374385188e-31,1.7976931348623157e308,6.036837696399289e-16,log((0.4+pow2(pow2(pow2(pow2(exp((-0.0752+(0.0433*v1)))))))))
