time_stamp,max_are,compl,dim_penalty,age,minus_spearman,valid,max_ae,q75_are,n_params,eqs_orig,minus_r2,mse,mare,ms_processed_e,recursive_compl,mae,eqs_orig_rounded
14.188624858856201,3.8507305866123853,2.0,0.0,0.0,100.0,true,0.38507305866123853,0.5125663105241303,1.0,0.385073058661239,0.0012517830144012088,0.029714023672707528,0.6679301674973266,0.029714023672707528,1.0,0.14491527551840522,0.385
14.160402059555054,0.8088733390832296,3.0,1.0,0.0,-0.9976622139310426,true,0.17189495232494068,0.494019511527144,0.0,pow3(sqrt_abs(v1)),-0.3107716868265451,0.020454142265673998,0.4012707579172461,0.020454142265673998,16.0,0.13789901205633365,pow3(sqrt_abs(v1))
14.277600049972534,0.8962058957420952,5.0,0.0,0.0,-0.9976625839342514,true,0.15842099282719285,0.48579271114245737,1.0,pow2((v1/0.707940845546518)),-0.679810261188464,0.009502230747755058,0.3060948877237811,0.009502230747755058,8.0,0.08689287745961427,pow2((v1/0.708))
14.498183012008667,0.48049253694440497,5.0,2.0,0.0,-0.9976615418358575,true,0.06713997851155062,0.15450146491249428,1.0,pow2((0.219201399845988+v1)),-0.9510922930608644,0.0014514278889892517,0.11257231313167368,0.0014514278889892517,8.0,0.03357865086351535,pow2((0.219+v1))
10.157646894454956,0.0,6.0,0.0,1.0,-1.0,true,0.0,0.0,0.0,sqrt_abs((pow2(v1)+pow2(v2))),-1.0,0.0,0.0,0.0,256.0,0.0,sqrt_abs((pow2(v1)+pow2(v2)))
