max_are,compl,dim_penalty,age,minus_spearman,valid,max_ae,q75_are,n_params,eqs_orig,minus_r2,mse,mare,ms_processed_e,recursive_compl,mae,eqs_orig_rounded
6.394150370312934,1.0,0,8517.0,-0.7637626158259734,true,2.3361145292051777,1.971550107254543,1.0,0.639415037031293,0.0408040458020984,1.6555456640260697,1.7179615215119128,1.6555456640260697,1.0,1.094919343570776,0.639
1.0240057037438435,4.0,0,8498.0,-1.0,true,1.1811765416120437,0.8990430876921495,1.0,exp((-4.76039425403515+v1)),-0.6413746171870639,0.570444263663573,0.6600708466839511,0.570444263663573,8.0,0.6576146259758973,exp((-4.76+v1))
1.4395035008552866,5.0,0,7743.0,-1.0,true,0.635189533367539,0.5582485734851463,1.0,(v1/(7.94683965274031-v1)),-0.9110047057933396,0.141559570254184,0.48773109979801726,0.141559570254184,7.0,0.3100928179386454,(v1/(7.95-v1))
1.3010277259228875,6.0,0,8501.0,-1.0,true,0.2230980925817655,0.33490951351671305,2.0,(-1.13938882445592+exp((v1/4.19082497342527))),-0.9849562024346131,0.023929282298925568,0.31004494293180745,0.023929282298925568,9.0,0.13777287362187124,(-1.14+exp((v1/4.19)))
0.5532900814617928,8.0,0,529.0,-1.0,true,0.11184441852904747,0.1518019300782396,2.0,log((sqrt_abs((-5.64983091200228-exp(v1)))-1.94659524589633)),-0.9959160171411927,0.006496150875974653,0.15263093451667767,0.006496150875974653,8.589934592e9,0.07590590212022208,log((sqrt_abs((-5.65-exp(v1)))-1.95))
3.634947902466517e-16,9.0,0,4750.0,-1.0,true,3.3306690738754696e-16,0.0,3.0,log((0.4-(-0.3*exp((0.693147180559945*v1))))),-1.0,1.3866695599588098e-32,4.543684878083146e-17,1.3866695599588098e-32,1024.0,4.163336342344337e-17,log((0.4-(-0.3*exp((0.693*v1)))))
1.1102230246251565e-15,10.0,0,2835.0,-1.0,true,1.1102230246251565e-16,0.0,3.0,log((pow3((0.66943295008217/exp((-0.231049060186648*v1))))--0.4)),-1.0,1.5407439555097887e-33,1.3877787807814457e-16,1.5407439555097887e-33,2.6815615859885194e154,1.3877787807814457e-17,log((pow3((0.669/exp((-0.231*v1))))--0.4))
