time,generation,mean age hall_of_fame,mean compl,mean recursive_compl,mean n_params,min mae,min mse,min max_ae,min minus_r2,min mare,min q75_are,min max_are,min ms_processed_e,min minus_spearman,max penalty
12.276164054870605,1.0,0.0,5.0,32896.0,0.5,0.0076297647313593045,8.815496329965277e-5,0.02212726048004368,-0.9970295064997737,0.03183002921614998,0.04449277099335301,0.16863117080055995,8.815496329965277e-5,-0.9976626464120878,4.0
17.443109035491943,6.0,2.0,4.4,56.6,0.8,0.004933954963122583,4.200759214558413e-5,0.021808141581390994,-0.9985845008067844,0.020794500197171044,0.012871422001661473,0.16863117080055995,4.200759214558413e-5,-0.9997240311649612,1.0
