time_stamp,max_are,compl,dim_penalty,age,minus_spearman,valid,max_ae,q75_are,n_params,eqs_orig,minus_r2,mse,mare,ms_processed_e,recursive_compl,mae,eqs_orig_rounded
16.855669021606445,3.7630968990301574,2.0,0.0,6.0,-0.15645120233322984,true,0.3763096899030158,0.47814381315059046,1.0,0.376309689903016,0.00023992416709583964,0.02968399486451729,0.6556315949312699,0.02968399486451729,1.0,0.1455987742564722,0.376
15.350374937057495,0.29777559420425986,3.0,0.0,7.0,-0.9976633196502763,true,0.03575081533538746,0.0586848535320886,0.0,sqrt_abs(pow2(v1)),-0.9907180686703486,0.00027545871271995523,0.04792381044229276,0.00027545871271995523,16.0,0.013686038639562309,sqrt_abs(pow2(v1))
19.104573965072632,0.168631170984929,4.0,0.0,0.0,-0.9976626464120878,true,0.02212726049949293,0.044492770921982096,1.0,(0.0136235548358945+v1),-0.9970295064996919,8.815496330208339e-5,0.031830029212266464,8.815496330208339e-5,3.0,0.007629764730615348,(0.0136+v1)
10.221812963485718,0.16863117080055995,6.0,0.0,10.0,-0.9976626464120878,true,0.02212726048004368,0.04449277099335301,1.0,sqrt_abs(pow2((0.0136235548553438+v1))),-0.9970295064997737,8.815496329965277e-5,0.03183002921614998,8.815496329965277e-5,256.0,0.0076297647313593045,sqrt_abs(pow2((0.0136+v1)))
19.258455991744995,0.0,7.0,0.0,0.0,-1.0,true,0.0,0.0,0.0,sqrt_abs((pow2(v1)+(v2*v2))),-1.0,0.0,0.0,0.0,512.0,0.0,sqrt_abs((pow2(v1)+(v2*v2)))
