time_stamp,max_are,compl,dim_penalty,age,minus_spearman,valid,max_ae,q75_are,n_params,eqs_orig,minus_r2,mse,mare,ms_processed_e,recursive_compl,mae,eqs_orig_rounded
11.1718590259552,3.75083971889229,2.0,0.0,4.0,100.0,true,0.37508397188922904,0.4733291949056735,1.0,0.375083971889229,0.0005109676493610937,0.029692038587969264,0.6539949411872112,0.029692038587969264,1.0,0.1457260345967014,0.375
12.468142032623291,0.29777559420425986,3.0,0.0,3.0,-0.9976633196502763,true,0.03575081533538746,0.0586848535320886,0.0,sqrt_abs(pow2(v1)),-0.9907180686703486,0.00027545871271995523,0.04792381044229276,0.00027545871271995523,16.0,0.013686038639562309,sqrt_abs(pow2(v1))
13.604732990264893,0.1682101486450752,4.0,0.0,0.0,-0.9976626464120878,true,0.022082846495456582,0.04465575222492175,1.0,(0.0136679688399309+v1),-0.9970296270551109,8.815138559402123e-5,0.031838897566337634,8.815138559402123e-5,3.0,0.007631463626944602,(0.0137+v1)
13.450862169265747,0.0,6.0,0.0,0.0,-1.0,true,0.0,0.0,0.0,sqrt_abs((pow2(v2)+pow2(v1))),-1.0,0.0,0.0,0.0,256.0,0.0,sqrt_abs((pow2(v2)+pow2(v1)))
