time_stamp,max_are,compl,dim_penalty,age,minus_spearman,valid,max_ae,q75_are,n_params,eqs_orig,minus_r2,mse,mare,ms_processed_e,recursive_compl,mae,eqs_orig_rounded
10.809031963348389,3.7409519156490783,2.0,0.0,6.0,-0.15645120233322984,true,0.37409519156490784,0.46944526749647736,1.0,0.374095191564908,0.0008034001311818528,0.02970071707008026,0.6526746611540801,0.02970071707008026,1.0,0.14582869484895333,0.374
10.86033296585083,0.29777559420425986,3.0,0.0,6.0,-0.9976633196502763,true,0.03575081533538746,0.0586848535320886,0.0,sqrt_abs(pow2(v1)),-0.9907180686703486,0.00027545871271995523,0.04792381044229276,0.00027545871271995523,16.0,0.013686038639562309,sqrt_abs(pow2(v1))
15.421833038330078,0.17075297103294765,4.0,0.0,0.0,-0.9976626464120878,true,0.022351090987750954,0.04367140420656426,1.0,(v1--0.0133997243476365),-0.9970268757763114,8.823303495012361e-5,0.031791264659358845,8.823303495012361e-5,3.0,0.0076246367922341,(v1--0.0134)
15.370889902114868,0.0,6.0,0.0,0.0,-1.0,true,0.0,0.0,0.0,sqrt_abs((pow2(v1)+pow2(v2))),-1.0,0.0,0.0,0.0,256.0,0.0,sqrt_abs((pow2(v1)+pow2(v2)))
