time,generation,mean age hall_of_fame,mean compl,mean recursive_compl,mean n_params,min mae,min mse,min max_ae,min minus_r2,min mare,min q75_are,min max_are,min ms_processed_e,min minus_spearman,max penalty
10.077938079833984,1.0,0.0,6.333333333333333,43735.666666666664,0.6666666666666666,0.007613801183416548,8.765116051995267e-5,0.021269609031296266,-0.9970464827745799,0.03179126465100734,0.043671404017312884,0.15974778469690407,8.765116051995267e-5,-0.9976625853646766,3.0
15.494192123413086,8.0,3.0,3.75,69.0,0.5,0.0,0.0,0.0,-1.0,0.0,0.0,0.0,0.0,-1.0,0.0
