time_stamp,max_are,compl,dim_penalty,age,minus_spearman,valid,max_ae,q75_are,n_params,eqs_orig,minus_r2,mse,mare,ms_processed_e,recursive_compl,mae,eqs_orig_rounded
274.84453797340393,0.16547090263781059,2.0,0.0,7063.0,100.0,true,2.5448805224712068,0.13251936789306507,1.0,12.8347450304367,0.004542263755050069,1.826930050310097,0.08843496433533062,1.826930050310097,1.0,1.153186241291077,12.8
184.0837950706482,0.01735507026025612,5.0,0.0,7519.0,-1.0,true,0.26691448204714696,0.013900143940096548,1.0,(15.9452733225754-log(v1)),-0.9889488038152302,0.020098469850693464,0.009275779518708274,0.020098469850693464,5.0,0.12095456899811435,(15.9-log(v1))
391.89855313301086,4.2683845591343105e-15,8.0,0.0,6492.0,-1.0,true,4.796163466380676e-14,2.9212555031463217e-15,2.0,((-0.905069700286375*log(v1))--15.65),-1.0,9.819497821758779e-28,2.2470588659972035e-15,9.819497821758779e-28,6.0,2.862667368110404e-14,((-0.905*log(v1))--15.6)
1713.9104390144348,4.4264728761392846e-15,9.0,0.0,404.0,-1.0,true,4.973799150320701e-14,2.859657705363306e-15,2.0,(log(pow3((3.09316488350212e-8*v1)))/-3.31466184212196),-1.0,9.764884374474247e-28,2.243421792019743e-15,9.764884374474247e-28,257.0,2.8558352264204026e-14,(log(pow3((3.09e-8*v1)))/-3.31)
1394.6256310939789,4.1102962421293356e-15,10.0,0.0,1886.0,-1.0,true,4.796163466380676e-14,2.8099189621408083e-15,2.0,(log(pow3((0.000175873957239331*sqrt_abs(v1))))/-1.65733092106098),-1.0,9.684784651790267e-28,2.220776464972552e-15,9.684784651790267e-28,4.294967297e9,2.828506659660399e-14,(log(pow3((0.000176*sqrt_abs(v1))))/-1.66)
1125.0558171272278,4.17985063319711e-15,13.0,0.0,3124.0,-1.0,true,5.5067062021407764e-14,2.0423129463273517e-15,3.0,(log((1.89047397410572e-5*(v1+(-0.9983638151459*v1))))/-1.10488728070732),-1.0,6.0875789239824545e-28,1.6362494556238803e-15,6.0875789239824545e-28,65.0,2.090635357140295e-14,(log((1.89e-5*(v1+(-0.998*v1))))/-1.1)
