time_stamp,max_are,compl,dim_penalty,age,minus_spearman,valid,max_ae,q75_are,n_params,eqs_orig,minus_r2,mse,mare,ms_processed_e,recursive_compl,mae,eqs_orig_rounded
14.400573015213013,3.8242493546617338,2.0,0.0,0.0,100.0,true,0.3824249354661734,0.5021644871794938,1.0,0.382424935466173,0.0004003437025357215,0.02968875561496437,0.6640894933200753,0.02968875561496437,1.0,0.14507445232248017,0.382
14.503067970275879,0.29777559420425986,3.0,0.0,0.0,-0.9976633196502763,true,0.03575081533538746,0.0586848535320886,0.0,sqrt_abs(pow2(v1)),-0.9907180686703486,0.00027545871271995523,0.04792381044229276,0.00027545871271995523,16.0,0.013686038639562309,sqrt_abs(pow2(v1))
14.603538036346436,0.27683791457669327,4.0,0.0,0.0,-0.9976625853646766,true,0.031100808183726653,0.03261337353379361,1.0,(1.02981622321121*v1),-0.9954098547340309,0.00013622116575268288,0.03464822462069661,0.00013622116575268288,3.0,0.008882703837415313,(1.03*v1)
14.628784894943237,0.0,6.0,0.0,0.0,-1.0,true,0.0,0.0,0.0,sqrt_abs((pow2(v1)+pow2(v2))),-1.0,0.0,0.0,0.0,256.0,0.0,sqrt_abs((pow2(v1)+pow2(v2)))
