time_stamp,max_are,compl,dim_penalty,age,minus_spearman,valid,max_ae,q75_are,n_params,eqs_orig,minus_r2,mse,mare,ms_processed_e,recursive_compl,mae,eqs_orig_rounded
15.533998012542725,0.769599253972468,1.0,2.0,10052.0,-1.0,true,31.46175895905491,0.5653544623687768,0.0,v1,-0.23207596005128772,103.97669332875144,0.36110504409031774,103.97669332875144,2.0,4.565745478711937,v1
13.415456056594849,0.2928932188134529,3.0,2.5,10056.0,-1.0,true,11.973680852060998,0.2928932188134527,0.0,sqrt_abs(pow3(v1)),-0.8843021446925887,15.665456209570419,0.2928932188134525,15.665456209570419,16.0,2.012460513716631,sqrt_abs(pow3(v1))
1643.2944622039795,3.100520108126888,4.0,0.0,796.0,-1.0,true,4.369217816125875,2.4127214034891074,1.0,(v1/0.256587739632371),-0.9238928454524697,10.304886755519405,1.5510220899126037,10.304886755519405,3.0,2.965080269758671,(v1/0.257)
15.305005073547363,0.7592499670479129,5.0,3.5,10053.0,-1.0,true,2.554736254482215,0.5827692521028319,0.0,(v1+sqrt_abs(pow3(v1))),-0.9923544057256206,1.0352112576607104,0.3689288688256869,1.0352112576607104,18.0,0.8081880930717797,(v1+sqrt_abs(pow3(v1)))
9.687221050262451,7.53427700464736e-16,6.0,0.0,10057.0,-1.0,true,2.6645352591003757e-15,4.3888347930036435e-16,1.0,sqrt_abs(pow3((1.25992104989487*v1))),-1.0,1.21040845144849e-30,2.9744051487364984e-16,1.21040845144849e-30,256.0,7.105427357601002e-16,sqrt_abs(pow3((1.26*v1)))
739.6362090110779,7.53427700464736e-16,8.0,0.0,5512.0,-1.0,true,1.7763568394002505e-15,5.580164479680065e-16,1.0,pow3(((1.12246204830937*v1)/sqrt_abs(v1))),-1.0,5.081373565271283e-31,3.130424395455333e-16,5.081373565271283e-31,8192.0,4.718447854656915e-16,pow3(((1.12*v1)/sqrt_abs(v1)))
501.05509901046753,6.144696801231059e-16,9.0,0.0,6888.0,-1.0,true,8.881784197001252e-16,3.6950016485586477e-16,2.0,(pow3(sqrt_abs((-1.19873770583519*v1)))/0.92804973557141),-1.0,1.5160920522216322e-31,2.314547742647561e-16,1.5160920522216322e-31,257.0,2.55351295663786e-16,(pow3(sqrt_abs((-1.2*v1)))/0.928)
92.5956780910492,1.2289393602462119e-15,11.0,0.0,9595.0,-1.0,true,6.661338147750939e-16,3.8512774367680536e-16,2.0,(pow3(sqrt_abs((v1+(-1.94756901153243*v1))))/0.652230759400648),-1.0,8.289202480642663e-32,2.7207356936783384e-16,8.289202480642663e-32,4.294967297e9,1.8318679906315082e-16,(pow3(sqrt_abs((v1+(-1.95*v1))))/0.652)
