max_are,compl,dim_penalty,age,minus_spearman,valid,max_ae,q75_are,n_params,eqs_orig,minus_r2,mse,mare,ms_processed_e,recursive_compl,mae,eqs_orig_rounded
0.16291663844397014,1.0,0,7105.0,100.0,true,2.4477374221074975,0.13964642582869508,1.0,12.9318881308004,2.1504359418944574e-5,1.8187082845486175,0.08910430732544967,1.8187082845486175,1.0,1.153186241291077,12.9
0.017087883322236343,4.0,0,7103.0,-1.0,true,0.2567365206016543,0.01464713399686559,1.0,(15.9350953611299-log(v1)),-0.9889984217679454,0.020008231209552144,0.00934590850493309,0.020008231209552144,5.0,0.12095456899811435,(15.9-log(v1))
4.2683845591343105e-15,6.0,0,5679.0,-1.0,true,4.796163466380676e-14,2.9212555031463217e-15,2.0,(15.65+(-0.905069700286375*log(v1))),-1.0,9.819497821758779e-28,2.2470588659972035e-15,9.819497821758779e-28,6.0,2.862667368110404e-14,(15.6+(-0.905*log(v1)))
3.773237157466519e-15,10.0,0,932.0,-1.0,true,4.263256414560601e-14,2.8948082317995027e-15,3.0,(-0.905069700286374*log((-4.4001528766105e-6*(v1+(-1.00702967594591*v1))))),-1.0,7.97477693570349e-28,1.982035080721654e-15,7.97477693570349e-28,65.0,2.5347245669903575e-14,(-0.905*log((-4.4e-6*(v1+(-1.01*v1)))))
4.087673587255396e-15,11.0,0,1064.0,-1.0,true,5.3290705182007514e-14,2.627081349129973e-15,3.0,((-0.301689900095459*log(pow3((v1+(-0.997812275760426*v1)))))--10.106544534076),-1.0,6.804835531652636e-28,1.71897268300079e-15,6.804835531652636e-28,4.294967298e9,2.220446049250313e-14,((-0.302*log(pow3((v1+(-0.998*v1)))))--10.1)
3.540476748517405e-15,20.0,0,116.0,-1.0,true,4.618527782440651e-14,2.5687805198408724e-15,5.0,(14.4499023075024+(-0.452534850143188*(0.19147222202893+log(pow2((v1*(((pow2((v1--9.28404849250465e-16))/v1)--0.241301331808321)-v1))))))),-1.0,6.548759145496277e-28,1.676806564552233e-15,6.548759145496277e-28,1.7976931348623157e308,2.1862853408003084e-14,(14.4+(-0.453*(0.191+log(pow2((v1*(((pow2((v1--9.28e-16))/v1)--0.241)-v1)))))))
3.540476748517405e-15,24.0,0,205.0,-1.0,true,4.796163466380676e-14,2.268987042015436e-15,5.0,(14.4499023075024+(-0.452534850143188*(0.19147222202893+log(pow2((v1*(((pow2((v1*((v1--1.7256289673387002e-15)/v1)))/v1)--0.241301331808321)-v1))))))),-1.0,6.4249686649846715e-28,1.6447036803327605e-15,6.4249686649846715e-28,1.7976931348623157e308,2.1452924906603024e-14,(14.4+(-0.453*(0.191+log(pow2((v1*(((pow2((v1*((v1--1.73e-15)/v1)))/v1)--0.241)-v1)))))))
