max_are,compl,dim_penalty,age,minus_spearman,valid,max_ae,q75_are,n_params,eqs_orig,minus_r2,mse,mare,ms_processed_e,recursive_compl,mae,eqs_orig_rounded
12.631204919064151,1.0,0,2248.0,-0.5773502691896257,true,2.17941122378057,2.919230512758538,1.0,1.26312049190642,0.08557426989123451,1.7267590213022945,2.840766390507304,1.7267590213022945,1.0,1.1532946122520902,1.26
12.593514749935432,2.0,0,3894.0,100.0,true,2.1756422068676984,2.9135037334776723,1.0,log(3.52313590458143),0.08383478933122746,1.7239921320781484,2.833408806422047,1.7239921320781484,2.0,1.1523523580238724,log(3.52)
1.024656637762093,4.0,0,4192.0,-1.0,true,1.1685003878683857,0.8963055595905017,1.0,(exp(v1)/113.708660487664),-0.642193842904492,0.569141169589509,0.6610218209773521,0.569141169589509,5.0,0.6627415949991018,(exp(v1)/114.0)
1.464805456336974,5.0,0,2422.0,-1.0,true,0.6034112060400858,0.5472667108133732,1.0,(v1/(7.82684513273654-v1)),-0.9150106118250934,0.1351876115861573,0.48942242839753497,0.1351876115861573,7.0,0.3200024974315146,(v1/(7.83-v1))
0.9185000291800938,6.0,0,4004.0,-1.0,true,0.26816764499178125,0.34020965628089095,2.0,(-1.18445837686594+exp((v1/4.09883382460887))),-0.9844703665461803,0.02470207281772425,0.2608141583436778,0.02470207281772425,9.0,0.14189750888430955,(-1.18+exp((v1/4.1)))
0.4146898598774111,8.0,0,387.0,-1.0,true,0.3131725995799354,0.1131652050206642,2.0,log((sqrt_abs((exp(v1)--9.5514300289064))-2.54343575863906)),-0.9910885997500406,0.014174839254060961,0.11390153782164603,0.014174839254060961,8.589934592e9,0.07051479589620234,log((sqrt_abs((exp(v1)--9.55))-2.54))
1.3328142309043897e-15,9.0,0,278.0,-1.0,true,1.2212453270876722e-15,4.354756620145192e-16,3.0,log(((0.3/exp((-0.693147180559945*v1)))--0.4)),-1.0,2.7579316803625217e-31,3.892896772263306e-16,2.7579316803625217e-31,1024.0,3.7470027081099033e-16,log(((0.3/exp((-0.693*v1)))--0.4))
4.669053896939272e-16,11.0,0,1886.0,-1.0,true,1.6653345369377348e-16,0.0,4.0,log((((0.0148229659853033*exp((0.693147180559945*v1)))--0.0197639546470711)/0.0494098866176777)),-1.0,3.4666738998970245e-33,5.83631737117409e-17,3.4666738998970245e-33,2048.0,2.0816681711721685e-17,log((((0.0148*exp((0.693*v1)))--0.0198)/0.0494))
0.0,14.0,0,0.0,-1.0,true,0.0,0.0,5.0,log(((0.0172239678798856-(-0.132401897509201*pow2((-0.312356199866468*exp((0.346573590279973*v1))))))/0.043059919699714)),-1.0,0.0,0.0,0.0,1.0726246343954078e155,0.0,log(((0.0172-(-0.132*pow2((-0.312*exp((0.347*v1))))))/0.0431))
