time,generation,mean age hall_of_fame,mean compl,mean recursive_compl,mean n_params,min mae,min mse,min max_ae,min minus_r2,min mare,min q75_are,min max_are,min ms_processed_e,min minus_spearman,max penalty
12.820731163024902,1.0,0.0,5.0,43776.0,0.3333333333333333,0.007624350326749807,8.82441569158688e-5,0.022369896081486457,-0.9970265010075438,0.031788258787515934,0.04360239717273773,0.1709312338295018,8.82441569158688e-5,-0.9976626464120878,3.0
