time_stamp,max_are,compl,dim_penalty,age,minus_spearman,valid,max_ae,q75_are,n_params,eqs_orig,minus_r2,mse,mare,ms_processed_e,recursive_compl,mae,eqs_orig_rounded
13.895532131195068,3.859663485936472,2.0,0.0,2.0,100.0,true,0.3859663485936472,0.5160751518385271,1.0,0.385966348593647,0.0016455970114943597,0.029725710841340618,0.6692257399928183,0.029725710841340618,1.0,0.14486158049514566,0.386
13.84830904006958,0.29777559420425986,3.0,0.0,2.0,-0.9976633196502763,true,0.03575081533538746,0.0586848535320886,0.0,sqrt_abs(pow2(v1)),-0.9907180686703486,0.00027545871271995523,0.04792381044229276,0.00027545871271995523,16.0,0.013686038639562309,sqrt_abs(pow2(v1))
14.281427145004272,0.0,6.0,0.0,0.0,-1.0,true,0.0,0.0,0.0,sqrt_abs((pow2(v2)+pow2(v1))),-1.0,0.0,0.0,0.0,256.0,0.0,sqrt_abs((pow2(v2)+pow2(v1)))
