max_are,compl,dim_penalty,age,minus_spearman,valid,max_ae,q75_are,n_params,eqs_orig,minus_r2,mse,mare,ms_processed_e,recursive_compl,mae,eqs_orig_rounded
0.769599253972468,1.0,0,6469.0,-1.0,true,31.46175895905491,0.5653544623687768,0.0,v1,-0.23207596005128772,103.97669332875144,0.36110504409031774,103.97669332875144,2.0,4.565745478711937,v1
3.021772008916082,3.0,0,3729.0,-1.0,true,4.877193535265725,2.347182077605015,1.0,(3.8224569269282*v1),-0.9245572636675605,10.214924720996901,1.5058720806695554,10.214924720996901,3.0,2.9332026743462074,(3.82*v1)
0.7761550681143534,4.0,0,4112.0,-1.0,true,3.227562762592046,0.7308477958719823,1.0,(pow2(v1)/2.12298972184987),-0.9756725664202996,3.2939274839748576,0.5546493885417002,3.2939274839748576,5.0,1.4563297606025933,(pow2(v1)/2.12)
7.53427700464736e-16,5.0,0,8402.0,-1.0,true,2.6645352591003757e-15,4.3888347930036435e-16,1.0,sqrt_abs(pow3((1.25992104989487*v1))),-1.0,1.21040845144849e-30,2.9744051487364984e-16,1.21040845144849e-30,256.0,7.105427357601002e-16,sqrt_abs(pow3((1.26*v1)))
8.192929068308079e-16,7.0,0,4531.0,-1.0,true,8.881784197001252e-16,2.9879892893695214e-16,2.0,(0.120332937006431*pow3(sqrt_abs((v1/0.19345487546253)))),-1.0,1.0846837446788913e-31,2.1438555132126834e-16,1.0846837446788913e-31,257.0,1.7763568394002506e-16,(0.12*pow3(sqrt_abs((v1/0.193))))
7.53427700464736e-16,11.0,0,4285.0,-1.0,true,8.881784197001252e-16,2.9879892893695214e-16,3.0,(0.120332937006431*pow3(sqrt_abs(((v1+(3.39826051105032e-17/v1))/0.19345487546253)))),-1.0,9.367723249499515e-32,1.73420905979728e-16,9.367723249499515e-32,1.8446744073709552e19,1.554312234475219e-16,(0.12*pow3(sqrt_abs(((v1+(3.4e-17/v1))/0.193))))
6.240608098306687e-16,13.0,0,4309.0,-1.0,true,4.440892098500626e-16,1.736557564623637e-16,4.0,(0.120332937006431*pow3(sqrt_abs((((2.25933599415636e-17/(-0.82872807292044+v1))-v1)/0.19345487546253)))),-1.0,3.0814879110195774e-32,1.3516164388631591e-16,3.0814879110195774e-32,3.402823669209385e38,9.992007221626409e-17,(0.12*pow3(sqrt_abs((((2.26e-17/(-0.829+v1))-v1)/0.193))))
3.1203040491533436e-16,17.0,0,2641.0,-1.0,true,2.220446049250313e-16,9.716418787567707e-17,4.0,(0.120332937006431*pow3(sqrt_abs(((v1+(((1.81153908750251e-17/(-0.828728073673738+v1))-v1)-v1))/0.19345487546253)))),-1.0,1.1093356479670479e-32,6.299395805324212e-17,1.1093356479670479e-32,1.7976931348623157e308,5.551115123125783e-17,(0.12*pow3(sqrt_abs(((v1+(((1.81e-17/(-0.829+v1))-v1)-v1))/0.193))))
