max_are,compl,dim_penalty,age,minus_spearman,valid,max_ae,q75_are,n_params,eqs_orig,minus_r2,mse,mare,ms_processed_e,recursive_compl,mae,eqs_orig_rounded
0.16372309187295908,1.0,0,7427.0,100.0,true,2.517999847370449,0.13384409601060457,1.0,12.8616257055374,0.0022528073365590817,1.822766286493748,0.08862017966592019,1.822766286493748,1.0,1.1531862412910767,12.9
0.017172469947802693,4.0,0,7417.0,-1.0,true,0.2641061576157693,0.014038543229678168,1.0,(15.942464998144-log(v1)),-0.9889738744367,0.020052874684222288,0.009295129655414689,0.020052874684222288,5.0,0.12095456899811435,(15.9-log(v1))
4.2683845591343105e-15,6.0,0,4552.0,-1.0,true,4.796163466380676e-14,2.9212555031463217e-15,2.0,(15.65+(-0.905069700286375*log(v1))),-1.0,9.819497821758779e-28,2.2470588659972035e-15,9.819497821758779e-28,6.0,2.862667368110404e-14,(15.6+(-0.905*log(v1)))
4.1102962421293356e-15,7.0,0,1449.0,-1.0,true,4.796163466380676e-14,2.8099189621408083e-15,2.0,(-0.301689900095459*log(pow3((3.0931648835022e-8*v1)))),-1.0,9.763670742312369e-28,2.2244919870982146e-15,9.763670742312369e-28,257.0,2.8353388013503998e-14,(-0.302*log(pow3((3.09e-8*v1))))
4.1102962421293356e-15,8.0,0,3881.0,-1.0,true,4.973799150320701e-14,2.7795230507327627e-15,2.0,(-0.603379800190917*log(pow3(sqrt_abs((-3.09316488350218e-8*v1))))),-1.0,9.696920973409053e-28,2.231528925492747e-15,9.696920973409053e-28,1.157920892373162e77,2.842170943040401e-14,(-0.603*log(pow3(sqrt_abs((-3.09e-8*v1)))))
3.938203656017895e-15,10.0,0,1534.0,-1.0,true,5.1514348342607263e-14,2.1796802802611073e-15,3.0,(log((-7.31267427049181e-6*(v1+(-1.00422986826582*v1))))/-1.10488728070732),-1.0,6.924985115678605e-28,1.7736908783605996e-15,6.924985115678605e-28,65.0,2.281935324460322e-14,(log((-7.31e-6*(v1+(-1.0*v1))))/-1.1)
3.802403529948312e-15,11.0,0,541.0,-1.0,true,4.973799150320701e-14,2.5034382477200482e-15,3.0,((-1.81013940057274*log(sqrt_abs((v1+(-0.996529447214106*v1)))))--10.524190795469),-1.0,6.770853831120038e-28,1.6780292394406561e-15,6.770853831120038e-28,4.294967298e9,2.1794531991103074e-14,((-1.81*log(sqrt_abs((v1+(-0.997*v1)))))--10.5)
