time_stamp,max_are,compl,dim_penalty,age,minus_spearman,valid,max_ae,q75_are,n_params,eqs_orig,minus_r2,mse,mare,ms_processed_e,recursive_compl,mae,eqs_orig_rounded
17.477016925811768,0.29777559420425986,1.0,0.0,208.0,-0.9976625853646766,true,0.03575081533538746,0.0586848535320886,0.0,v1,-0.9907180686703486,0.00027545871271995523,0.047923810442292776,0.00027545871271995523,2.0,0.013686038639562309,v1
87.25288796424866,0.1690730536698157,4.0,0.0,82.0,-0.9976625853646766,true,0.022173875079035094,0.04432171440333227,1.0,(0.0135769402563524+v1),-0.9970292369891188,8.816296153358162e-5,0.031820721458884864,8.816296153358162e-5,3.0,0.007627981659266742,(0.0136+v1)
50.938679933547974,0.22945266841081519,7.0,0.0,146.0,-0.9997516891474371,true,0.024205156772647687,0.011727729542814836,1.0,(v1+pow2((1.13037586947394*v2))),-0.9984373267630902,4.6375257794250386e-5,0.021291006643312314,4.6375257794250386e-5,10.0,0.004639704938694375,(v1+pow2((1.13*v2)))
120.93676400184631,4.184496512338358e-16,10.0,0.0,25.0,-0.9999990821426801,true,2.220446049250313e-16,2.2515864554136954e-16,1.0,sqrt_abs(((v1*(-1.0*v1))-pow2(v2))),-1.0,7.384079867550658e-33,1.834177653348166e-16,7.384079867550658e-33,2048.0,7.413810003068093e-17,sqrt_abs(((v1*(-1.0*v1))-pow2(v2)))
135.30626392364502,0.0,12.0,0.0,0.0,-1.0,true,0.0,0.0,1.0,sqrt_abs(((v1*((0.0*v1)-v1))-pow2(v2))),-1.0,0.0,0.0,0.0,32768.0,0.0,sqrt_abs(((v1*((0.0*v1)-v1))-pow2(v2)))
