time,generation,mean age hall_of_fame,mean compl,mean recursive_compl,mean n_params,min mae,min mse,min max_ae,min minus_r2,min mare,min q75_are,min max_are,min ms_processed_e,min minus_spearman,max penalty
14.483463048934937,1.0,0.0,7.75,32835.5,0.75,0.0031550696148923505,2.3829038182063453e-5,0.0142313590639975,-0.9991970502806988,0.018378246069625456,0.020584719903798575,0.13490610050651075,2.3829038182063453e-5,-0.9997221337002561,3.0
19.727072954177856,9.0,1.8333333333333333,6.666666666666667,3.0744573456182584e18,1.0,0.0033357944519102653,2.305395561984913e-5,0.014190112130091526,-0.9992231676724714,0.018254490436938588,0.012918767948256043,0.13726013431772757,2.305395561984913e-5,-0.999724826640541,5.0
