time_stamp,max_are,compl,dim_penalty,age,minus_spearman,valid,max_ae,q75_are,n_params,eqs_orig,minus_r2,mse,mare,ms_processed_e,recursive_compl,mae,eqs_orig_rounded
19.514354944229126,3.7714811800694847,2.0,0.0,3.0,100.0,true,0.3771481180069485,0.48143715729731995,1.0,0.377148118006948,0.0001128382975716935,0.029680223353095718,0.6567511154735083,0.029680223353095718,1.0,0.14551172434404203,0.377
16.179365873336792,0.29777559420425986,3.0,0.0,8.0,-0.9976633196502763,true,0.03575081533538746,0.0586848535320886,0.0,sqrt_abs(pow2(v1)),-0.9907180686703486,0.00027545871271995523,0.04792381044229276,0.00027545871271995523,16.0,0.013686038639562309,sqrt_abs(pow2(v1))
22.136723041534424,0.16775375594852723,4.0,0.0,0.0,-0.9976626464120878,true,0.02203470124246673,0.044832425691610736,1.0,(0.0137161140929207+v1),-0.9970296075781531,8.815196360925728e-5,0.031850583444277325,8.815196360925728e-5,3.0,0.007634327160825163,(0.0137+v1)
19.442507028579712,0.24430429947079627,6.0,1.0,3.0,-0.999724826640541,true,0.025771867940690155,0.023169620337597466,0.0,sqrt_abs(pow2((v1+pow2(v2)))),-0.9980811142572722,5.6946531683545084e-5,0.023239183024457107,5.6946531683545084e-5,1.8446744073709552e19,0.004578983942692608,sqrt_abs(pow2((v1+pow2(v2))))
21.909124851226807,0.0,7.0,0.0,0.0,-1.0,true,0.0,0.0,0.0,sqrt_abs((pow2(v2)+(v1*v1))),-1.0,0.0,0.0,0.0,512.0,0.0,sqrt_abs((pow2(v2)+(v1*v1)))
