time,generation,mean age hall_of_fame,mean compl,mean recursive_compl,mean n_params,min mae,min mse,min max_ae,min minus_r2,min mare,min q75_are,min max_are,min ms_processed_e,min minus_spearman,max penalty
14.960911989212036,1.0,0.0,9.625,1.4474011154664524e76,1.625,0.0031165633970816104,1.9276923429510714e-5,0.015456692087124732,-0.999350439571314,0.016259512507567676,0.012073634386667602,0.1465216390667136,1.9276923429510714e-5,-0.9997265336574099,0.0
20.174021005630493,6.0,2.142857142857143,9.714285714285714,28.0,2.142857142857143,0.002933071146294646,1.6719731625507153e-5,0.01401401478537119,-0.9994366073983801,0.015305422049966306,0.009874131477964822,0.13284578645182238,1.6719731625507153e-5,-0.9997557275076728,0.0
25.408944129943848,12.0,2.4545454545454546,14.818181818181818,1524.0,3.1818181818181817,0.002243925132177042,1.091448035517229e-5,0.012198371514996073,-0.9996322227162278,0.01124634427929007,0.00827987065294574,0.09072849028902129,1.091448035517229e-5,-0.9997761651634322,0.0
32.294013023376465,20.0,6.0,11.777777777777779,241.77777777777777,2.7777777777777777,0.0017141265174281694,5.788704488181128e-6,0.011474133386042959,-0.9998049422470018,0.007654907423170413,0.005017721153543201,0.09072848947610244,5.788704488181128e-6,-0.9998621991116369,0.0
37.683573961257935,28.0,10.5,12.25,207.58333333333334,2.75,0.0015503683048106636,4.050318803788098e-6,0.008279339408977175,-0.9998635193614726,0.006760470659582818,0.005016100665963198,0.08279339408977175,4.050318803788098e-6,-0.9998621991116369,0.0
