time_stamp,max_are,compl,dim_penalty,age,minus_spearman,valid,max_ae,q75_are,n_params,eqs_orig,minus_r2,mse,mare,ms_processed_e,recursive_compl,mae,eqs_orig_rounded
40.10385298728943,1.1139614658520032,2.0,0.0,0.0,-0.9976612924978148,true,0.11913828023910028,0.2764452676296924,0.0,(0.69078406562669*sqrt_abs(v1)),-0.8733235296341091,0.003759361734063427,0.2217240110906401,0.003759361734063427,4.0,0.05284019208459971,(0.691*sqrt_abs(v1))
35.919270038604736,0.29777559420425986,3.0,0.0,6.0,-0.9976633196502763,true,0.03575081533538746,0.0586848535320886,0.0,sqrt_abs(pow2(v1)),-0.9907180686703486,0.00027545871271995523,0.04792381044229276,0.00027545871271995523,16.0,0.013686038639562309,sqrt_abs(pow2(v1))
30.062140941619873,0.17003224170040393,4.0,0.0,13.0,-0.9976626464120878,true,0.02227506063863499,0.04395040461714935,1.0,(v1--0.0134757546967525),-0.9970281480308053,8.819527841296624e-5,0.03180357672058168,8.819527841296624e-5,3.0,0.007625883191399935,(v1--0.0135)
40.27095413208008,0.0,7.0,0.0,0.0,-1.0,true,0.0,0.0,0.0,sqrt_abs((pow2(v2)+(v1*v1))),-1.0,0.0,0.0,0.0,512.0,0.0,sqrt_abs((pow2(v2)+(v1*v1)))
