time_stamp,max_are,compl,dim_penalty,age,minus_spearman,valid,max_ae,q75_are,n_params,eqs_orig,minus_r2,mse,mare,ms_processed_e,recursive_compl,mae,eqs_orig_rounded
42.40641498565674,0.769599253972468,1.0,2.0,10459.0,-1.0,true,31.46175895905491,0.5653544623687768,0.0,v1,-0.23207596005128772,103.97669332875144,0.36110504409031774,103.97669332875144,2.0,4.565745478711937,v1
11.986169815063477,0.2928932188134529,3.0,2.5,10643.0,-1.0,true,11.973680852060998,0.2928932188134527,0.0,sqrt_abs(pow3(v1)),-0.8843021446925887,15.665456209570419,0.2928932188134525,15.665456209570419,16.0,2.012460513716631,sqrt_abs(pow3(v1))
664.2520427703857,3.230292265510056,4.0,0.0,6628.0,-1.0,true,4.756962609830737,2.52072629247886,1.0,(v1/0.248716428989926),-0.9206530432762116,10.743555034935579,1.6254266046127672,10.743555034935579,3.0,3.017612640321536,(v1/0.249)
21.94218897819519,0.7592499670479129,5.0,3.0,10604.0,-1.0,true,2.554736254482215,0.5827692521028319,0.0,(v1+sqrt_abs(pow3(v1))),-0.9923544057256206,1.0352112576607104,0.3689288688256869,1.0352112576607104,18.0,0.8081880930717797,(v1+sqrt_abs(pow3(v1)))
8.55322790145874,7.53427700464736e-16,6.0,0.0,10644.0,-1.0,true,2.6645352591003757e-15,4.3888347930036435e-16,1.0,sqrt_abs(pow3((1.25992104989487*v1))),-1.0,1.21040845144849e-30,2.9744051487364984e-16,1.21040845144849e-30,256.0,7.105427357601002e-16,sqrt_abs(pow3((1.26*v1)))
40.03223991394043,7.53427700464736e-16,8.0,0.0,10477.0,-1.0,true,1.7763568394002505e-15,5.580164479680065e-16,1.0,pow3(((1.12246204830937*v1)/sqrt_abs(v1))),-1.0,5.081373565271283e-31,3.130424395455333e-16,5.081373565271283e-31,8192.0,4.718447854656915e-16,pow3(((1.12*v1)/sqrt_abs(v1)))
856.2756798267365,7.53427700464736e-16,9.0,0.0,5399.0,-1.0,true,8.881784197001252e-16,3.834222681549768e-16,2.0,(0.0701036040194748*pow3(sqrt_abs((v1/0.134942959867337)))),-1.0,1.814996379590531e-31,2.2074806943535963e-16,1.814996379590531e-31,257.0,2.609024107869118e-16,(0.0701*pow3(sqrt_abs((v1/0.135))))
1221.4035217761993,6.144696801231059e-16,11.0,0.0,3219.0,-1.0,true,6.661338147750939e-16,3.8336190343183034e-16,2.0,(pow3((v1/sqrt_abs((-0.272964998566387*v1))))/4.95820590853606),-1.0,6.686828766912483e-32,1.7768968544529765e-16,6.686828766912483e-32,131073.0,1.3877787807814457e-16,(pow3((v1/sqrt_abs((-0.273*v1))))/4.96)
