time,generation,mean age hall_of_fame,mean compl,mean recursive_compl,mean n_params,min mae,min mse,min max_ae,min minus_r2,min mare,min q75_are,min max_are,min ms_processed_e,min minus_spearman,max penalty
16.491364002227783,1.0,0.0,11.833333333333334,11058.166666666666,2.0,0.0030672872556958665,1.890979669184508e-5,0.014918068784656666,-0.9993628103732198,0.015956787013981465,0.012795639803107545,0.14141576203479056,1.890979669184508e-5,-0.9996802192900558,0.0
22.12983798980713,4.0,1.5,7.625,38.375,1.75,0.0030673629074476887,1.889249978098196e-5,0.014815110980761617,-0.9993633932146092,0.015957315427435927,0.012674135746229671,0.14043977402284213,1.889249978098196e-5,-0.9997195633386042,0.0
27.80239701271057,11.0,2.0833333333333335,14.5,54.5,3.1666666666666665,0.002085530642282349,9.244544046715385e-6,0.012035114094610846,-0.999688493342003,0.011562492462304605,0.0076734380458697935,0.11408680677324086,9.244544046715385e-6,-0.9998355815514274,0.0
34.20930004119873,17.0,3.8,5.4,156.0,0.8,2.3474745642362703e-5,2.3141526014287392e-8,0.0011832610124287543,-0.9999992202168768,0.00022313444020582594,1.0803722112539226e-5,0.011832610124287542,2.3141526014287392e-8,-0.9999955942777314,0.0
