time_stamp,max_are,compl,dim_penalty,age,minus_spearman,valid,max_ae,q75_are,n_params,eqs_orig,minus_r2,mse,mare,ms_processed_e,recursive_compl,mae,eqs_orig_rounded
26.98929190635681,0.29777559420425986,1.0,0.0,8.0,-0.9976625853646766,true,0.03575081533538746,0.0586848535320886,0.0,v1,-0.9907180686703486,0.00027545871271995523,0.047923810442292776,0.00027545871271995523,2.0,0.013686038639562309,v1
30.073519945144653,0.1661627275631341,4.0,0.0,4.0,-0.9976625853646766,true,0.02186686230747026,0.04451949141377331,1.0,(v1--0.0138839530279172),-0.9970283181710758,8.819022918148051e-5,0.03189153675884646,8.819022918148051e-5,3.0,0.007644415839977958,(v1--0.0139)
34.62186908721924,0.0,6.0,0.0,0.0,-1.0,true,0.0,0.0,0.0,sqrt_abs((pow2(v1)+pow2(v2))),-1.0,0.0,0.0,0.0,256.0,0.0,sqrt_abs((pow2(v1)+pow2(v2)))
