time_stamp,max_are,compl,dim_penalty,age,minus_spearman,valid,max_ae,q75_are,n_params,eqs_orig,minus_r2,mse,mare,ms_processed_e,recursive_compl,mae,eqs_orig_rounded
18.86541199684143,0.29777559420425986,1.0,0.0,12.0,-0.9976625853646766,true,0.03575081533538746,0.0586848535320886,0.0,v1,-0.9907180686703486,0.00027545871271995523,0.047923810442292776,0.00027545871271995523,2.0,0.013686038639562309,v1
19.017178058624268,0.24430429947079627,4.0,1.0,12.0,-0.9997240923553904,true,0.025771867940690155,0.023169620337597466,0.0,(v1+pow2(v2)),-0.9980811142572722,5.6946531683545084e-5,0.02323918302445712,5.6946531683545084e-5,6.0,0.004578983942692609,(v1+pow2(v2))
27.02153992652893,0.17085992328086355,4.0,0.0,1.0,-0.9976625853646766,true,0.0223623734711752,0.043630002088273535,1.0,(0.0133884418642123+v1),-0.9970266537863945,8.823962291706143e-5,0.03178943761754884,8.823962291706143e-5,3.0,0.007624451833489448,(0.0134+v1)
27.469593048095703,0.0,6.0,0.0,0.0,-1.0,true,0.0,0.0,0.0,sqrt_abs((pow2(v1)+pow2(v2))),-1.0,0.0,0.0,0.0,256.0,0.0,sqrt_abs((pow2(v1)+pow2(v2)))
