time,generation,mean age hall_of_fame,mean compl,mean recursive_compl,mean n_params,min mae,min mse,min max_ae,min minus_r2,min mare,min q75_are,min max_are,min ms_processed_e,min minus_spearman,max penalty
12.715094089508057,1.0,0.0,6.333333333333333,43735.666666666664,0.6666666666666666,0.004853140410722624,4.2163926041194935e-5,0.022347170515776768,-0.9985792329375301,0.020791266617928746,0.013468619824903993,0.1709100838328675,4.2163926041194935e-5,-0.999656110126845,3.0
18.079835891723633,6.0,2.5714285714285716,7.142857142857143,61.142857142857146,1.2857142857142858,0.004816950782174123,4.2163926041194935e-5,0.022228156057744308,-0.9985792329375301,0.020791266617928746,0.013468619824903993,0.17091008329317506,4.2163926041194935e-5,-0.9996573341242723,2.0
24.203360080718994,17.0,2.642857142857143,9.285714285714286,159202.85714285713,1.4285714285714286,0.003182800053379456,1.9548719313569127e-5,0.013874573013312658,-0.9993412810636502,0.012223349816666377,0.011932487685776308,0.13874573013312658,1.9548719313569127e-5,-0.9997240923553904,12.0
