time,generation,mean age hall_of_fame,mean compl,mean recursive_compl,mean n_params,min mae,min mse,min max_ae,min minus_r2,min mare,min q75_are,min max_are,min ms_processed_e,min minus_spearman,max penalty
16.775628089904785,1.0,0.0,11.222222222222221,1.2865787693035132e76,1.8888888888888888,0.0030889295825848643,1.898301554893564e-5,0.014560350325062546,-0.9993603431707965,0.015883216698786385,0.01228994082478072,0.13802477159979248,1.898301554893564e-5,-0.9996223331592428,0.0
23.81003212928772,5.0,1.1428571428571428,10.0,83.14285714285714,2.2857142857142856,0.0016384979439959435,5.783939968727311e-6,0.012935508844892672,-0.9998051027935386,0.007696781277449461,0.004865575155140604,0.1293550884489267,5.783939968727311e-6,-0.999691478217344,0.0
28.89005208015442,11.0,2.0,12.416666666666666,786450.75,2.4166666666666665,0.0005025082099942035,4.114425645130564e-7,0.002755298109060186,-0.9999861359199997,0.002357336669196818,0.0020742226881246156,0.02755298109060186,4.114425645130564e-7,-0.999893528786331,0.0
34.15517711639404,17.0,2.6,11.1,104882.2,2.1,0.0005025082083169094,4.1144256451305566e-7,0.002755298109060161,-0.9999861359199997,0.002358636652859124,0.002088440797190242,0.027552981090601607,4.1144256451305566e-7,-0.9998934675893137,0.0
39.593905210494995,23.0,5.555555555555555,9.0,3773.5555555555557,1.7777777777777777,1.7047005353394236e-6,3.007421841720584e-12,1.979972829510568e-6,-0.9999999998986611,5.569509723315996e-6,6.2994786185338e-6,1.979972829510568e-5,3.007421841720584e-12,-0.9999970628581869,0.0
