time_stamp,max_are,compl,dim_penalty,age,minus_spearman,valid,max_ae,q75_are,n_params,eqs_orig,minus_r2,mse,mare,ms_processed_e,recursive_compl,mae,eqs_orig_rounded
32.06513810157776,3.74200593261346,2.0,0.0,9.0,100.0,true,0.374200593261346,0.4698592851783655,1.0,0.374200593261346,0.0007690900582653093,0.029699698854346562,0.6528153999530251,0.029699698854346562,1.0,0.14581775150342147,0.374
18.773096084594727,0.29777559420425986,3.0,0.0,21.0,-0.9976633196502763,true,0.03575081533538746,0.0586848535320886,0.0,sqrt_abs(pow2(v1)),-0.9907180686703486,0.00027545871271995523,0.04792381044229276,0.00027545871271995523,16.0,0.013686038639562309,sqrt_abs(pow2(v1))
34.97126603126526,0.16605228426073237,4.0,0.0,6.0,-0.9976626464120878,true,0.021855211549744735,0.044433264411333426,1.0,(0.0138956037856427+v1),-0.9970281581998731,8.819497662681428e-5,0.03189437958638294,8.819497662681428e-5,3.0,0.0076451161587483395,(0.0139+v1)
39.840702056884766,0.0,6.0,0.0,0.0,-1.0,true,0.0,0.0,0.0,sqrt_abs((pow2(v1)+pow2(v2))),-1.0,0.0,0.0,0.0,256.0,0.0,sqrt_abs((pow2(v1)+pow2(v2)))
