time,generation,mean age hall_of_fame,mean compl,mean recursive_compl,mean n_params,min mae,min mse,min max_ae,min minus_r2,min mare,min q75_are,min max_are,min ms_processed_e,min minus_spearman,max penalty
14.925246000289917,1.0,0.0,7.25,32836.0,0.75,0.004892025270079034,4.199911448223415e-5,0.021938577446846325,-0.9985847864724229,0.02078902284257936,0.013026023770111944,0.1711542436542788,4.199911448223415e-5,-0.9996695722117775,3.0
21.493018865585327,8.0,3.5,4.0,7.5,0.5,0.004578983942692609,4.199893621957845e-5,0.02193439516224155,-0.9985847924792095,0.020789055087327018,0.013051060113875912,0.20792699453369703,4.199893621957845e-5,-0.9997240923553904,3.0
