time,generation,mean age hall_of_fame,mean compl,mean recursive_compl,mean n_params,min mae,min mse,min max_ae,min minus_r2,min mare,min q75_are,min max_are,min ms_processed_e,min minus_spearman,max penalty
10.000957012176514,1.0,0.0,7.8,26373.2,0.9,0.004553027138907488,3.318922394786049e-5,0.015486758396885736,-0.9988816469280402,0.017132223895700124,0.017300433864291184,0.1335010439347473,3.318922394786049e-5,-0.9992196378356574,3.0
