time_stamp,max_are,compl,dim_penalty,age,minus_spearman,valid,max_ae,q75_are,n_params,eqs_orig,minus_r2,mse,mare,ms_processed_e,recursive_compl,mae,eqs_orig_rounded
11.000877857208252,3.7671270547480322,2.0,0.0,3.0,-0.15645120233322984,true,0.37671270547480323,0.47972685762174,1.0,0.376712705474803,0.000172923583584339,0.02968200649659793,0.6561697259998036,0.02968200649659793,1.0,0.1455569311096746,0.377
10.798974990844727,0.29777559420425986,3.0,0.0,4.0,-0.9976633196502763,true,0.03575081533538746,0.0586848535320886,0.0,sqrt_abs(pow2(v1)),-0.9907180686703486,0.00027545871271995523,0.04792381044229276,0.00027545871271995523,16.0,0.013686038639562309,sqrt_abs(pow2(v1))
14.11014986038208,0.1690389441513171,4.0,0.0,0.0,-0.9976625853646766,true,0.022170276836973174,0.04433491848596944,1.0,(0.0135805384984143+v1),-0.9970292630086186,8.816218935614495e-5,0.031821439936881434,8.816218935614495e-5,3.0,0.0076281192969412485,(0.0136+v1)
14.144042015075684,0.1690389441490204,6.0,2.0,0.0,-0.9976599473042324,true,0.022170276836730868,0.04433491848685847,1.0,(0.0135805384986566+log(exp(v1))),-0.9970292630086204,8.816218935609371e-5,0.03182143993692981,8.816218935609371e-5,17.0,0.007628119296950511,(0.0136+log(exp(v1)))
14.387387037277222,0.0,7.0,0.0,0.0,-1.0,true,0.0,0.0,0.0,sqrt_abs((pow2(v1)+(v2*v2))),-1.0,0.0,0.0,0.0,512.0,0.0,sqrt_abs((pow2(v1)+(v2*v2)))
