time_stamp,max_are,compl,dim_penalty,age,minus_spearman,valid,max_ae,q75_are,n_params,eqs_orig,minus_r2,mse,mare,ms_processed_e,recursive_compl,mae,eqs_orig_rounded
12.36644196510315,3.7952811905001576,2.0,0.0,0.0,-0.01276879352845558,true,0.37952811905001577,0.4907857972911733,1.0,0.379528119050016,1.0195307517113505e-5,0.029677177229944618,0.6600286402510409,0.029677177229944618,1.0,0.1453022505671149,0.38
12.236212968826294,0.29777559420425986,3.0,0.0,0.0,-0.9976633196502763,true,0.03575081533538746,0.0586848535320886,0.0,sqrt_abs(pow2(v1)),-0.9907180686703486,0.00027545871271995523,0.04792381044229276,0.00027545871271995523,16.0,0.013686038639562309,sqrt_abs(pow2(v1))
9.971199035644531,0.0,6.0,0.0,1.0,-1.0,true,0.0,0.0,0.0,sqrt_abs((pow2(v1)+pow2(v2))),-1.0,0.0,0.0,0.0,256.0,0.0,sqrt_abs((pow2(v1)+pow2(v2)))
