time_stamp,max_are,compl,dim_penalty,age,minus_spearman,valid,max_ae,q75_are,n_params,eqs_orig,minus_r2,mse,mare,ms_processed_e,recursive_compl,mae,eqs_orig_rounded
12.638252019882202,3.8293609264015154,2.0,0.0,59.0,-0.01276879352845558,true,0.38293609264015155,0.5041723116776035,1.0,0.382936092640152,0.0005278865066722371,0.029692540686777166,0.6648308440858829,0.029692540686777166,1.0,0.1450437270278695,0.383
12.715347051620483,0.29777559420425986,3.0,0.0,59.0,-0.9976633196502763,true,0.03575081533538746,0.0586848535320886,0.0,sqrt_abs(pow2(v1)),-0.9907180686703486,0.00027545871271995523,0.04792381044229276,0.00027545871271995523,16.0,0.013686038639562309,sqrt_abs(pow2(v1))
18.01330304145813,0.24430429947079627,4.0,1.0,53.0,-0.9997240923553904,true,0.025771867940690155,0.023169620337597466,0.0,(v1+pow2(v2)),-0.9980811142572722,5.6946531683545084e-5,0.02323918302445712,5.6946531683545084e-5,6.0,0.004578983942692609,(v1+pow2(v2))
52.413159132003784,0.16774458236727702,4.0,0.0,14.0,-0.9976626464120878,true,0.022033733513593196,0.044835976862375976,1.0,(0.0137170818217943+v1),-0.9970296055851444,8.81520227555256e-5,0.031850819573665146,8.81520227555256e-5,3.0,0.0076343853303202855,(0.0137+v1)
66.08755302429199,0.0,7.0,0.0,0.0,-1.0,true,0.0,0.0,0.0,sqrt_abs((pow2(v2)+(v1*v1))),-1.0,0.0,0.0,0.0,512.0,0.0,sqrt_abs((pow2(v2)+(v1*v1)))
