time_stamp,max_are,compl,dim_penalty,age,minus_spearman,valid,max_ae,q75_are,n_params,eqs_orig,minus_r2,mse,mare,ms_processed_e,recursive_compl,mae,eqs_orig_rounded
32.55143618583679,1.0140840349813822,2.0,0.0,0.0,-0.9976611701164696,true,0.10807488293254211,0.21502613809173382,0.0,(0.657545385453376*sqrt_abs(v1)),-0.8674569819137874,0.003933462535476133,0.20791958966104526,0.003933462535476133,4.0,0.05493043056082015,(0.658*sqrt_abs(v1))
22.081860065460205,0.29777559420425986,3.0,0.0,10.0,-0.9976633196502763,true,0.03575081533538746,0.0586848535320886,0.0,sqrt_abs(pow2(v1)),-0.9907180686703486,0.00027545871271995523,0.04792381044229276,0.00027545871271995523,16.0,0.013686038639562309,sqrt_abs(pow2(v1))
27.819338083267212,0.2766774081128366,4.0,0.0,5.0,-0.9976626464120878,true,0.031065161626032733,0.032400783909348585,1.0,(1.03004479183192*v1),-0.9954079915665888,0.00013627645873934272,0.03464857323551683,0.00013627645873934272,3.0,0.0088972232227798,(1.03*v1)
32.8080689907074,0.0,6.0,0.0,0.0,-1.0,true,0.0,0.0,0.0,sqrt_abs((pow2(v2)+pow2(v1))),-1.0,0.0,0.0,0.0,256.0,0.0,sqrt_abs((pow2(v2)+pow2(v1)))
