time,generation,mean age hall_of_fame,mean compl,mean recursive_compl,mean n_params,min mae,min mse,min max_ae,min minus_r2,min mare,min q75_are,min max_are,min ms_processed_e,min minus_spearman,max penalty
17.88985013961792,1.0,0.0,10.75,8.414246e6,1.875,0.0051328392540096026,5.460192948617779e-5,0.020532977820922532,-0.9981601186074212,0.0228965526692979,0.022623356250101777,0.16245089369787497,5.460192948617779e-5,-0.9987896547944006,0.0
24.887375116348267,5.0,1.3333333333333333,7.333333333333333,62.77777777777778,1.6666666666666667,0.003077210985851179,1.890560891284569e-5,0.014282286028766772,-0.9993629514857543,0.016012922380763128,0.012789391977536662,0.1353888624266313,1.890560891284569e-5,-0.9996846238529267,0.0
30.3420250415802,11.0,3.0,9.875,2.2471164185778946e307,1.875,0.0016307629439622816,5.062426350509793e-6,0.004223975200434493,-0.9998294151116773,0.00648984353554347,0.006578089832664376,0.0068266335816517905,5.062426350509793e-6,-1.0,0.0
