max_are,compl,dim_penalty,age,minus_spearman,valid,max_ae,q75_are,n_params,eqs_orig,minus_r2,mse,mare,ms_processed_e,recursive_compl,mae,eqs_orig_rounded
0.1842478426830158,1.0,0,6718.0,100.0,true,2.2105297515012055,0.1432320040651313,1.0,13.1690958014067,0.03259166717687201,1.87794263569704,0.09259253446168106,1.87794263569704,1.0,1.1773815734099986,13.2
0.16359153917406805,2.0,0,8161.0,100.0,true,2.440232377934512,0.14030782164970113,1.0,log(416396.485286716),0.0001040894397217329,1.8188584794884983,0.0891560191679677,1.8188584794884983,2.0,1.1531862412910767,log(416000.0)
0.01707572558854052,4.0,0,41.0,-1.0,true,0.262618265595961,0.014128794401548923,1.0,log((8.37680475943817e6/v1)),-0.9889836423982845,0.020035109993583818,0.009305381645414801,0.020035109993583818,8.0,0.12095456899811388,log((8.38e6/v1))
4.2683845591343105e-15,6.0,0,6074.0,-1.0,true,4.796163466380676e-14,2.9212555031463217e-15,2.0,(15.65+(-0.905069700286375*log(v1))),-1.0,9.819497821758779e-28,2.2470588659972035e-15,9.819497821758779e-28,6.0,2.862667368110404e-14,(15.6+(-0.905*log(v1)))
3.9522079251243615e-15,8.0,0,3727.0,-1.0,true,4.973799150320701e-14,2.7636592662514156e-15,3.0,(0.891498195334674*(17.5547186543938+(-1.01522325566414*log(v1)))),-1.0,9.804934235816237e-28,2.2377632337134405e-15,9.804934235816237e-28,7.0,2.849003084730402e-14,(0.891*(17.6+(-1.02*log(v1))))
5.0588261441591825e-15,10.0,0,4880.0,-1.0,true,5.684341886080802e-14,2.6397788443747625e-15,3.0,(10.2429805322696-(0.905069700286376*log((v1+(-0.99745632917975*v1))))),-1.0,8.77334689821953e-28,2.0428747759520714e-15,8.77334689821953e-28,34.0,2.589381700510365e-14,(10.2-(0.905*log((v1+(-0.997*v1)))))
3.123402899600399e-15,12.0,0,5070.0,-1.0,true,4.440892098500626e-14,2.7578297061757863e-15,3.0,(13.9829149283798-(log((v1*((0.158509445958137+v1)-v1)))/1.10488728070732)),-1.0,7.165284283730544e-28,1.7884849093160514e-15,7.165284283730544e-28,2050.0,2.3229281746003275e-14,(14.0-(log((v1*((0.159+v1)-v1)))/1.1))
3.259203025669982e-15,14.0,0,588.0,-1.0,true,4.796163466380676e-14,2.5107778526230755e-15,4.0,(17.0240787146257-(-0.905069700286373*(-3.10239478041095-log((v1*((0.205113317159677+v1)-v1)))))),-1.0,6.967462241344352e-28,1.7742452346196575e-15,6.967462241344352e-28,2051.0,2.3160960329103265e-14,(17.0-(-0.905*(-3.1-log((v1*((0.205+v1)-v1))))))
