time_stamp,max_are,compl,dim_penalty,age,minus_spearman,valid,max_ae,q75_are,n_params,eqs_orig,minus_r2,mse,mare,ms_processed_e,recursive_compl,mae,eqs_orig_rounded
181.096333026886,0.16980778808185948,2.0,0.0,6375.0,100.0,true,2.3711063264091585,0.14639968207686396,1.0,13.0085192264987,0.0037774306434945615,1.8255390719059135,0.08963231689626615,1.8255390719059135,1.0,1.153186241291077,13.0
567.5510640144348,0.01702889710527136,5.0,0.0,4858.0,-1.0,true,0.257392460274227,0.014589328106817229,1.0,log((8.33314339081588e6/v1)),-0.9889986583458242,0.020007800952656307,0.009341388898083676,0.020007800952656307,8.0,0.12095456899811442,log((8.33e6/v1))
1800.0499730110168,0.016820645821791044,7.0,0.0,0.0,-1.0,true,0.2570418492288624,0.0144755510258444,1.0,log((v1+(8.33022039332092e6/v1))),-0.9890857830020584,0.019849350025960458,0.009300511625979028,0.019849350025960458,32.0,0.12046223330951555,log((v1+(8.33e6/v1)))
1189.7532060146332,4.2683845591343105e-15,8.0,0.0,2411.0,-1.0,true,4.796163466380676e-14,2.9212555031463217e-15,2.0,(15.65+(-0.905069700286375*log(v1))),-1.0,9.819497821758779e-28,2.2470588659972035e-15,9.819497821758779e-28,6.0,2.862667368110404e-14,(15.6+(-0.905*log(v1)))
327.0567650794983,4.1102962421293356e-15,10.0,0.0,5796.0,-1.0,true,4.973799150320701e-14,2.7795230507327627e-15,2.0,(-0.603379800190917*log(pow3(sqrt_abs((3.09316488350218e-8*v1))))),-1.0,9.696920973409053e-28,2.231528925492747e-15,9.696920973409053e-28,1.157920892373162e77,2.842170943040401e-14,(-0.603*log(pow3(sqrt_abs((3.09e-8*v1)))))
1672.1914901733398,4.716546446833149e-15,13.0,0.0,507.0,-1.0,true,5.684341886080802e-14,2.302226653292733e-15,3.0,(-0.905069700286373*log((-1.20565459809058e-5*(v1+(-1.00256554811668*v1))))),-1.0,6.940762333783025e-28,1.7241970439644367e-15,6.940762333783025e-28,65.0,2.2067817658703112e-14,(-0.905*log((-1.21e-5*(v1+(-1.0*v1)))))
1728.9446580410004,4.087673587255396e-15,14.0,0.0,283.0,-1.0,true,5.684341886080802e-14,2.1949343574353256e-15,3.0,(-0.301689900095458*log(pow3((1.20565459831226e-5*(v1+(-0.997434451883788*v1)))))),-1.0,6.360646160405112e-28,1.5561778891609429e-15,6.360646160405112e-28,1.8446744073709552e19,2.042810365310288e-14,(-0.302*log(pow3((1.21e-5*(v1+(-0.997*v1))))))
