max_are,compl,dim_penalty,age,minus_spearman,valid,max_ae,q75_are,n_params,eqs_orig,minus_r2,mse,mare,ms_processed_e,recursive_compl,mae,eqs_orig_rounded
0.769599253972468,1.0,0,6173.0,-1.0,true,31.46175895905491,0.5653544623687768,0.0,v1,-0.23207596005128772,103.97669332875144,0.36110504409031774,103.97669332875144,2.0,4.565745478711937,v1
0.2928932188134529,3.0,0,6180.0,-1.0,true,11.973680852060998,0.2928932188134527,0.0,sqrt_abs(pow3(v1)),-0.8843021446925887,15.665456209570419,0.2928932188134525,15.665456209570419,16.0,2.012460513716631,sqrt_abs(pow3(v1))
7.53427700464736e-16,5.0,0,6170.0,-1.0,true,2.6645352591003757e-15,4.3888347930036435e-16,1.0,sqrt_abs(pow3((-1.25992104989487*v1))),-1.0,1.21040845144849e-30,2.9744051487364984e-16,1.21040845144849e-30,256.0,7.105427357601002e-16,sqrt_abs(pow3((-1.26*v1)))
9.4178462558092e-16,7.0,0,580.0,-1.0,true,1.1102230246251565e-15,4.666643527315419e-16,2.0,(pow3(sqrt_abs((v1/0.773543826975806)))/1.03933993593808),-1.0,3.266377185680752e-31,3.215573641929331e-16,3.266377185680752e-31,257.0,4.1078251911130794e-16,(pow3(sqrt_abs((v1/0.774)))/1.04)
1.0241161335385098e-15,9.0,0,282.0,-1.0,true,8.881784197001252e-16,2.4145033037267485e-16,3.0,(pow3(sqrt_abs(((5.97204981937452e-17-v1)/0.773543826975806)))/1.03933993593808),-1.0,2.391234618951192e-31,2.6140432642587676e-16,2.391234618951192e-31,65537.0,3.3306690738754696e-16,(pow3(sqrt_abs(((5.97e-17-v1)/0.774)))/1.04)
6.465539580415853e-16,11.0,0,863.0,-1.0,true,8.881784197001252e-16,3.3897670658723043e-16,2.0,pow3((((v1+(0.748509371779749*v1))/1.55774475797495)/sqrt_abs(v1))),-1.0,1.8889520894550008e-31,2.1083068282493969e-16,1.8889520894550008e-31,3.3554432e7,2.831068712794149e-16,pow3((((v1+(0.749*v1))/1.56)/sqrt_abs(v1)))
6.144696801231059e-16,13.0,0,2313.0,-1.0,true,8.881784197001252e-16,3.473115129247274e-16,4.0,(pow3((0.62919614647553*sqrt_abs(((v1+(0.175156029842339*v1))/0.762389597093742))))/0.337070714795303),-1.0,1.1863728457425373e-31,1.9841721804806948e-16,1.1863728457425373e-31,3.6893488147419103e19,2.1649348980190552e-16,(pow3((0.629*sqrt_abs(((v1+(0.175*v1))/0.762))))/0.337)
3.1203040491533436e-16,15.0,0,502.0,-1.0,true,8.881784197001252e-16,2.007066513098225e-16,4.0,(pow3(sqrt_abs((((-1.17059261281388*v1)+(v1+(v1/0.854268162171462)))/0.773543826975806)))/1.03933993593808),-1.0,9.244463733058732e-32,1.2690829379979836e-16,9.244463733058732e-32,1.3407807929942597e154,1.6653345369377348e-16,(pow3(sqrt_abs((((-1.17*v1)+(v1+(v1/0.854)))/0.774)))/1.04)
