time_stamp,max_are,compl,dim_penalty,age,minus_spearman,valid,max_ae,q75_are,n_params,eqs_orig,minus_r2,mse,mare,ms_processed_e,recursive_compl,mae,eqs_orig_rounded
78.52626299858093,0.769599253972468,1.0,2.0,9485.0,-1.0,true,31.46175895905491,0.5653544623687768,0.0,v1,-0.23207596005128772,103.97669332875144,0.36110504409031774,103.97669332875144,2.0,4.565745478711937,v1
12.049421072006226,0.2928932188134529,3.0,2.5,9960.0,-1.0,true,11.973680852060998,0.2928932188134527,0.0,sqrt_abs(pow3(v1)),-0.8843021446925887,15.665456209570419,0.2928932188134525,15.665456209570419,16.0,2.012460513716631,sqrt_abs(pow3(v1))
16.188927173614502,0.7592499670479129,5.0,3.0,9950.0,-1.0,true,2.554736254482215,0.5827692521028319,0.0,(v1+sqrt_abs(pow3(v1))),-0.9923544057256206,1.0352112576607104,0.3689288688256869,1.0352112576607104,18.0,0.8081880930717797,(v1+sqrt_abs(pow3(v1)))
15.632824182510376,7.53427700464736e-16,6.0,0.0,9953.0,-1.0,true,2.6645352591003757e-15,4.3888347930036435e-16,1.0,sqrt_abs(pow3((1.25992104989487*v1))),-1.0,1.21040845144849e-30,2.9744051487364984e-16,1.21040845144849e-30,256.0,7.105427357601002e-16,sqrt_abs(pow3((1.26*v1)))
118.24819898605347,7.53427700464736e-16,8.0,0.0,9198.0,-1.0,true,1.7763568394002505e-15,5.580164479680065e-16,1.0,pow3(((1.12246204830937*v1)/sqrt_abs(v1))),-1.0,5.081373565271283e-31,3.130424395455333e-16,5.081373565271283e-31,8192.0,4.718447854656915e-16,pow3(((1.12*v1)/sqrt_abs(v1)))
1573.1683821678162,8.192929068308079e-16,9.0,0.0,1265.0,-1.0,true,8.881784197001252e-16,3.9851834848995034e-16,2.0,(0.576019801658699*pow3(sqrt_abs((v1/0.549475429264969)))),-1.0,1.5561513950648866e-31,2.3012089035023784e-16,1.5561513950648866e-31,257.0,2.498001805406602e-16,(0.576*pow3(sqrt_abs((v1/0.549))))
1548.6361811161041,6.144696801231059e-16,12.0,0.0,1402.0,-1.0,true,8.881784197001252e-16,2.410554186915216e-16,3.0,(0.901255950719217*pow3((1.64873871869636*sqrt_abs((0.49675345282332*v1))))),-1.0,1.0230539864584998e-31,1.6522664394566234e-16,1.0230539864584998e-31,513.0,1.887379141862766e-16,(0.901*pow3((1.65*sqrt_abs((0.497*v1)))))
