time,generation,mean age hall_of_fame,mean compl,mean recursive_compl,mean n_params,min mae,min mse,min max_ae,min minus_r2,min mare,min q75_are,min max_are,min ms_processed_e,min minus_spearman,max penalty
12.808235883712769,1.0,0.0,7.6,26294.6,0.8,0.0048860998142228095,4.200990871549115e-5,0.021686485272823436,-0.9985844227470179,0.02078862906567559,0.012822775047305238,0.1679568894352625,4.200990871549115e-5,-0.999665839498502,4.0
18.024117946624756,9.0,2.7777777777777777,8.222222222222221,15481.111111111111,1.1111111111111112,8.343997274849203e-17,7.466376967886668e-32,2.281900653906406e-15,-1.0,5.086092009653516e-16,2.629254809016091e-16,2.2819006539064057e-14,7.466376967886668e-32,-0.9999975523792841,3.0
23.234814882278442,19.0,7.166666666666667,8.333333333333334,23215.666666666668,0.8333333333333334,8.343997274849203e-17,7.466376967886668e-32,2.281900653906406e-15,-1.0,5.086092009653516e-16,2.629254809016091e-16,2.2819006539064057e-14,7.466376967886668e-32,-0.9999975523792841,2.0
28.381351947784424,27.0,12.142857142857142,8.0,2.6352491533870986e18,0.7142857142857143,8.343997274849203e-17,7.466376967886668e-32,2.281900653906406e-15,-1.0,5.086092009653516e-16,2.629254809016091e-16,2.2819006539064057e-14,7.466376967886668e-32,-0.9999975523792841,3.0
33.80804491043091,37.0,16.0,6.666666666666667,3.07445734561826e18,0.5,2.544314481561257e-17,1.8890544741896244e-33,1.1102230246251565e-16,-1.0,8.000729370119971e-17,1.469300963421794e-16,4.163336342344337e-16,1.8890544741896244e-33,-0.999995716662542,3.0
