time_stamp,max_are,compl,dim_penalty,age,minus_spearman,valid,max_ae,q75_are,n_params,eqs_orig,minus_r2,mse,mare,ms_processed_e,recursive_compl,mae,eqs_orig_rounded
22.39254903793335,0.29777559420425986,1.0,0.0,44.0,-0.9976625853646766,true,0.03575081533538746,0.0586848535320886,0.0,v1,-0.9907180686703486,0.00027545871271995523,0.047923810442292776,0.00027545871271995523,2.0,0.013686038639562309,v1
26.261507034301758,0.17074319032333457,4.0,0.0,37.0,-0.9976625853646766,true,0.022350059212391055,0.04367519040184547,1.0,(0.0134007561229964+v1),-0.9970268956490073,8.82324451906208e-5,0.03179143174107749,8.82324451906208e-5,3.0,0.007624653706584263,(0.0134+v1)
31.536813974380493,0.24430429947079627,4.0,1.0,31.0,-0.9997240923553904,true,0.025771867940690155,0.023169620337597466,0.0,(v1+pow2(v2)),-0.9980811142572722,5.6946531683545084e-5,0.02323918302445712,5.6946531683545084e-5,6.0,0.004578983942692609,(v1+pow2(v2))
23.12589192390442,0.2443042994707964,6.0,5.0,43.0,-0.9997218886332745,true,0.025771867940690182,0.023169620337597403,0.0,log(exp((v1+pow2(v2)))),-0.9980811142572722,5.694653168354508e-5,0.02323918302445712,5.694653168354508e-5,1.8446744073709552e19,0.00457898394269261,log(exp((v1+pow2(v2))))
33.32876896858215,0.17074270723089632,6.0,0.0,29.0,-0.9976625853646766,true,0.022350008250559633,0.043675377411007674,1.0,sqrt_abs(pow2((-0.0134008070848278-v1))),-0.9970268966287075,8.823241611617883e-5,0.03179143999363973,8.823241611617883e-5,256.0,0.007624654542024124,sqrt_abs(pow2((-0.0134-v1)))
56.15685701370239,0.0,7.0,0.0,0.0,-1.0,true,0.0,0.0,0.0,sqrt_abs((pow2(v2)+(v1*v1))),-1.0,0.0,0.0,0.0,512.0,0.0,sqrt_abs((pow2(v2)+(v1*v1)))
