time_stamp,max_are,compl,dim_penalty,age,minus_spearman,valid,max_ae,q75_are,n_params,eqs_orig,minus_r2,mse,mare,ms_processed_e,recursive_compl,mae,eqs_orig_rounded
14.82529902458191,3.827384151736765,2.0,0.0,0.0,-0.01276879352845558,true,0.3827384151736765,0.5033958349301015,1.0,0.382738415173676,0.00047647437748610244,0.029691014935463042,0.6645441449087715,0.029691014935463042,1.0,0.14505560927995267,0.383
13.891762018203735,0.29777559420425986,3.0,0.0,1.0,-0.9976633196502763,true,0.03575081533538746,0.0586848535320886,0.0,sqrt_abs(pow2(v1)),-0.9907180686703486,0.00027545871271995523,0.04792381044229276,0.00027545871271995523,16.0,0.013686038639562309,sqrt_abs(pow2(v1))
15.266157865524292,0.27721632409593616,4.0,0.0,0.0,-0.9976626464120878,true,0.031184848392672243,0.033114574143721195,1.0,(1.02927735057147*v1),-0.9954119691842735,0.00013615841547784572,0.034647402727525756,0.00013615841547784572,3.0,0.008848472981514161,(1.03*v1)
14.856222867965698,0.0,6.0,0.0,0.0,-1.0,true,0.0,0.0,0.0,sqrt_abs((pow2(v1)+pow2(v2))),-1.0,0.0,0.0,0.0,256.0,0.0,sqrt_abs((pow2(v1)+pow2(v2)))
