max_are,compl,dim_penalty,age,minus_spearman,valid,max_ae,q75_are,n_params,eqs_orig,minus_r2,mse,mare,ms_processed_e,recursive_compl,mae,eqs_orig_rounded
8.514621338280541,1.0,0,4206.0,-0.3944053188733077,true,2.124067432408417,2.2937420603753216,1.0,0.851462133828054,0.0011471577892765428,1.5924657891320417,2.0804167409312035,1.5924657891320417,1.0,1.094919343570776,0.851
11.75537208030151,4.0,0,9800.0,-1.0,true,1.3566749439387324,2.406041276129988,1.0,exp((v1/6.18332667874599)),-0.5731135930704236,0.6790230522973086,2.421681243456798,0.6790230522973086,8.0,0.7013255074330251,exp((v1/6.18))
3.1936578707791465,5.0,0,10632.0,-1.0,true,0.916290731874155,1.1357714810206052,1.0,sqrt_abs(exp((-3.28283633032603+v1))),-0.8301169098415581,0.2702230207862163,0.8097676953636594,0.2702230207862163,256.0,0.39922508013697344,sqrt_abs(exp((-3.28+v1)))
1.2874200659491875,6.0,0,4203.0,-1.0,true,0.39884217683758516,0.33706018102356466,2.0,(exp((v1/3.97042277197714))-1.15767693974438),-0.9775095424616904,0.03577424550729559,0.3032202946400802,0.03577424550729559,9.0,0.14800743236904146,(exp((v1/3.97))-1.16)
0.33995169557315763,8.0,0,2090.0,-1.0,true,0.31149458793858853,0.11618456461867901,2.0,log((-2.46864055347519+sqrt_abs((-9.08917769180407-exp(v1))))),-0.9911431951021468,0.014087997644615024,0.1035320047483834,0.014087997644615024,8.589934592e9,0.07098486067157941,log((-2.47+sqrt_abs((-9.09-exp(v1)))))
1.2116493008221723e-15,9.0,0,2478.0,-1.0,true,1.1102230246251565e-15,4.573233706196925e-16,3.0,log((0.4+(0.3/exp((-0.693147180559946*v1))))),-1.0,2.727116801252326e-31,3.3245141071284977e-16,2.727116801252326e-31,1024.0,3.191891195797325e-16,log((0.4+(0.3/exp((-0.693*v1)))))
4.440892098500627e-15,11.0,0,2594.0,-1.0,true,5.551115123125783e-16,1.197079662805388e-15,3.0,log((0.4+(0.3*pow2(pow2(exp((0.173286795139986*v1))))))),-1.0,1.3096323621833204e-31,9.51121033535513e-16,1.3096323621833204e-31,1.7976931348623157e308,3.191891195797325e-16,log((0.4+(0.3*pow2(pow2(exp((0.173*v1)))))))
