time,generation,mean age hall_of_fame,mean compl,mean recursive_compl,mean n_params,min mae,min mse,min max_ae,min minus_r2,min mare,min q75_are,min max_are,min ms_processed_e,min minus_spearman,max penalty
13.113168001174927,1.0,0.0,7.818181818181818,24023.636363636364,1.0909090909090908,0.004842656725657089,4.408691944848313e-5,0.020403206855163558,-0.9985144352312693,0.02202255531739771,0.015356760736913836,0.15929089753777875,4.408691944848313e-5,-0.9995556357591536,4.0
18.511446952819824,9.0,2.5,10.5,6.80564733841877e37,1.8,0.002566557651487653,1.4071501800027974e-5,0.014330600678646901,-0.999525842867255,0.013969470270567075,0.010067619691028293,0.13584686092019355,1.4071501800027974e-5,-0.999791216445119,4.0
23.956015825271606,16.0,3.6923076923076925,12.153846153846153,1.382840872971012e307,2.230769230769231,0.0018572232245213907,7.122462925681029e-6,0.011623059364961143,-0.9997599995617442,0.008508757766199282,0.0075487922071472745,0.11623059364961143,7.122462925681029e-6,-0.9998014969861219,5.0
30.88020396232605,23.0,4.0625,11.3125,Inf,2.0625,0.0004924524171000812,3.760676068716916e-7,0.0016857851626984818,-0.9999873279241458,0.0023713715837938255,0.002682049080813201,0.01685785162698482,3.760676068716916e-7,-0.9999905154567204,4.0
36.407678842544556,29.0,4.571428571428571,7.857142857142857,2.4305883351495603e37,1.1428571428571428,1.3671470747301381e-5,8.951018973076288e-9,0.0007377698977110713,-0.9999996983840423,0.0001322000666633677,4.417554595181842e-6,0.007377698977110712,8.951018973076288e-9,-0.9999418079500333,3.0
