time_stamp,max_are,compl,dim_penalty,age,minus_spearman,valid,max_ae,q75_are,n_params,eqs_orig,minus_r2,mse,mare,ms_processed_e,recursive_compl,mae,eqs_orig_rounded
503.167937040329,0.17211567937207492,2.0,0.0,4735.0,100.0,true,2.6470747005268667,0.1286352097091954,1.0,12.732550852381,0.020499193433561436,1.8559504264477664,0.0877308180145273,1.8559504264477664,1.0,1.1531862412910767,12.7
33.58813810348511,0.017828156686837862,5.0,0.0,6433.0,-1.0,true,0.248504518392064,0.01537259433186702,1.0,log((8.25940706415815e6/v1)),-0.98895522245735,0.020086796464123226,0.009402629290588476,0.020086796464123226,8.0,0.12095456899811388,log((8.26e6/v1))
136.5439031124115,0.017586303745061205,7.0,0.0,6031.0,-1.0,true,0.24850473497044057,0.015226660579139937,1.0,log((v1+(8.25940703545886e6/v1))),-0.9890479443741269,0.01991816597221275,0.009358963868538657,0.01991816597221275,32.0,0.12045801590691377,log((v1+(8.26e6/v1)))
755.8287470340729,4.2683845591343105e-15,8.0,0.0,3837.0,-1.0,true,4.796163466380676e-14,2.9212555031463217e-15,2.0,(15.65-(0.905069700286375*log(v1))),-1.0,9.819497821758779e-28,2.2470588659972035e-15,9.819497821758779e-28,6.0,2.862667368110404e-14,(15.6-(0.905*log(v1)))
1439.4780271053314,3.802403529948312e-15,12.0,0.0,1373.0,-1.0,true,4.973799150320701e-14,2.6942375613418013e-15,2.0,((v1--15.65)-(v1+(0.905069700286373*log(v1)))),-1.0,8.56581579853831e-28,2.032930515096338e-15,8.56581579853831e-28,10.0,2.62354240896037e-14,((v1--15.6)-(v1+(0.905*log(v1))))
1560.5054769515991,3.3950031517395645e-15,15.0,0.0,917.0,-1.0,true,4.973799150320701e-14,2.536935593212751e-15,3.0,(14.2413004917974-(log((v1*(v1-(v1-0.210882500780931))))/1.10488728070732)),-1.0,7.102175411312863e-28,1.7903863497462015e-15,7.102175411312863e-28,2050.0,2.3365924579803294e-14,(14.2-(log((v1*(v1-(v1-0.211))))/1.1))
1780.7119171619415,3.245437019474288e-15,25.0,0.0,74.0,-1.0,true,4.263256414560601e-14,2.641828301003776e-15,3.0,((v1-(-0.96688036055688*log(pow2(pow2(pow2(pow3(v1)))))))-(v1+(log(pow2((v1-(0.477485692973195*v1))))/0.0829524490285705))),-1.0,6.63371339682777e-28,1.7472460547073084e-15,6.63371339682777e-28,1.7976931348623157e308,2.2546067577003178e-14,((v1-(-0.967*log(pow2(pow2(pow2(pow3(v1)))))))-(v1+(log(pow2((v1-(0.477*v1))))/0.083)))
