max_are,compl,dim_penalty,age,minus_spearman,valid,max_ae,q75_are,n_params,eqs_orig,minus_r2,mse,mare,ms_processed_e,recursive_compl,mae,eqs_orig_rounded
0.769599253972468,1.0,0,3163.0,-1.0,true,31.46175895905491,0.5653544623687768,0.0,v1,-0.23207596005128772,103.97669332875144,0.36110504409031774,103.97669332875144,2.0,4.565745478711937,v1
3.058250084069808,3.0,0,3016.0,-1.0,true,4.550636300930762,2.377541520932333,1.0,(v1/0.259260312712475),-0.9243717073826723,10.240048988405345,1.5267866861884825,10.240048988405345,3.0,2.94796916817691,(v1/0.259)
0.7761583417765308,4.0,0,4201.0,-1.0,true,3.227630842239515,0.7308517321388576,1.0,(0.471026950823464*pow2(v1)),-0.9756725660565219,3.2939275332302693,0.5546529767177207,3.2939275332302693,5.0,1.4562893745208634,(0.471*pow2(v1))
7.53427700464736e-16,5.0,0,5725.0,-1.0,true,2.6645352591003757e-15,4.3888347930036435e-16,1.0,sqrt_abs(pow3((1.25992104989487*v1))),-1.0,1.21040845144849e-30,2.9744051487364984e-16,1.21040845144849e-30,256.0,7.105427357601002e-16,sqrt_abs(pow3((1.26*v1)))
6.144696801231059e-16,7.0,0,4790.0,-1.0,true,8.881784197001252e-16,3.471907834784345e-16,2.0,(0.374222840350901*pow3(sqrt_abs((v1/-0.412170459047398)))),-1.0,1.232595164407831e-31,1.97017561507371e-16,1.232595164407831e-31,257.0,2.220446049250313e-16,(0.374*pow3(sqrt_abs((v1/-0.412))))
3.886567515027082e-16,11.0,0,1295.0,-1.0,true,8.881784197001252e-16,2.451719940894011e-16,3.0,(0.374222840350901*pow3(sqrt_abs((((-3.44892404508387e-17/v1)-v1)/-0.412170459047398)))),-1.0,1.1339875512552044e-31,1.5605291616583057e-16,1.1339875512552044e-31,1.8446744073709552e19,1.9984014443252818e-16,(0.374*pow3(sqrt_abs((((-3.45e-17/v1)-v1)/-0.412))))
6.144696801231059e-16,13.0,0,1539.0,-1.0,true,8.881784197001252e-16,1.8954166015964382e-16,3.0,(pow3((v1/sqrt_abs((-1.00330926914677*(v1-(-9.253810549775101e-17*v1))))))/0.703611234815546),-1.0,1.0754392809458325e-31,1.6667459226487795e-16,1.0754392809458325e-31,6.80564733841877e38,1.942890293094024e-16,(pow3((v1/sqrt_abs((-1.0*(v1-(-9.25e-17*v1))))))/0.704)
4.680456073730015e-16,19.0,0,1135.0,-1.0,true,8.881784197001252e-16,2.0110156299097576e-16,4.0,(pow3((v1/sqrt_abs((-1.00330926914677*(v1-(-9.509755940220529e-18/((v1*(1.32931977054024*v1))-v1)))))))/0.703611234815546),-1.0,1.013809522725441e-31,1.439577623647807e-16,1.013809522725441e-31,1.7976931348623157e308,1.8318679906315082e-16,(pow3((v1/sqrt_abs((-1.0*(v1-(-9.51e-18/((v1*(1.33*v1))-v1)))))))/0.704)
