time,generation,mean age hall_of_fame,mean compl,mean recursive_compl,mean n_params,min mae,min mse,min max_ae,min minus_r2,min mare,min q75_are,min max_are,min ms_processed_e,min minus_spearman,max penalty
11.799751043319702,1.0,0.0,6.0,256.0,1.0,0.007648402439592795,8.822088022055671e-5,0.021800539786605205,-0.9970272853453682,0.03190771969673307,0.043886546779938,0.16553402354228627,8.822088022055671e-5,-0.9976626464120878,0.0
17.518120050430298,5.0,1.5,7.5,11.0,1.5,0.004965736836212227,4.2031202906037734e-5,0.021725816231762937,-0.9985837052122105,0.02080734175127664,0.01261446041477915,0.16553144749671092,4.2031202906037734e-5,-0.999724214634637,0.0
22.628216981887817,19.0,7.5,5.5,515.75,0.75,1.5832669495428211e-16,3.242482178451725e-32,3.3306690738754696e-16,-1.0,3.847661879098444e-16,4.493023718608126e-16,6.276744768507537e-16,3.242482178451725e-32,-0.9999978583321116,0.0
