time_stamp,max_are,compl,dim_penalty,age,minus_spearman,valid,max_ae,q75_are,n_params,eqs_orig,minus_r2,mse,mare,ms_processed_e,recursive_compl,mae,eqs_orig_rounded
19.493120908737183,0.29777559420425986,1.0,0.0,13.0,-0.9976625853646766,true,0.03575081533538746,0.0586848535320886,0.0,v1,-0.9907180686703486,0.00027545871271995523,0.047923810442292776,0.00027545871271995523,2.0,0.013686038639562309,v1
20.434300899505615,0.16553633312579744,4.0,0.0,10.0,-0.9976626464120878,true,0.021800783426530385,0.04388898317918992,1.0,(0.0139500319088571+v1),-0.9970272896820096,8.822075152259541e-5,0.03190766024769941,8.822075152259541e-5,3.0,0.007648387794569962,(0.014+v1)
26.08894395828247,0.0,7.0,0.0,0.0,-1.0,true,0.0,0.0,0.0,sqrt_abs((pow2(v2)+(v1*v1))),-1.0,0.0,0.0,0.0,512.0,0.0,sqrt_abs((pow2(v2)+(v1*v1)))
