max_are,compl,dim_penalty,age,minus_spearman,valid,max_ae,q75_are,n_params,eqs_orig,minus_r2,mse,mare,ms_processed_e,recursive_compl,mae,eqs_orig_rounded
0.16688784693642386,1.0,0,6171.0,100.0,true,2.4035767124996177,0.14353816958317528,1.0,12.9760488404083,0.0013975148311842212,1.8212107923784149,0.08940858690170414,1.8212107923784149,1.0,1.153186241291077,13.0
0.017504422395305367,4.0,0,6164.0,-1.0,true,0.2521045147321317,0.015055338033292731,1.0,(15.9304633552604-log(v1)),-0.9889832831644698,0.02003576332104932,0.00937782431416035,0.02003576332104932,5.0,0.12095456899811409,(15.9-log(v1))
4.2683845591343105e-15,6.0,0,5467.0,-1.0,true,4.796163466380676e-14,2.9212555031463217e-15,2.0,((-0.905069700286375*log(v1))--15.65),-1.0,9.819497821758779e-28,2.2470588659972035e-15,9.819497821758779e-28,6.0,2.862667368110404e-14,((-0.905*log(v1))--15.6)
4.4264728761392846e-15,7.0,0,2764.0,-1.0,true,4.973799150320701e-14,2.863338453587068e-15,2.0,(-0.301689900095458*log(pow3((3.09316488350214e-8*v1)))),-1.0,9.77095253528364e-28,2.237745608899787e-15,9.77095253528364e-28,257.0,2.849003084730402e-14,(-0.302*log(pow3((3.09e-8*v1))))
3.6360312911144126e-15,10.0,0,1637.0,-1.0,true,4.263256414560601e-14,2.555212720103779e-15,3.0,(-0.905069700286372*log((6.74984928572843e-6*(v1+(-0.995417431186142*v1))))),-1.0,7.235674949119496e-28,1.88200834948804e-15,7.235674949119496e-28,65.0,2.418578158260341e-14,(-0.905*log((6.75e-6*(v1+(-0.995*v1)))))
3.993529219125014e-15,11.0,0,627.0,-1.0,true,4.440892098500626e-14,2.5948290013794434e-15,3.0,(-1.81013940057275*log(sqrt_abs((8.7964250984989e-6*(v1-(0.996483611411606*v1)))))),-1.0,6.8303218070520835e-28,1.7468109999637801e-15,6.8303218070520835e-28,1.8446744073709552e19,2.227278190940314e-14,(-1.81*log(sqrt_abs((8.8e-6*(v1-(0.996*v1))))))
3.2340183661885585e-15,12.0,0,1672.0,-1.0,true,4.973799150320701e-14,2.503195080912921e-15,3.0,(7.16479641113102-(log((8.48018228475713e-5*v1))*(v1+(0.905069700286371-v1)))),-1.0,6.684685947626666e-28,1.7360596762523594e-15,6.684685947626666e-28,42.0,2.26827104108032e-14,(7.16-(log((8.48e-5*v1))*(v1+(0.905-v1))))
3.802403529948312e-15,13.0,0,551.0,-1.0,true,4.973799150320701e-14,2.1208855339666167e-15,3.0,(-1.81013940057275*log(sqrt_abs((-2.33665949494416e-5*(v1+((0.00132375508292704*v1)-v1)))))),-1.0,4.9346283701978985e-28,1.4317912425184458e-15,4.9346283701978985e-28,1.157920892373162e77,1.8036854061602542e-14,(-1.81*log(sqrt_abs((-2.34e-5*(v1+((0.00132*v1)-v1))))))
