max_are,compl,dim_penalty,age,minus_spearman,valid,max_ae,q75_are,n_params,eqs_orig,minus_r2,mse,mare,ms_processed_e,recursive_compl,mae,eqs_orig_rounded
0.769599253972468,1.0,0,8689.0,-1.0,true,31.46175895905491,0.5653544623687768,0.0,v1,-0.23207596005128772,103.97669332875144,0.36110504409031774,103.97669332875144,2.0,4.565745478711937,v1
3.2232540640900584,3.0,0,7694.0,-1.0,true,4.735933245653701,2.5148686402799383,1.0,(4.01395372877179*v1),-0.9208972240737208,10.710493025441682,1.6213912709050078,10.710493025441682,3.0,3.0147635437776623,(4.01*v1)
0.7766398183639692,4.0,0,1615.0,-1.0,true,3.237643713013062,0.7314306618633479,1.0,(pow2(v1)/2.12759716705367),-0.975666343788804,3.2947700264830466,0.5551807106902336,3.2947700264830466,5.0,1.4503495579611514,(pow2(v1)/2.13)
7.53427700464736e-16,5.0,0,8697.0,-1.0,true,2.6645352591003757e-15,4.3888347930036435e-16,1.0,sqrt_abs(pow3((1.25992104989487*v1))),-1.0,1.21040845144849e-30,2.9744051487364984e-16,1.21040845144849e-30,256.0,7.105427357601002e-16,sqrt_abs(pow3((1.26*v1)))
6.144696801231059e-16,7.0,0,6582.0,-1.0,true,8.881784197001252e-16,3.6895688234754696e-16,2.0,(pow3(sqrt_abs((v1/0.77995457785577)))/1.02655219270489),-1.0,1.137069039166224e-31,2.0671446840235104e-16,1.137069039166224e-31,257.0,2.1649348980190552e-16,(pow3(sqrt_abs((v1/0.78)))/1.03)
3.886567515027082e-16,11.0,0,6217.0,-1.0,true,8.881784197001252e-16,2.8522861036342625e-16,3.0,(pow3(sqrt_abs(((v1-(-3.17983297373635e-17/v1))/0.77995457785577)))/1.02655219270489),-1.0,1.0384614260135977e-31,1.6574982306081062e-16,1.0384614260135977e-31,1.8446744073709552e19,1.942890293094024e-16,(pow3(sqrt_abs(((v1-(-3.18e-17/v1))/0.78)))/1.03)
3.8793237482495116e-16,13.0,0,4447.0,-1.0,true,8.881784197001252e-16,1.8519233072244464e-16,4.0,(pow3((sqrt_abs(((v1-(-3.17983297373635e-17/v1))/0.5))/1.76702261694871))/0.362496377405591),-1.0,8.905500062846578e-32,1.1128262766477308e-16,8.905500062846578e-32,3.6893488147419103e19,1.4988010832439614e-16,(pow3((sqrt_abs(((v1-(-3.18e-17/v1))/0.5))/1.77))/0.362)
2.0482322670770198e-16,17.0,0,5324.0,-1.0,true,8.881784197001252e-16,1.6416197328114558e-16,4.0,(pow3(sqrt_abs(((((v1+(v1+(4.62475205289825e-17/v1)))-v1)-7.95440138902401e-17)/0.779709356863656)))/1.02703651151522),-1.0,8.628166150854817e-32,6.984309498660153e-17,8.628166150854817e-32,1.7976931348623157e308,1.3322676295501878e-16,(pow3(sqrt_abs(((((v1+(v1+(4.62e-17/v1)))-v1)-7.95e-17)/0.78)))/1.03)
