time,generation,mean age hall_of_fame,mean compl,mean recursive_compl,mean n_params,min mae,min mse,min max_ae,min minus_r2,min mare,min q75_are,min max_are,min ms_processed_e,min minus_spearman,max penalty
13.615938901901245,1.0,0.0,7.076923076923077,30397.69230769231,0.8461538461538461,0.003802974197804706,3.1795514441976536e-5,0.021894979067988957,-0.9989286097407222,0.01843616249149394,0.01305871743494769,0.1670635703562598,3.1795514441976536e-5,-0.9996622293719549,3.0
19.52312994003296,7.0,2.0,5.6,8.8,1.0,0.003803018212896639,3.179476865161027e-5,0.021961893133727234,-0.9989286348710762,0.01843628468344239,0.011840464703581901,0.16706357182829473,3.179476865161027e-5,-0.9997517503226515,2.0
