time_stamp,max_are,compl,dim_penalty,age,minus_spearman,valid,max_ae,q75_are,n_params,eqs_orig,minus_r2,mse,mare,ms_processed_e,recursive_compl,mae,eqs_orig_rounded
14.496441125869751,3.85893456730688,2.0,0.0,8.0,100.0,true,0.385893456730688,0.5157888327264948,1.0,0.385893456730688,0.0016114470033108397,0.02972469737582794,0.669120022140899,0.02972469737582794,1.0,0.14486596197324705,0.386
15.078831911087036,0.29777559420425986,3.0,0.0,7.0,-0.9976633196502763,true,0.03575081533538746,0.0586848535320886,0.0,sqrt_abs(pow2(v1)),-0.9907180686703486,0.00027545871271995523,0.04792381044229276,0.00027545871271995523,16.0,0.013686038639562309,sqrt_abs(pow2(v1))
19.513344049453735,0.16706357182829473,4.0,0.0,3.0,-0.9976626464120878,true,0.021961893133727234,0.04509960179258143,1.0,(v1--0.0137889222016602),-0.9970292813815922,8.816164410371246e-5,0.03186834888934793,8.816164410371246e-5,3.0,0.007638703604519878,(v1--0.0138)
20.693246126174927,0.24430429947079627,4.0,1.0,0.0,-0.9997240923553904,true,0.025771867940690155,0.023169620337597466,0.0,(v1+pow2(v2)),-0.9980811142572722,5.6946531683545084e-5,0.02323918302445712,5.6946531683545084e-5,6.0,0.004578983942692609,(v1+pow2(v2))
22.45088005065918,0.0,7.0,0.0,0.0,-1.0,true,0.0,0.0,0.0,sqrt_abs((pow2(v2)+(v1*v1))),-1.0,0.0,0.0,0.0,512.0,0.0,sqrt_abs((pow2(v2)+(v1*v1)))
