time,generation,mean age hall_of_fame,mean compl,mean recursive_compl,mean n_params,min mae,min mse,min max_ae,min minus_r2,min mare,min q75_are,min max_are,min ms_processed_e,min minus_spearman,max penalty
11.370260000228882,1.0,0.0,7.5,40995.875,0.875,0.0031567957631853058,2.3774722431480418e-5,0.014688987192370592,-0.9991988805189296,0.018291020235348246,0.02121679753208728,0.13924418417113307,2.3774722431480418e-5,-0.999670184094748,3.0
16.5203959941864,6.0,2.2222222222222223,7.888888888888889,262.55555555555554,1.4444444444444444,0.0031567957631853058,2.3774722431480418e-5,0.014688987192370592,-0.9991988805189296,0.018291020235348246,0.01315201039482523,0.13924418417113307,2.3774722431480418e-5,-0.9997246426474141,3.0
22.04138994216919,12.0,1.25,7.875,36.625,1.5,0.0026979371973595255,1.681484205180625e-5,0.017998968871127063,-0.9994334025317163,0.01363917741536395,0.006497311777945993,0.16388897465068067,1.681484205180625e-5,-0.9998539995646728,1.0
27.36519694328308,20.0,3.1333333333333333,10.933333333333334,Inf,1.8,0.0012723605313123179,4.386328782293168e-6,0.012657270265367865,-0.9998521970783044,0.006183089462714881,0.003941327421645544,0.1251454253294841,4.386328782293168e-6,-0.999949823836192,3.0
32.882563829422,27.0,7.5,5.333333333333333,90.0,0.6666666666666666,1.8798178769358548e-5,1.5761435885401873e-8,0.0009778777646422304,-0.999999468898391,0.00018005038305538528,7.378659766153397e-6,0.009778777646422303,1.5761435885401873e-8,-0.9999960226121306,1.0
