time_stamp,max_are,compl,dim_penalty,age,minus_spearman,valid,max_ae,q75_are,n_params,eqs_orig,minus_r2,mse,mare,ms_processed_e,recursive_compl,mae,eqs_orig_rounded
17.315353870391846,0.29777559420425986,1.0,0.0,20.0,-0.9976625853646766,true,0.03575081533538746,0.0586848535320886,0.0,v1,-0.9907180686703486,0.00027545871271995523,0.047923810442292776,0.00027545871271995523,2.0,0.013686038639562309,v1
25.23142695426941,0.16640696584800974,4.0,0.0,11.0,-0.9976626464120878,true,0.021892627211475252,0.0446921162706068,1.0,(0.0138581881239122+v1),-0.9970286394535648,8.818069452132444e-5,0.031885250027948266,8.818069452132444e-5,3.0,0.007642867129901146,(0.0139+v1)
25.92723298072815,0.24430429947079627,4.0,1.0,10.0,-0.9997240923553904,true,0.025771867940690155,0.023169620337597466,0.0,(v1+pow2(v2)),-0.9980811142572722,5.6946531683545084e-5,0.02323918302445712,5.6946531683545084e-5,6.0,0.004578983942692609,(v1+pow2(v2))
33.73230695724487,0.0,6.0,0.0,0.0,-1.0,true,0.0,0.0,0.0,sqrt_abs((pow2(v2)+pow2(v1))),-1.0,0.0,0.0,0.0,256.0,0.0,sqrt_abs((pow2(v2)+pow2(v1)))
