max_are,compl,dim_penalty,age,minus_spearman,valid,max_ae,q75_are,n_params,eqs_orig,minus_r2,mse,mare,ms_processed_e,recursive_compl,mae,eqs_orig_rounded
0.17311598962634092,1.0,0,5489.0,100.0,true,2.3343183995078647,0.14660269039205748,1.0,13.0453071534,0.007874753303727333,1.8329907463290622,0.09006941860608773,1.8329907463290622,1.0,1.155575950799618,13.0
0.017646699051075777,4.0,0,6918.0,-1.0,true,0.25052236710845754,0.015194767702511809,1.0,log((8.27609012438583e6/v1)),-0.9889727063028761,0.0200549991332004,0.009388725751496364,0.0200549991332004,8.0,0.12095456899811416,log((8.28e6/v1))
4.2683845591343105e-15,6.0,0,4807.0,-1.0,true,4.796163466380676e-14,2.9212555031463217e-15,2.0,(15.65-(0.905069700286375*log(v1))),-1.0,9.819497821758779e-28,2.2470588659972035e-15,9.819497821758779e-28,6.0,2.862667368110404e-14,(15.6-(0.905*log(v1)))
4.2683845591343105e-15,8.0,0,2964.0,-1.0,true,4.973799150320701e-14,2.859657705363306e-15,3.0,((-0.905069700286374*log((v1-2.0770055607533103e-15)))--15.65),-1.0,9.79522517852121e-28,2.2566320658459517e-15,9.79522517852121e-28,10.0,2.876331651490406e-14,((-0.905*log((v1-2.08e-15)))--15.6)
3.470102032881624e-15,10.0,0,694.0,-1.0,true,5.3290705182007514e-14,2.800704742838321e-15,3.0,(-0.905069700286377*log((6.5976841664558e-6*((1.00468825849414*v1)-v1)))),-1.0,7.621609976596853e-28,1.8187693413994387e-15,7.621609976596853e-28,65.0,2.3502567413603312e-14,(-0.905*log((6.6e-6*((1.0*v1)-v1))))
4.402110017044272e-15,11.0,0,2176.0,-1.0,true,4.973799150320701e-14,2.52865080811102e-15,3.0,(-1.81013940057275*log((0.00278183224446185*sqrt_abs((v1+(-1.00399706487766*v1)))))),-1.0,7.042707435380817e-28,1.8393713841275028e-15,7.042707435380817e-28,8.589934593e9,2.3434245996703303e-14,(-1.81*log((0.00278*sqrt_abs((v1+(-1.0*v1))))))
4.087673587255396e-15,17.0,0,79.0,-1.0,true,4.618527782440651e-14,2.6292082131011348e-15,5.0,(-1.81013940057275*log(sqrt_abs((6.33371080758702e-6*(v1+(-0.496851949754729*(v1+((1.0028427925259*v1)-1.10348511018174e-16)))))))),-1.0,6.688326844112301e-28,1.7499916550913988e-15,6.688326844112301e-28,1.7976931348623157e308,2.220446049250313e-14,(-1.81*log(sqrt_abs((6.33e-6*(v1+(-0.497*(v1+((1.0*v1)-1.1e-16))))))))
