time_stamp,max_are,compl,dim_penalty,age,minus_spearman,valid,max_ae,q75_are,n_params,eqs_orig,minus_r2,mse,mare,ms_processed_e,recursive_compl,mae,eqs_orig_rounded
17.073704957962036,3.80266385131769,2.0,0.0,2.0,100.0,true,0.380266385131769,0.49368570518746946,1.0,0.380266385131769,5.592844398361052e-5,0.029678534446503577,0.661057130568107,0.029678534446503577,1.0,0.14524173695385642,0.38
16.917011976242065,0.29777559420425986,3.0,0.0,2.0,-0.9976633196502763,true,0.03575081533538746,0.0586848535320886,0.0,sqrt_abs(pow2(v1)),-0.9907180686703486,0.00027545871271995523,0.04792381044229276,0.00027545871271995523,16.0,0.013686038639562309,sqrt_abs(pow2(v1))
17.26560115814209,0.1648920150446014,4.0,0.0,1.0,-0.9976626464120878,true,0.02173281376518449,0.044434518061594167,1.0,(0.014018001570203+v1),-0.9970259247491605,8.826125846368199e-5,0.031924245093893244,8.826125846368199e-5,3.0,0.00765247340262901,(0.014+v1)
15.308377981185913,0.24430429947079627,6.0,1.0,3.0,-0.999724826640541,true,0.025771867940690155,0.023169620337597466,0.0,(sqrt_abs(pow2(v1))+pow2(v2)),-0.9980811142572722,5.6946531683545084e-5,0.023239183024457107,5.6946531683545084e-5,20.0,0.004578983942692608,(sqrt_abs(pow2(v1))+pow2(v2))
18.869331121444702,0.0,7.0,0.0,0.0,-1.0,true,0.0,0.0,0.0,sqrt_abs((pow2(v1)+(v2*v2))),-1.0,0.0,0.0,0.0,512.0,0.0,sqrt_abs((pow2(v1)+(v2*v2)))
