time,generation,mean age hall_of_fame,mean compl,mean recursive_compl,mean n_params,min mae,min mse,min max_ae,min minus_r2,min mare,min q75_are,min max_are,min ms_processed_e,min minus_spearman,max penalty
13.935271978378296,1.0,0.0,8.0,32836.25,1.0,0.007539505946919604,8.688428510132523e-5,0.019439515072880165,-0.9970723236162211,0.031924245086300346,0.0417515809722358,0.16489201533958456,8.688428510132523e-5,-0.9976625237450322,4.0
19.162053108215332,5.0,1.6,4.4,110.4,0.4,0.0,0.0,0.0,-1.0,0.0,0.0,0.0,0.0,-1.0,1.0
