max_are,compl,dim_penalty,age,minus_spearman,valid,max_ae,q75_are,n_params,eqs_orig,minus_r2,mse,mare,ms_processed_e,recursive_compl,mae,eqs_orig_rounded
9.605609701678373,1.0,0,10091.0,-0.10910894511799618,true,2.014968596068634,2.4595107395721403,1.0,0.960560970167838,0.0027703222005368566,1.5950476611125572,2.266900985522519,1.5950476611125572,1.0,1.0949193435707762,0.961
1.025477034934541,4.0,0,10136.0,-1.0,true,1.1525241438908715,0.8928553476625258,1.0,exp((v1-4.70090825655433)),-0.6409548939327065,0.5711118927111781,0.6622203704455074,0.5711118927111781,8.0,0.6692033111975864,exp((v1-4.7))
1.4451376453699833,5.0,0,9901.0,-1.0,true,0.6281869625549401,0.5558167030523125,1.0,(v1/(7.919756074474-v1)),-0.9125437937251627,0.13911143377512086,0.4880656634994773,0.13911143377512086,7.0,0.3121491427341891,(v1/(7.92-v1))
1.5332879234837726,6.0,0,2757.0,-1.0,true,0.2411224059337178,0.33210638558661254,2.0,(exp((v1/4.19928690124319))-1.11555253800501),-0.9854315719221708,0.02317314006724348,0.3457727220753875,0.02317314006724348,9.0,0.13797778958311607,(exp((v1/4.2))-1.12)
0.3737258714611325,8.0,0,6804.0,-1.0,true,0.31200697582899706,0.11485569367033491,2.0,log((sqrt_abs((9.31510946774262+exp(v1)))-2.50560073659077)),-0.9911402330527739,0.014092709202007397,0.10879115365899548,0.014092709202007397,8.589934592e9,0.07071045795098743,log((sqrt_abs((9.32+exp(v1)))-2.51))
1.110223024625157e-14,9.0,0,235.0,-1.0,true,1.1102230246251571e-15,2.43306810808527e-15,3.0,log((0.4+(0.299999999999999*exp((0.693147180559946*v1))))),-1.0,6.552013670805378e-31,2.227168218018773e-15,6.552013670805378e-31,1024.0,7.424616477180735e-16,log((0.4+(0.3*exp((0.693*v1)))))
9.992007221626414e-15,10.0,0,3662.0,-1.0,true,1.1102230246251565e-15,1.874529423664591e-15,3.0,log((0.4+(0.299999999999999*pow2(exp((0.346573590279973*v1)))))),-1.0,4.564453968197751e-31,1.9536937008320776e-15,4.564453968197751e-31,4.631683569492648e77,5.759281940243001e-16,log((0.4+(0.3*pow2(exp((0.347*v1))))))
2.3621584080251646e-16,11.0,0,5720.0,-1.0,true,1.1102230246251565e-16,0.0,4.0,log(((0.0261718071005397-(-0.0196288553254048*exp((0.693147180559945*v1))))/0.0654295177513493)),-1.0,1.5407439555097887e-33,2.952698010031456e-17,1.5407439555097887e-33,2048.0,1.3877787807814457e-17,log(((0.0262-(-0.0196*exp((0.693*v1))))/0.0654))
