max_are,compl,dim_penalty,age,minus_spearman,valid,max_ae,q75_are,n_params,eqs_orig,minus_r2,mse,mare,ms_processed_e,recursive_compl,mae,eqs_orig_rounded
0.1673765968515928,1.0,0,9337.0,100.0,true,2.5741893858975207,0.1310749742783798,1.0,12.8054361670104,0.007944057229794188,1.8331167872431229,0.08823301811157094,1.8331167872431229,1.0,1.1531862412910767,12.8
0.01702781271629995,4.0,0,1418.0,-1.0,true,0.25740451891747185,0.01458826541670289,1.0,log((8.33324387782501e6/v1)),-0.9889986582658702,0.020007801098066286,0.009341305810676546,0.020007801098066286,8.0,0.12095456899811402,log((8.33e6/v1))
4.2683845591343105e-15,6.0,0,853.0,-1.0,true,4.796163466380676e-14,2.9212555031463217e-15,2.0,(15.65+(-0.905069700286375*log(v1))),-1.0,9.819497821758779e-28,2.2470588659972035e-15,9.819497821758779e-28,6.0,2.862667368110404e-14,(15.6+(-0.905*log(v1)))
3.9522079251243615e-15,8.0,0,3891.0,-1.0,true,4.973799150320701e-14,2.672544482763662e-15,3.0,((10.4970428899474-(log(v1)/1.64727210552115))/0.670737564852869),-1.0,9.751534420693585e-28,2.245070067841524e-15,9.751534420693585e-28,7.0,2.862667368110404e-14,((10.5-(log(v1)/1.65))/0.671)
4.1102962421293356e-15,9.0,0,316.0,-1.0,true,4.973799150320701e-14,2.8099189621408083e-15,3.0,(1.81013940057275*(5.0656073194663-log(sqrt_abs((0.00077684376369802*v1))))),-1.0,9.734543570427286e-28,2.2341142298041956e-15,9.734543570427286e-28,258.0,2.849003084730402e-14,(1.81*(5.07-log(sqrt_abs((0.000777*v1)))))
6.007356046189029e-15,10.0,0,88.0,-1.0,true,6.750155989720952e-14,2.7471892201368647e-15,3.0,(-0.90506970028637*log((7.15978428600747e-6*((v1/0.995698390936966)-v1)))),-1.0,8.946896297368153e-28,2.0356050853437434e-15,8.946896297368153e-28,65.0,2.582549558820364e-14,(-0.905*log((7.16e-6*((v1/0.996)-v1))))
4.653603053397439e-15,11.0,0,1008.0,-1.0,true,5.684341886080802e-14,2.489936622739231e-15,3.0,(-1.81013940057276*(log(sqrt_abs((v1+(-0.998315205354815*v1))))-5.45268717408549)),-1.0,6.764785670310646e-28,1.5947686384154312e-15,6.764785670310646e-28,4.294967298e9,1.9813210901002793e-14,(-1.81*(log(sqrt_abs((v1+(-0.998*v1))))-5.45))
