time_stamp,max_are,compl,dim_penalty,age,minus_spearman,valid,max_ae,q75_are,n_params,eqs_orig,minus_r2,mse,mare,ms_processed_e,recursive_compl,mae,eqs_orig_rounded
41.515979051589966,0.29777559420425986,1.0,0.0,9.0,-0.9976625853646766,true,0.03575081533538746,0.0586848535320886,0.0,v1,-0.9907180686703486,0.00027545871271995523,0.047923810442292776,0.00027545871271995523,2.0,0.013686038639562309,v1
46.46753787994385,0.16753233451268926,4.0,0.0,3.0,-0.9976608663079469,true,0.022011343307235892,0.04491813979914277,1.0,(v1--0.0137394720281516),-0.9970295418504057,8.815391420337874e-5,0.03185628286598311,8.815391420337874e-5,3.0,0.007635731189718821,(v1--0.0137)
49.00436305999756,0.0,6.0,0.0,0.0,-1.0,true,0.0,0.0,0.0,sqrt_abs((pow2(v1)+pow2(v2))),-1.0,0.0,0.0,0.0,256.0,0.0,sqrt_abs((pow2(v1)+pow2(v2)))
