time,generation,mean age hall_of_fame,mean compl,mean recursive_compl,mean n_params,min mae,min mse,min max_ae,min minus_r2,min mare,min q75_are,min max_are,min ms_processed_e,min minus_spearman,max penalty
17.988592863082886,1.0,0.0,9.571428571428571,28492.571428571428,1.5714285714285714,0.0050452319779887705,5.6111971979379265e-5,0.019020079712482152,-0.9981092358069159,0.0275404306848818,0.019772738825704166,0.16753233341387802,5.6111971979379265e-5,-0.9994949961639291,0.0
23.54772186279297,5.0,1.3333333333333333,13.333333333333334,1.4980776123852632e307,2.8333333333333335,0.002706550335110133,1.5872535342256676e-5,0.015139229351844113,-0.9994651547536125,0.0146459295999157,0.010584891993493151,0.14351225257872957,1.5872535342256676e-5,-0.9996807694923109,0.0
28.557142972946167,11.0,1.7272727272727273,15.727272727272727,1.6342664862384688e307,3.727272727272727,0.001688748689977318,5.441587539992352e-6,0.011765872795806327,-0.9998166387936263,0.008185791928341629,0.006583393190574907,0.11765872795806327,5.441587539992352e-6,-0.9997684556305766,0.0
34.34015703201294,18.0,3.6153846153846154,13.461538461538462,1.382840872971012e307,2.769230769230769,0.0016888094325202508,5.441307680120285e-6,0.011765849178063212,-0.9998166482238602,0.008185572365099454,0.006583347426231358,0.08973983398609955,5.441307680120285e-6,-0.9998779859715797,0.0
39.8912558555603,25.0,5.909090909090909,11.545454545454545,770.0909090909091,2.0,0.0012992481697294113,4.643409793034414e-6,0.012537661182015061,-0.999843534406994,0.006331652495635303,0.004089937236646,0.1253766118201506,4.643409793034414e-6,-0.9999498238393202,0.0
45.71603298187256,32.0,7.0,10.142857142857142,2.5681330498033083e307,1.7142857142857142,5.956899943088275e-14,5.577860532250308e-27,1.6139867220488213e-13,-1.0,2.12530331075193e-13,2.817367910699556e-13,1.2620015843142098e-12,5.577860532250308e-27,-0.9999977359528855,0.0
