time,generation,mean age hall_of_fame,mean compl,mean recursive_compl,mean n_params,min mae,min mse,min max_ae,min minus_r2,min mare,min q75_are,min max_are,min ms_processed_e,min minus_spearman,max penalty
17.773205995559692,1.0,0.0,12.25,18501.375,2.125,0.0026640164091337308,1.4870101956710549e-5,0.014572454897983353,-0.9994989330202547,0.013634368895438271,0.010037376902966171,0.1381395168411781,1.4870101956710549e-5,-0.9997532183657781,0.0
22.98759889602661,5.0,1.3333333333333333,12.166666666666666,12306.583333333334,2.4166666666666665,0.0012175716019828889,3.3682833112820744e-6,0.008032242874334579,-0.9998865014140035,0.006420590912442805,0.004219121146979213,0.08032242874334579,3.3682833112820744e-6,-0.9998525919766961,0.0
28.71136498451233,12.0,1.375,11.5,49156.375,2.375,0.001206813766275412,3.362429409445893e-6,0.007998767332523842,-0.999886698668664,0.006388236487396846,0.004355323094281577,0.07998767332523841,3.362429409445893e-6,-0.9998518576541027,0.0
34.55171585083008,19.0,2.75,5.25,131.0,0.75,1.6726272480751984e-14,4.050908828774414e-28,4.132805209167145e-14,-1.0,5.712894884627182e-14,7.24920516779901e-14,3.23229218457208e-13,4.050908828774414e-28,-0.9999976747629639,0.0
