time_stamp,max_are,compl,dim_penalty,age,minus_spearman,valid,max_ae,q75_are,n_params,eqs_orig,minus_r2,mse,mare,ms_processed_e,recursive_compl,mae,eqs_orig_rounded
26.364539861679077,0.29777559420425986,1.0,0.0,11.0,-0.9976625853646766,true,0.03575081533538746,0.0586848535320886,0.0,v1,-0.9907180686703486,0.00027545871271995523,0.047923810442292776,0.00027545871271995523,2.0,0.013686038639562309,v1
33.06936693191528,0.16859506093046572,4.0,0.0,3.0,-0.9976626464120878,true,0.022123451219193846,0.04450674942898425,1.0,(v1--0.0136273641161936),-0.9970295220513978,8.815450177605507e-5,0.03183078982926513,8.815450177605507e-5,3.0,0.00762991044079072,(v1--0.0136)
36.11855101585388,0.0,6.0,0.0,0.0,-1.0,true,0.0,0.0,0.0,sqrt_abs((pow2(v1)+pow2(v2))),-1.0,0.0,0.0,0.0,256.0,0.0,sqrt_abs((pow2(v1)+pow2(v2)))
