time_stamp,max_are,compl,dim_penalty,age,minus_spearman,valid,max_ae,q75_are,n_params,eqs_orig,minus_r2,mse,mare,ms_processed_e,recursive_compl,mae,eqs_orig_rounded
12.109134912490845,3.817047628912158,2.0,0.0,0.0,100.0,true,0.3817047628912158,0.49933565054669626,1.0,0.381704762891216,0.0002505286782803484,0.0296843095732666,0.6630609576901133,0.0296843095732666,1.0,0.14512383713750834,0.382
12.116128921508789,0.29777559420425986,3.0,0.0,0.0,-0.9976633196502763,true,0.03575081533538746,0.0586848535320886,0.0,sqrt_abs(pow2(v1)),-0.9907180686703486,0.00027545871271995523,0.04792381044229276,0.00027545871271995523,16.0,0.013686038639562309,sqrt_abs(pow2(v1))
9.511570930480957,0.165654987113778,6.0,0.0,1.0,-0.9976626464120878,true,0.021813300336447627,0.04401415227836235,1.0,sqrt_abs(pow2((-0.0139375149989398-v1))),-0.9970275070932761,8.821429943568833e-5,0.0319046060758573,8.821429943568833e-5,256.0,0.007647635412006635,sqrt_abs(pow2((-0.0139-v1)))
13.650352001190186,0.0,7.0,0.0,0.0,-1.0,true,0.0,0.0,0.0,sqrt_abs((pow2(v1)+(v2*v2))),-1.0,0.0,0.0,0.0,512.0,0.0,sqrt_abs((pow2(v1)+(v2*v2)))
