max_are,compl,dim_penalty,age,minus_spearman,valid,max_ae,q75_are,n_params,eqs_orig,minus_r2,mse,mare,ms_processed_e,recursive_compl,mae,eqs_orig_rounded
12.60422144480477,1.0,0,9722.0,100.0,true,2.176712876354632,2.9151305470410414,1.0,1.26042214448048,0.08432710954054956,1.7247752368240832,2.8354988848058116,1.7247752368240832,1.0,1.1526200253956058,1.26
1.024663475159505,4.0,0,7264.0,-1.0,true,1.1683672378126606,0.8962768046521621,1.0,exp((-4.73336230140129+v1)),-0.6421939848359028,0.5691409438275772,0.6610318099915846,0.5691409438275772,8.0,0.662795448575269,exp((-4.73+v1))
1.464831101812983,5.0,0,10215.0,-1.0,true,0.6033785596591477,0.5472555001043335,1.0,(v1/(7.8267256119994-v1)),-0.915010615253129,0.1351876061333831,0.48942440144168636,0.1351876061333831,7.0,0.3200134610756016,(v1/(7.83-v1))
0.8771775398836001,6.0,0,5751.0,-1.0,true,0.27270011093850155,0.340742670595585,2.0,(-1.18899084281266+exp((0.244285357432382*v1))),-0.9842719467420354,0.025017687507860965,0.25612544984971747,0.025017687507860965,9.0,0.1426453507411473,(-1.19+exp((0.244*v1)))
0.28757443241595393,8.0,0,842.0,-1.0,true,0.26350178714670913,0.11535787163058712,2.0,log((sqrt_abs((exp(v1)--7.55982796711259))-2.22892228456758)),-0.9928292427322214,0.011406101033461638,0.09353251810282674,0.011406101033461638,8.589934592e9,0.07317002701379094,log((sqrt_abs((exp(v1)--7.56))-2.23))
1.110223024625157e-14,9.0,0,4123.0,-1.0,true,1.1102230246251571e-15,2.3726325749068647e-15,3.0,log((0.4+(0.299999999999999/exp((-0.693147180559946*v1))))),-1.0,5.7469749540515135e-31,2.249845625075995e-15,5.7469749540515135e-31,1024.0,6.522560269672796e-16,log((0.4+(0.3/exp((-0.693*v1)))))
1.110223024625157e-14,10.0,0,2875.0,-1.0,true,1.1102230246251571e-15,1.874529423664591e-15,3.0,log((0.4+(0.299999999999999*pow2(exp((0.346573590279973*v1)))))),-1.0,4.487416770422261e-31,2.062180346389668e-15,4.487416770422261e-31,4.631683569492648e77,5.620504062164856e-16,log((0.4+(0.3*pow2(exp((0.347*v1))))))
3.33066907387547e-15,11.0,0,219.0,-1.0,true,4.440892098500626e-16,6.763573963516819e-16,3.0,log(((0.3*exp((0.346573590279973*(v1+v1))))--0.4)),-1.0,6.817792003130815e-32,6.423685688203923e-16,6.817792003130815e-32,1.7179869184e10,2.0122792321330962e-16,log(((0.3*exp((0.347*(v1+v1))))--0.4))
