time,generation,mean age hall_of_fame,mean compl,mean recursive_compl,mean n_params,min mae,min mse,min max_ae,min minus_r2,min mare,min q75_are,min max_are,min ms_processed_e,min minus_spearman,max penalty
12.47871208190918,1.0,0.0,8.6,26288.6,1.2,0.005990794587258867,5.339947438388642e-5,0.01918612955024586,-0.9982006368599616,0.02277733088309195,0.025969945818649733,0.16943255831631548,5.339947438388642e-5,-0.9996913549652846,4.0
17.771116018295288,7.0,1.3333333333333333,12.11111111111111,15.11111111111111,2.6666666666666665,0.00312852815742996,1.9801752883032362e-5,0.016000729176656084,-0.9993327547760165,0.01643361779907494,0.011897826963352395,0.15167883606733196,1.9801752883032362e-5,-0.999726661934667,5.0
22.82420587539673,16.0,5.545454545454546,12.636363636363637,1.6342664862384688e307,2.3636363636363638,0.0026479435252300004,1.3721266906801409e-5,0.01246254305710684,-0.9995376444769992,0.01325436780501564,0.009865771052948908,0.11249084917335937,1.3721266906801409e-5,-0.9997704744332016,4.0
