time_stamp,run,compl,age,dim_penalty,minus_spearman,mare,mae,ms_processed_e,eqs_orig_rounded
1267.0829050540924,1,9.0,1171.0,0.0,-0.9944896317695193,0.02275116223933541,0.009036465181270287,0.00015661859532202098,sqrt(abs(v2^2 + 0.997(v1^2)))
1625.232437133789,17,9.0,210.0,0.0,-0.9945032166839406,0.02275117393159595,0.009036462533450529,0.0001566185954897054,sqrt(abs(v2^2 + 0.997(v1^2)))
