time_stamp,run,compl,age,dim_penalty,minus_spearman,mare,mae,ms_processed_e,eqs_orig_rounded
682.9534239768982,4,7.0,797.0,0.0,-0.9886906908696251,0.043803266523025054,0.015743122737569722,0.00042767130711343713,v1 + 0.0524sqrt(abs(v2))
831.9881448745728,7,8.0,770.0,0.0,-0.9889413908117948,0.04452360857143624,0.015729303825156322,0.0004279107453770387,v1 + sqrt(abs(0.028224000000000003(v2^2)))
29.39126682281494,11,6.0,1483.0,0.0,-0.9878741058987053,0.05229685291763032,0.016889467494483425,0.0004585248750697708,0.0149 + sqrt(abs(v1^2))
29.411956071853638,18,10.0,1766.0,0.0,-0.9887553311917966,0.04512724711598002,0.015836097082577858,0.00042603184427222575,v1 + sqrt(abs(0.00287(v2 - 0.0087)))
1182.0581290721893,19,9.0,542.0,0.0,-0.9892200406906437,0.03694337433349043,0.014516789711270987,0.00039038886009475456,sqrt(abs(-(v2^2) - 1.01(v1^2)))
18.72007918357849,25,1.0,1426.0,0.0,-0.9878746573530162,0.06410364927460192,0.020962240759763214,0.0006776872808171876,v1
281.14880180358887,30,11.0,1254.0,0.0,-0.9889904250891993,0.0452205928510463,0.015827416990691116,0.00042681020760435896,v1 + sqrt(abs(0.026569000000000002((v2 - 0.00597)^2)))
