time_stamp,run,compl,age,dim_penalty,minus_spearman,mare,mae,ms_processed_e,eqs_orig_rounded
783.2985379695892,1,12.0,1903.0,0.0,-0.9945337469522498,0.02270910139075793,0.009034829258743065,0.00015654391458618482,sqrt(abs(1.03(v2^2 + 0.971(v1^2))))
1399.4460401535034,26,9.0,620.0,0.0,-0.9945276867687285,0.022751158434842395,0.00903646604283254,0.0001566185953069138,sqrt(abs(v2^2 + 0.997(v1^2)))
