time_stamp,run,compl,age,dim_penalty,minus_spearman,mare,mae,ms_processed_e,eqs_orig_rounded
39.86387300491333,8,8.0,1710.0,0.0,-0.9940934265165497,0.033479936587316454,0.010907383805526999,0.00020212095624106484,v1 + sqrt(abs(0.023716(v2^2)))
12.88618803024292,9,3.0,1593.0,0.0,-0.9930839079031033,0.05425157822347372,0.01654847420213607,0.00042467768097270345,sqrt(abs(v1^2))
26.028864860534668,15,6.0,1467.0,0.0,-0.9930811539174892,0.04281526331851373,0.012862811231762798,0.0002526821305210363,sqrt(abs((0.0129 + v1)^2))
19.092149019241333,27,1.0,1556.0,0.0,-0.993083173619795,0.054251578223473734,0.01654847420213607,0.00042467768097270345,v1
25.563248872756958,30,6.0,1720.0,0.0,-0.9930811539174892,0.04280736296416105,0.01286249064463999,0.00025269863437555386,sqrt(abs((0.0128 + v1)^2))
