time_stamp,run,compl,age,dim_penalty,minus_spearman,mare,mae,ms_processed_e,eqs_orig_rounded
124.85895085334778,1,9.0,1500.0,0.0,-0.9892041364916223,0.03788553270384507,0.014588846199822486,0.00039081861074176513,sqrt(abs(v2^2 + (-0.00203 - v1)^2))
53.673879861831665,14,10.0,1631.0,0.0,-0.9892250609331599,0.03693590134688764,0.014524646392978678,0.00039052972911109623,sqrt(abs(v2^2 + 1.0040160642570282(v1^2)))
