time_stamp,run,compl,age,dim_penalty,minus_spearman,mare,mae,ms_processed_e,eqs_orig_rounded
133.8152940273285,2,6.0,2429.0,0.0,-0.9976633196502763,0.031806636609793305,0.007626192956214447,8.818768855357673e-5,0.0135 + sqrt(abs(v1^2))
596.5780670642853,16,7.0,1391.0,0.0,-0.9993133207096039,0.019809804925501915,0.005432267731224527,4.633638028919527e-5,v1 + sqrt(abs(0.0026455026455026454v2))
308.68896889686584,24,7.0,1949.0,0.0,-0.9993134428382482,0.01982995332854349,0.0053947534725648566,4.629733762891944e-5,v1 + sqrt(abs(0.00259v2))
119.91245985031128,28,7.0,2437.0,0.0,-0.9993138102332473,0.01981988531940232,0.005413499072319362,4.630892711705573e-5,v1 + sqrt(abs(0.00262v2))
