time_stamp,run,compl,age,dim_penalty,minus_spearman,mare,mae,ms_processed_e,eqs_orig_rounded
70.30061888694763,1,23.0,0.0,0.0,-1.0,0.0,0.0,0.0,sqrt(abs(v1*(v1 + 1.477455443789063e-16(v1^16)) + v2^2))
64.84055995941162,14,12.0,2.0,0.0,-0.999996267375815,1.5783489337483471e-16,6.47535304065441e-17,7.971988400437719e-33,sqrt(abs(v2^2 + 0.9880999999999998(v1^2)))
23.031287908554077,21,14.0,0.0,0.0,-1.0,0.0,0.0,0.0,sqrt(abs(v1^2 + v2^2)) / exp(3.1549565609999993e-15(v2^4))
142.83409690856934,23,15.0,2.0,0.0,-0.9999982866658874,2.512177170476037e-7,1.0690213650853722e-7,3.00922912379794e-14,sqrt(abs(v2^2 - v1*(5.9604644775390625(v2^8) - v1)))
