time_stamp,run,compl,age,dim_penalty,minus_spearman,mare,mae,ms_processed_e,eqs_orig_rounded
770.9134230613708,22,7.0,1387.0,0.0,-0.9886980295542833,0.04374741107567988,0.01573592691350102,0.00042763377882097566,v1 + sqrt(abs(-0.002785515320334262v2))
835.1539399623871,23,7.0,1059.0,0.0,-0.9887040922310475,0.0437103524490462,0.01573115267266761,0.0004276287654549765,v1 + sqrt(abs(0.00282v2))
1328.1787240505219,24,7.0,639.0,0.0,-0.9886897778590215,0.043708243296003015,0.01573087987182428,0.0004276289610914683,v1 + sqrt(abs(0.002824858757062147v2))
212.00363302230835,30,7.0,2028.0,0.0,-0.9886933832417556,0.043725165427741894,0.015733061019904876,0.000427628866305193,v1 + sqrt(abs(0.00281v2))
