time_stamp,run,compl,age,dim_penalty,minus_spearman,mare,mae,ms_processed_e,eqs_orig_rounded
13.659339904785156,6,1.0,1786.0,0.0,-0.9973580486600877,0.048485734989635154,0.013978989675081217,0.0002920885429018487,v1
170.7124319076538,14,1.0,1584.0,0.0,-0.9973580486600877,0.048485734989635154,0.013978989675081217,0.0002920885429018487,v1
20.514096975326538,21,6.0,1286.0,0.0,-0.9973580486600877,0.033623571252158535,0.008587864700331745,0.00010569826140910438,sqrt(abs((0.0133 + v1)^2))
