time_stamp,run,compl,age,dim_penalty,minus_spearman,mare,mae,ms_processed_e,eqs_orig_rounded
415.9753448963165,2,8.0,1509.0,0.0,-0.9987940013752774,0.021225372482091692,0.005706865432742085,5.545471639844196e-5,v1 + sqrt(abs(0.0238(v2^2)))
1162.9679000377655,12,8.0,732.0,0.0,-0.9988006707462358,0.021165638465332835,0.005715019696415966,5.544763282465018e-5,v1 + sqrt(abs(-0.0242(v2^2)))
1380.708519935608,13,8.0,458.0,0.0,-0.9988067902103027,0.02113852174080162,0.005720189533294002,5.54568280759586e-5,v1 + sqrt(abs(0.0244(v2^2)))
1722.3567481040955,24,8.0,73.0,0.0,-0.9987975504097474,0.021102569136545728,0.005728092686465437,5.548339764495627e-5,v1 + sqrt(abs(0.024649(v2^2)))
