time_stamp,run,compl,age,dim_penalty,minus_spearman,mare,mae,ms_processed_e,eqs_orig_rounded
1603.4909200668335,10,12.0,401.0,0.0,-0.9999985314287124,2.6068593555629657e-17,1.112188793245445e-17,1.0035181249290439e-33,sqrt(abs(v1*(v1 + (v2^2) / (1.09e-19 + v1))))
1594.8553919792175,30,12.0,414.0,0.0,-0.9999985314287124,2.6068592543108498e-17,1.1121887831202333e-17,1.0035181249193306e-33,sqrt(abs(v1*(v1 + (v2^2) / (1.09e-19 + v1))))
