time_stamp,run,compl,age,dim_penalty,minus_spearman,mare,mae,ms_processed_e,eqs_orig_rounded
1308.3153738975525,7,4.0,1220.0,0.0,-0.9875417130144605,0.04207421384422248,28.894801981773426,1411.4652952530055,72.3(0.111 + v1)
1634.3452441692352,13,4.0,542.0,0.0,-0.9875417130144605,0.04222366303211325,29.072109687131867,1410.8395572923469,72.2(0.107 + v1)
709.3630180358887,26,4.0,2792.0,0.0,-0.9875417130144605,0.04207377914131112,28.92629049674288,1412.1090057867223,72.4(0.0996 + v1)
