time_stamp,run,compl,age,dim_penalty,minus_spearman,mare,mae,ms_processed_e,eqs_orig_rounded
1787.0447239875793,4,4.0,36.0,0.0,-0.971523915461624,0.08710872022561575,58.76437460677703,5679.514299061401,70.9(0.183 + v1)
1096.2322511672974,15,4.0,1705.0,0.0,-0.971523915461624,0.08739042299541325,57.7188047732948,5644.24413335031,70.8(0.319 + v1)
1780.8246669769287,19,4.0,44.0,0.0,-0.971523915461624,0.0875227389745318,58.10408511055457,5649.249196198192,70.5(0.312 + v1)
1778.0043549537659,23,4.0,32.0,0.0,-0.971523915461624,0.08705713924941196,57.71183863974299,5644.140141672037,71.2(0.26 + v1)
1566.040526151657,30,4.0,708.0,0.0,-0.971523915461624,0.09261187777895932,57.31061226740855,5919.282383793524,71.5(0.412 + v1)
