time_stamp,run,compl,age,dim_penalty,minus_spearman,mare,mae,ms_processed_e,eqs_orig_rounded
1367.8154048919678,0,4.0,1136.0,0.0,-0.9372636262513905,0.13621620141118781,86.25371786703728,12776.240044859116,-71.1(-0.275 - v1)
1799.5449249744415,14,4.0,1.0,0.0,-0.9372636262513905,0.14370766516033492,85.62773541085707,13076.271157667255,70.5(0.562 + v1)
1173.8142409324646,21,4.0,1580.0,0.0,-0.9372636262513905,0.1379881406949095,85.9058602153972,12766.823040683952,70.3(0.446 + v1)
184.77185797691345,25,4.0,4856.0,0.0,-0.9372636262513905,0.13732448353143653,85.42168259135778,12977.344699097352,71.4(0.353 + v1)
1738.8266351222992,29,4.0,134.0,0.0,-0.9372636262513905,0.136729540132863,86.8474762415746,12698.387002316533,-70.3(-0.334 - v1)
