time_stamp,run,compl,age,dim_penalty,minus_spearman,mare,mae,ms_processed_e,eqs_orig_rounded
433.93526887893677,4,1.0,3924.0,2.0,-0.9757575757575757,0.3631468190541728,4.671863529238253,107.26728070713038,v1
800.1422729492188,12,12.0,3308.0,0.0,-0.9757575757575757,0.059565900167368235,0.14113702428755812,0.051074679550291956,sqrt(abs((0.153 / v1)^3 + 2.048383(v1^3)))
