time_stamp,run,compl,age,dim_penalty,minus_spearman,mare,mae,ms_processed_e,eqs_orig_rounded
510.5439829826355,4,3.0,2686.0,0.0,-1.0,0.5555460543755726,1.4726179369176864,3.3723891695785637,0.473(v1^2)
1726.23650598526,5,6.0,130.0,0.0,-1.0,0.024416747353265766,0.04814696501330675,0.005585576351248993,-1.42(-0.00793 - (sqrt(abs(v1))^3))
1662.7238869667053,7,5.0,310.0,0.0,-1.0,0.021154069998929936,0.0460297521737665,0.005692672640196535,0.502(sqrt(abs(2v1))^3)
1796.0270972251892,10,6.0,9.0,0.0,-1.0,0.027054577271758078,0.05066570447857799,0.005630906484578351,1.42(0.0142 + sqrt(abs(v1^3)))
1796.5175561904907,21,6.0,7.0,0.0,-1.0,0.02456232001884204,0.04872382282120937,0.005517225806999428,1.42(sqrt(abs(0.00662 + v1))^3)
1728.0720131397247,29,5.0,175.0,0.0,-1.0,0.02115406999840246,0.04602975216768165,0.005692672640198542,0.502(sqrt(abs(2v1))^3)
