time_stamp,run,compl,age,dim_penalty,minus_spearman,mare,mae,ms_processed_e,eqs_orig_rounded
1735.8447818756104,3,6.0,147.0,0.0,-1.0,0.05488888315189212,0.10210433015008098,0.02258788021460146,1.42(0.03 + sqrt(abs(v1))^3)
1798.9221189022064,7,6.0,3.0,0.0,-1.0,0.05066400427398236,0.18739195015882984,0.08892116826304033,1.45(0.000898 + sqrt(abs(v1^3)))
1322.3708579540253,11,6.0,1598.0,0.0,-1.0,0.04716131140751849,0.1296227569103787,0.032495541015267165,1.44(0.00566 + sqrt(abs(v1^3)))
1771.4514977931976,16,6.0,61.0,0.0,-1.0,0.049175929575139964,0.09703125698573371,0.022339433920577547,1.42(0.0175 + sqrt(abs(v1^3)))
1797.6840279102325,20,6.0,8.0,0.0,-1.0,0.050039931853411934,0.10915247112748565,0.0232157169710169,1.43sqrt(abs((0.0136 + v1)^3))
