time_stamp,run,compl,age,dim_penalty,minus_spearman,mare,mae,ms_processed_e,eqs_orig_rounded
37.29492902755737,5,10.0,6335.0,0.0,-0.9757575757575757,0.07596599243233124,0.14952677618610816,0.049684943522903834,1.42v1*sqrt(abs(0.0794 + v1))
696.2622909545898,19,10.0,3119.0,0.0,-0.9757575757575757,0.07598644719314455,0.1500496463834872,0.0496917148834562,1.42v1*sqrt(abs(-0.0797 - v1))
