time_stamp,run,compl,age,dim_penalty,minus_spearman,mare,mae,ms_processed_e,eqs_orig_rounded
1015.0609660148621,17,13.0,4520.0,0.0,-1.0,3.33328182894848e-12,3.0611246903193886e10,7.505556583805972e21,(-6.67e-11v2*(3.59e11 - v3)) / (v1^2)
