time_stamp,run,compl,age,dim_penalty,minus_spearman,mare,mae,ms_processed_e,eqs_orig_rounded
81.43557095527649,5,8.0,3635.0,0.0,-0.48444444444444446,0.11920037312632824,1.5153043635649524,3.126839038201756,15.3 - 0.794log(v1)
39.720314025878906,9,8.0,3224.0,0.0,-0.48444444444444446,0.11947176999597059,1.5195596062902046,3.129067999091712,15.4 - 0.809log(v1)
17.005285024642944,10,8.0,3565.0,0.0,-0.48444444444444446,0.11954070217759169,1.5149306724738747,3.1285465685182547,0.78125(19.6 - log(v1))
25.512409210205078,16,8.0,3295.0,0.0,-0.48444444444444446,0.11542763688054025,1.4912069284972556,3.1846233391967798,-0.763(log(v1) - 19.6)
52.69987511634827,18,8.0,3144.0,0.0,-0.48444444444444446,0.11889584405539289,1.5180566694560829,3.1352706213932127,0.818(18.8 - log(v1))
27.785248041152954,19,8.0,3460.0,0.0,-0.48444444444444446,0.11736712898308761,1.49638461376741,3.127496437728256,15.2 - 0.75log(v1)
249.43509101867676,21,8.0,2964.0,0.0,-0.48444444444444446,0.11776405395775211,1.5045287120658202,3.1311096872702984,0.781(19.5 - log(v1))
17.94694209098816,25,8.0,2732.0,0.0,-0.48444444444444446,0.1241052934100832,1.5473715080285042,3.234294060678427,15.7 - 0.8130081300813008log(v1)
