time_stamp,run,compl,age,dim_penalty,minus_spearman,mare,mae,ms_processed_e,eqs_orig_rounded
1735.3473119735718,3,8.0,174.0,0.0,-0.8844444444444445,0.04025822103392759,0.5220036666421982,0.35043729612140495,log(1.07e7 / (v1 + sqrt(abs(v1))))
874.5292251110077,9,8.0,2292.0,0.0,-0.8844444444444445,0.040422928795828525,0.5237833590106462,0.35107799227678893,log(1.1e7 / (v1 + sqrt(abs(v1))))
683.6095468997955,11,8.0,3104.0,0.0,-0.8844444444444445,0.03991486828647733,0.5182936880882403,0.35254363832737934,16.1 - log(v1 + sqrt(abs(v1)))
1217.4701609611511,20,8.0,1839.0,0.0,-0.8844444444444445,0.04037661474464026,0.523282928657514,0.35078964472807395,log(1.09e7 / (v1 + sqrt(abs(v1))))
1799.9358429908752,22,8.0,0.0,0.0,-0.8844444444444445,0.04021299264874393,0.5215149670750401,0.35044870938629624,log(1.07e7 / (v1 + sqrt(abs(v1))))
1010.849415063858,24,10.0,2469.0,0.0,-0.8844444444444445,0.0397667104840035,0.5154502676381303,0.3500249094132843,16.3 - log(v1 + sqrt(abs(2v1)))
1799.9919538497925,25,8.0,0.0,0.0,-0.8844444444444445,0.04023654476855173,0.5217694513045563,0.35043269297582086,log(1.07e7 / (v1 + sqrt(abs(v1))))
