time_stamp,run,compl,age,dim_penalty,minus_spearman,mare,mae,ms_processed_e,eqs_orig_rounded
1800.2693440914154,6,7.0,0.0,0.0,-0.7251282051282051,0.08275811861669109,1.066681066002486,1.4666968354226624,log(v1 + 8.34e6 / v1)
584.3300008773804,8,7.0,3507.0,0.0,-0.7251282051282051,0.08285913050680316,1.0674393248018224,1.4666002855313622,log(v1 + 8.42e6 / v1)
1799.1504819393158,12,7.0,3.0,0.0,-0.7251282051282051,0.08285273195328932,1.0673912935009984,1.4666006729124652,log(v1 + 8.42e6 / v1)
150.4332091808319,13,7.0,4565.0,0.0,-0.7251282051282051,0.08284418656889672,1.067327146770394,1.4666023986724102,log(v1 + 8.41e6 / v1)
1799.2939050197601,14,7.0,2.0,0.0,-0.7251282051282051,0.08285556569968441,1.0674125652702728,1.4666004057615147,log(v1 + 8.42e6 / v1)
65.67465400695801,16,8.0,5180.0,0.0,-0.7251282051282051,0.08107465081969593,1.0430003821105496,1.3961631487030433,log(-1.02e7 / (-1.48 - v1))
431.3452670574188,23,8.0,3715.0,0.0,-0.7251282051282051,0.08022285668084389,1.0321214363927491,1.3978880559590192,log(1.09e7 / (2.36 + v1))
1330.124181985855,28,7.0,1730.0,0.0,-0.7251282051282051,0.08286193453687324,1.0674603734870918,1.4666003599497244,log(v1 + 8.42e6 / v1)
1655.9449179172516,30,8.0,442.0,0.0,-0.7251282051282051,0.08055717192732169,1.0374838796507435,1.394637344523944,log(1.02e7 / (1.78 + v1))
