time_stamp,run,compl,age,dim_penalty,minus_spearman,mare,mae,ms_processed_e,eqs_orig_rounded
673.249608039856,0,8.0,2810.0,0.0,-0.8844444444444445,0.040579270621527885,0.5256410931297008,0.3526059452699814,log(9.52e6 / (1.25 + v1))
1799.5926098823547,2,8.0,1.0,0.0,-0.8844444444444445,0.04008404151702454,0.5201216305232281,0.35092442020971115,log(1.05e7 / (v1 + sqrt(abs(v1))))
1737.2853798866272,17,8.0,146.0,0.0,-0.8844444444444445,0.04028227770076521,0.5222636025789573,0.3504641124231498,log(1.08e7 / (v1 + sqrt(abs(v1))))
456.66277503967285,18,8.0,3232.0,0.0,-0.8844444444444445,0.03996348783185599,0.5188190296560522,0.35196263463612415,log(1.03e7 / (v1 + sqrt(abs(v1))))
1798.6914868354797,26,8.0,3.0,0.0,-0.8844444444444445,0.040231901324815765,0.5217192781901575,0.35043411830228977,log(1.07e7 / (v1 + sqrt(abs(v1))))
1799.820860862732,30,8.0,0.0,0.0,-0.8844444444444445,0.04023905995716691,0.5217966282993256,0.3504322761893295,log(1.07e7 / (v1 + sqrt(abs(v1))))
