time_stamp,run,compl,age,dim_penalty,minus_spearman,mare,mae,ms_processed_e,eqs_orig_rounded
121.00981497764587,26,8.0,5111.0,0.0,-0.48444444444444446,0.11942781997772389,1.5142343607943336,3.1277456412573392,15.3 - 0.782log(v1)
1702.2444379329681,27,9.0,290.0,0.0,-0.5528205128205128,0.10311411858224047,1.2931143028320962,2.8235025910621925,log(1.47e6 / sqrt(abs(6.56 - v1)))
