time_stamp,run,compl,age,dim_penalty,minus_spearman,mare,mae,ms_processed_e,eqs_orig_rounded
20.750412940979004,1,8.0,3424.0,0.0,-0.8844444444444445,0.04062611612248644,0.5267727629590951,0.3554849408418955,16.0 - log(1.01 + v1)
524.7396719455719,2,8.0,2539.0,0.0,-0.8844444444444445,0.04068596252242343,0.5269313217844449,0.3523936037854008,log(9.53e6 / (1.19 + v1))
62.924026012420654,7,7.0,3498.0,0.0,-0.8844444444444445,0.04246742251420007,0.550139163442801,0.39126683287508873,log(v1 + 8.41e6 / v1)
15.637176036834717,10,7.0,3665.0,0.0,-0.8844444444444445,0.0424863208969107,0.5503434337264325,0.3912948646315915,log(v1 + 8.43e6 / v1)
26.388471126556396,11,8.0,3435.0,0.0,-0.8844444444444445,0.0409726514838586,0.5304379032548575,0.3527261737169326,log(9.52e6 / (1.03 + v1))
22.534685134887695,13,7.0,3370.0,0.0,-0.8844444444444445,0.042395052048359666,0.5493569182960136,0.39128907949114083,log(v1 + 8.32e6 / v1)
25.064188957214355,17,7.0,3333.0,0.0,-0.8844444444444445,0.04244051623751482,0.5498483365017262,0.39125110376839584,log(v1 + 8.38e6 / v1)
30.93092393875122,25,8.0,4031.0,0.0,-0.8844444444444445,0.0376350465814579,0.49069524189545244,0.35471778959757366,log(35500.0 + 6.88e6 / v1)
133.43746399879456,28,8.0,2896.0,0.0,-0.8844444444444445,0.037366110335246956,0.48743637977846643,0.3545437509859099,log(37400.0 + 6.76e6 / v1)
