time_stamp,run,compl,age,dim_penalty,minus_spearman,mare,mae,ms_processed_e,eqs_orig_rounded
499.39326095581055,2,8.0,3940.0,0.0,-0.48444444444444446,0.11839444333900112,1.5053578939469143,3.125083680126507,-0.766log(2.26e-9v1)
