time_stamp,run,compl,age,dim_penalty,minus_spearman,mare,mae,ms_processed_e,eqs_orig_rounded
24.766520023345947,5,8.0,4641.0,0.0,-0.48444444444444446,0.11861327340805257,1.5123237860765866,3.1289019721273093,15.3 - 0.796log(v1)
