time_stamp,run,compl,age,dim_penalty,minus_spearman,mare,mae,ms_processed_e,eqs_orig_rounded
1552.5597128868103,7,8.0,618.0,0.0,-0.8844444444444445,0.03696388442679466,0.4824291040181823,0.3550523689932615,log(43700.0 + 6.48e6 / v1)
1122.7766778469086,10,7.0,1791.0,0.0,-0.8844444444444445,0.042444768864794584,0.5498943027003963,0.39125169966866397,log(v1 + 8.38e6 / v1)
52.560198068618774,12,7.0,4548.0,0.0,-0.8844444444444445,0.042349340299190345,0.549247871058812,0.39377283447563005,log(v1 + 7.96e6 / v1)
1799.0382249355316,17,7.0,3.0,0.0,-0.8844444444444445,0.042384563632753405,0.5492570805696455,0.39133130594546767,log(v1 + 8.3e6 / v1)
1799.8010561466217,23,7.0,0.0,0.0,-0.8844444444444445,0.04243617575811946,0.5498014207090811,0.3912512273378612,log(v1 + 8.37e6 / v1)
1734.5451469421387,26,8.0,171.0,0.0,-0.8844444444444445,0.04022084245987834,0.5215997854758758,0.3504409391492187,log(1.07e7 / (v1 + sqrt(abs(v1))))
