time_stamp,run,compl,age,dim_penalty,minus_spearman,mare,mae,ms_processed_e,eqs_orig_rounded
1603.0913650989532,13,15.0,836.0,0.0,-1.0,1.8062583619340386e-15,2.3570888830503325e-14,7.299997453699055e-28,14.2 - 0.9090909090909091log(0.211v1)
445.83903193473816,18,12.0,5001.0,0.0,-1.0,2.2317459330461343e-15,2.842170943040401e-14,9.711484559351595e-28,-2.7777777777777777(0.652log(sqrt(abs(v1))) - 5.63)
