time_stamp,run,compl,age,dim_penalty,minus_spearman,mare,mae,ms_processed_e,eqs_orig_rounded
1551.7092440128326,2,12.0,572.0,0.0,-1.0,0.003321968684464288,0.07989601580972819,0.012482404454849338,(-273000.0 / (157000.0 - sqrt(abs(v1))))^3 - log(v1)
1145.7896270751953,7,15.0,1447.0,0.0,-1.0,0.0023647070511112014,0.06048472313304848,0.009072622534474445,-4.96 - ((-7.18 / (log(v1) - 24.8))^3) - log(v1)
