time_stamp,run,compl,age,dim_penalty,minus_spearman,mare,mae,ms_processed_e,eqs_orig_rounded
1352.8433561325073,15,13.0,827.0,0.0,-0.9975579975579976,0.008514642620936447,0.1970710546567343,0.04595695655248039,(-1.34 - 1.700636942675159e-10v1)*log(v1)
1587.8953590393066,16,18.0,501.0,0.0,-0.9975579975579976,0.0029904339845427137,0.07143288420768601,0.008241192629818764,(v1 - 1.2)*log(7.61v1) - v1*log(7.61v1)
736.249214887619,17,19.0,1786.0,0.0,-0.9975579975579976,0.0028608621272968628,0.06721867289968973,0.00784326189752377,(4.0e-6v1 - 2100.0) / (-44.3log(v1)) - log(4940.0v1)
1339.5907459259033,19,16.0,844.0,0.0,-0.9975579975579976,0.002949613244456275,0.07009117903157884,0.008031802812363884,256.0 + (-64100.0 - 8.928571428571428e-7v1) / (247.0 - log(v1))
1664.619388103485,25,15.0,264.0,0.0,-0.9975579975579976,0.0037591340280968754,0.08851409006717609,0.011538899574329112,-3.95e-9v1 - 1.24log((4//1)*v1)
