time_stamp,run,compl,age,dim_penalty,minus_spearman,mare,mae,ms_processed_e,eqs_orig_rounded
716.3519041538239,9,12.0,2057.0,0.0,-0.9993894993894994,0.00596358466993467,0.13920473709540315,0.02326521359604082,-1.29(2.95e-9v1 + log(2v1))
956.4615159034729,10,13.0,1558.0,0.0,-0.9993894993894994,0.005708937224380966,0.13458429455339094,0.024340696966121664,(320.0 - 1.0e-7v1) / log(v1) - 41.7
603.4981648921967,15,20.0,1858.0,0.0,-0.9993894993894994,0.004737092611823013,0.11416328738199023,0.01898418146023848,-1.2919896640826873log(6.7186240257995165e-9((v1 + 9.276443678687819e-28(v1^4))^2) + 2v1)
