time_stamp,run,compl,age,dim_penalty,minus_spearman,mare,mae,ms_processed_e,eqs_orig_rounded
1281.208466053009,0,16.0,1374.0,0.0,-0.9957264957264957,0.004482809819894292,0.10661076180618305,0.019431717043443545,log(v1^2) - 4.0e-9v1 - 3.21log(2v1)
639.5173950195312,13,12.0,1936.0,0.0,-0.9957264957264957,0.007397778179717319,0.17376372149309086,0.03848286641093477,-3.84e-9v1 - 1.29log(2v1)
1754.9325621128082,20,17.0,86.0,0.0,-0.9957264957264957,0.004395393013625901,0.10391074970793054,0.018612530373784155,165.0 - 1.1961722488038278log(v1) - sqrt(abs(-28000.0 - 1.4005602240896359e-6v1))
825.0328011512756,26,15.0,1344.0,0.0,-0.9957264957264957,0.005843254612174288,0.14323599970370116,0.028447028420813782,-3.83e-9v1 - 0.42log((27//1)*(v1^3))
