time_stamp,run,compl,age,dim_penalty,minus_spearman,mare,mae,ms_processed_e,eqs_orig_rounded
28.435168981552124,27,16.0,2412.0,0.0,-0.9993894993894994,0.005938827432433214,0.1359610859673317,0.023563586913323914,-3.81e-9v1 - 1.2853470437017995log(2v1)
