time_stamp,run,compl,age,dim_penalty,minus_spearman,mare,mae,ms_processed_e,eqs_orig_rounded
50.1335289478302,10,5.0,4543.0,0.0,-0.9957264957264957,0.05764383956832492,1.5123726177172059,4.732653564159875,-1.43log(v1)
19.168563842773438,14,5.0,2777.0,0.0,-0.9957264957264957,0.05429456579959989,1.441636073396066,4.695834514460074,-1.42log(v1)
669.0092921257019,20,5.0,3653.0,0.0,-0.9957264957264957,0.05086521356598079,1.369208274709862,4.683656363754058,-1.41643059490085log(v1)
28.69312286376953,21,5.0,3048.0,0.0,-0.9957264957264957,0.05706282466826148,1.5001016034414076,4.724500583531677,-1.43log(v1)
192.6337890625,22,5.0,2900.0,0.0,-0.9957264957264957,0.05828546491466459,1.5259237224888536,4.742518296347449,-1.43log(v1)
41.64229607582092,29,5.0,4644.0,0.0,-0.9957264957264957,0.051050582096230666,1.3731232515559497,4.683654455785627,-1.42log(v1)
