time_stamp,run,compl,age,dim_penalty,minus_spearman,mare,mae,ms_processed_e,eqs_orig_rounded
1180.76371383667,0,18.0,1473.0,0.0,-0.9993894993894994,0.0014653262400178683,0.03471466788838845,0.0019467905602252357,-1 - 4.0e-9v1 - 1.2log(3v1)
