time_stamp,run,compl,age,dim_penalty,minus_spearman,mare,mae,ms_processed_e,eqs_orig_rounded
747.2307078838348,2,5.0,2465.0,0.0,-0.9975579975579976,0.056197791206703276,1.4801243633912502,4.670476154768599,-1.4265335235378032log(v1)
27.20599389076233,3,5.0,3234.0,0.0,-0.9975579975579976,0.056714366427716205,1.4910352989992304,4.677107419094504,-1.43log(v1)
172.27530097961426,15,5.0,4888.0,0.0,-0.9975579975579976,0.05698841138504616,1.4968235884128338,4.680863235231676,-1.43log(v1)
74.84406900405884,16,5.0,3236.0,0.0,-0.9975579975579976,0.049589801301491765,1.342179054982328,4.637890015556852,-1.41log(v1)
221.59152698516846,18,5.0,2788.0,0.0,-0.9975579975579976,0.05696674865887029,1.4963660352806203,4.680560341900342,-1.43log(v1)
