time_stamp,run,compl,age,dim_penalty,minus_spearman,mare,mae,ms_processed_e,eqs_orig_rounded
1329.4637620449066,2,16.0,921.0,0.0,-0.9975579975579976,0.003225280651773987,0.07937022732456961,0.009800470878189993,((1.51 + log(v1))*(-63100.0 - 8.771929824561403e-6v1)) / 51300.0
1329.387319803238,15,16.0,991.0,0.0,-0.9975579975579976,0.00294451752384188,0.06996181855067941,0.008178055757268769,259.0 + (-65600.0 - 9.09090909090909e-7v1) / (250.0 - log(v1))
616.5582189559937,20,17.0,2386.0,0.0,-0.9975579975579976,0.0029216097696157044,0.0696169793246963,0.007962998968780997,47900.0 / (183.0 + log(v1)) - sqrt(abs(68600.0 + 2.188183807439825e-6v1))
1616.4342980384827,22,18.0,318.0,0.0,-0.9975579975579976,0.002964728280831105,0.07058687301030736,0.008012773766518376,444.0 + (-181000.0 - 1.5267175572519084e-6v1) / (405.0 - log(2v1))
1023.0538318157196,23,18.0,1927.0,0.0,-0.9975579975579976,0.0030528501233525068,0.07373109085835805,0.008913577968619042,(479000.0 / (sqrt(abs(v1)) - 216000.0))^3 + 244.0 / log(v1) - 25.4
543.9830000400543,24,19.0,2874.0,0.0,-0.9975579975579976,0.0028785065684432936,0.06803108224161339,0.0080353399394083,-2.4 - 1.2(-0.149 / (-4.31e7 / v1 - 0.000351) + log(v1))
1643.4707129001617,29,17.0,302.0,0.0,-0.9975579975579976,0.002881285240948902,0.06793310826573326,0.007850280469495803,(141.0 - 2.7100271002710025e-7v1) / log(v1^3) - 8.49 - log(v1)
