time_stamp,run,compl,age,dim_penalty,minus_spearman,mare,mae,ms_processed_e,eqs_orig_rounded
52.744921922683716,4,5.0,2822.0,0.0,-0.9957264957264957,0.0419581911864872,1.187948183190215,4.79203441173437,-1.4log(v1)
385.37469005584717,6,5.0,3573.0,0.0,-0.9957264957264957,0.054296543245165,1.4416778369769252,4.695848985953626,-1.4245014245014247log(v1)
35.836583852767944,9,5.0,4759.0,0.0,-0.9957264957264957,0.054423490439217265,1.4443589572551103,4.696795988912734,-1.42log(v1)
22.75078797340393,15,5.0,3554.0,0.0,-0.9957264957264957,0.05741256300540614,1.5074880648340978,4.729319418026377,-1.43log(v1)
1603.0953059196472,18,5.0,660.0,0.0,-0.9957264957264957,0.04882245597638831,1.3274203979557024,4.689576969130825,-1.4124293785310735log(v1)
423.30367708206177,24,5.0,3813.0,0.0,-0.9957264957264957,0.057558168742755926,1.5105632528911714,4.731404815222832,-1.43log(v1)
73.95226502418518,25,5.0,3513.0,0.0,-0.9957264957264957,0.0409547729769918,1.167560135191216,4.817669466421562,-1.3966480446927374log(v1)
