time_stamp,run,compl,age,dim_penalty,minus_spearman,mare,mae,ms_processed_e,eqs_orig_rounded
318.5172040462494,4,5.0,4428.0,0.0,-0.9993894993894994,0.05719176063063212,1.4992327036818982,4.644984800835709,-1.430615164520744log(v1)
40.83404088020325,7,5.0,2986.0,0.0,-0.9993894993894994,0.05182410467540765,1.3865369867545208,4.59458539741701,-1.4184397163120568log(v1)
1317.3687829971313,16,5.0,1251.0,0.0,-0.9993894993894994,0.05453431524235347,1.4430929993761257,4.612276466698593,-1.42log(v1)
191.81466603279114,18,5.0,2394.0,0.0,-0.9993894993894994,0.048836707733799535,1.3258405506216437,4.59593868529864,-1.4124293785310735log(v1)
27.537650108337402,19,5.0,2811.0,0.0,-0.9993894993894994,0.055953523195778815,1.4730743924858853,4.6278140527314475,-1.43log(v1)
23.948036909103394,28,5.0,3157.0,0.0,-0.9993894993894994,0.05707507831328137,1.4967677383348488,4.643223009950602,-1.43log(v1)
