time_stamp,run,compl,age,dim_penalty,minus_spearman,mare,mae,ms_processed_e,eqs_orig_rounded
174.44542503356934,2,14.0,2886.0,0.0,-0.9957264957264957,0.004442536344299347,0.10612690932377938,0.019575006071340523,1.08(-3.74e-9v1 - log(v1) - sqrt(abs(log(v1))))
1203.309895992279,3,12.0,1372.0,0.0,-0.9957264957264957,0.007388495010037194,0.17413473387906334,0.038284729219399176,-1.29(2.97e-9v1 + log(2v1))
1334.6818079948425,4,16.0,1334.0,0.0,-0.9957264957264957,0.0046968716515158986,0.11438793048404461,0.021227993340544357,(-1.23 - 1.7163323782234957e-10v1)*log(4.366812227074235v1)
1640.037770986557,6,17.0,378.0,0.0,-0.9957264957264957,0.0044689092684914115,0.10749478121950655,0.02028884035339018,-4.02e-9v1 - 1.22log((5//1)*v1)
1695.5225269794464,7,14.0,193.0,0.0,-0.9957264957264957,0.0058435530470046385,0.14218702731719296,0.02808148788930254,-3.84e-9v1 - 1.26log(3v1)
1763.122174024582,12,14.0,106.0,0.0,-0.9957264957264957,0.005875183236536102,0.14230322698955183,0.02918491349669921,-3.84e-9v1 - 1.26log(3v1)
1018.2244639396667,19,14.0,1378.0,0.0,-0.9957264957264957,0.0063088564068217645,0.15866447685939278,0.05915039393339926,(623.0 - 2.1231422505307855e-7v1) / log(v1^2) - 41.2
687.3733179569244,26,13.0,2416.0,0.0,-0.9957264957264957,0.007374678347330282,0.17446686706385015,0.038472631753177514,-0.644(5.95e-9v1 + log((4//1)*(v1^2)))
