time_stamp,run,compl,age,dim_penalty,minus_spearman,mare,mae,ms_processed_e,eqs_orig_rounded
1649.098265171051,12,12.0,290.0,0.0,-0.9993894993894994,0.005945563016535978,0.13490404908705855,0.024097909535077646,-1.2853470437017995(2.97e-9v1 + log(2v1))
1588.6106259822845,22,12.0,664.0,0.0,-0.9993894993894994,0.008153340090319238,0.19346160378718297,0.046660428873818556,(-1.34 - exp(log(v1) - 22.5))*log(v1)
1584.842078924179,25,12.0,373.0,0.0,-0.9993894993894994,0.006652290579600421,0.14601971841877692,0.031226858646307958,-1.28(3.06e-9v1 + log(2v1))
