time_stamp,run,compl,age,dim_penalty,minus_spearman,mare,mae,ms_processed_e,eqs_orig_rounded
25.42331600189209,1,5.0,2861.0,0.0,-0.9957264957264957,0.05687252603899875,1.4960825030773852,4.721991398363975,-1.43log(v1)
23.54898500442505,3,4.0,3383.0,0.0,100.0,0.15673662353288667,3.9187447483523017,24.650708684963142,-24.60076665000283
