time_stamp,run,compl,age,dim_penalty,minus_spearman,mare,mae,ms_processed_e,eqs_orig_rounded
1753.6965091228485,3,24.0,111.0,0.0,-1.0,1.7487735478171186e-11,4.596493062712802e-10,4.771053915601964e-19,-2.35 - 0.0116(8.264462809659534e-7v1 + 34.4log(v1^3))
1710.9801940917969,7,14.0,141.0,0.0,-1.0,1.2449040631478785e-12,3.1041112067584804e-11,1.5900637419538077e-21,0.4(log(0.00283 / (v1^3)) - 1.0e-8v1)
