time_stamp,run,compl,age,dim_penalty,minus_spearman,mare,mae,ms_processed_e,eqs_orig_rounded
57.31753206253052,3,5.0,3913.0,0.0,-0.9975579975579976,0.05731524352555072,1.5037268317249524,4.685558145043121,-1.430615164520744log(v1)
467.0229260921478,13,5.0,3124.0,0.0,-0.9975579975579976,0.037967454284146156,1.1066604546989032,4.858335155581988,-1.39log(v1)
1754.6655540466309,21,5.0,82.0,0.0,-0.9975579975579976,0.04917941729285436,1.3338412719330377,4.63935705589515,-1.41log(v1)
23.70619010925293,27,5.0,4368.0,0.0,-0.9975579975579976,0.054959985943409166,1.4539798388890124,4.656970959246714,-1.43log(v1)
