time_stamp,run,compl,age,dim_penalty,minus_spearman,mare,mae,ms_processed_e,eqs_orig_rounded
23.3384850025177,2,5.0,2647.0,0.0,-0.9993894993894994,0.05468231927184966,1.4462196496879736,4.613690162564674,-1.4245014245014247log(v1)
18.918624877929688,4,5.0,3209.0,0.0,-0.9993894993894994,0.05040426272608526,1.3576893485329198,4.592224198192072,-1.42log(v1)
22.96030282974243,6,5.0,2955.0,0.0,-0.9993894993894994,0.049175251399879334,1.3327189114180302,4.59457482318639,-1.41log(v1)
24.542019844055176,12,5.0,3605.0,0.0,-0.9993894993894994,0.05599116244097159,1.4738695381188809,4.628286361816121,-1.43log(v1)
22.010897874832153,13,5.0,1443.0,0.0,-0.9993894993894994,0.05260684918941155,1.4024403980959745,4.598214368403199,-1.42log(v1)
26.488884925842285,20,5.0,2019.0,0.0,-0.9993894993894994,0.05654684325321435,1.485608540028496,4.635621368261196,-1.43log(v1)
35.666983127593994,21,5.0,3272.0,0.0,-0.9993894993894994,0.0569230038464689,1.4935550982418613,4.640971725627906,-1.43log(v1)
22.176353216171265,23,5.0,2300.0,0.0,-0.9993894993894994,0.05434070654379668,1.439002930343685,4.610499816265541,-1.42log(v1)
