time_stamp,run,compl,age,dim_penalty,minus_spearman,mare,mae,ms_processed_e,eqs_orig_rounded
1264.0620667934418,5,5.0,1075.0,0.0,-0.9957264957264957,0.05665634031287175,1.4915166681371137,4.719237354330033,-1.43log(v1)
39.19667887687683,6,5.0,3686.0,0.0,-0.9957264957264957,0.05833049939154074,1.5268748490582236,4.743244632927311,-1.43log(v1)
24.2615008354187,7,5.0,2792.0,0.0,-0.9957264957264957,0.05324950539546361,1.4195644343781557,4.689387772956521,-1.4224751066856332log(v1)
25.64542508125305,20,5.0,2128.0,0.0,-0.9957264957264957,0.05468666417042498,1.4499171772117965,4.698871934017598,-1.42log(v1)
21.677975177764893,21,5.0,3393.0,0.0,-0.9957264957264957,0.055459626530506526,1.4662421150992413,4.705848422208604,-1.43log(v1)
22.182389974594116,23,5.0,2453.0,0.0,-0.9957264957264957,0.0570250724943325,1.499304278854424,4.7239964791875355,-1.4285714285714286log(v1)
29.185710906982422,24,5.0,2088.0,0.0,-0.9957264957264957,0.04247643657013341,1.1984782011399109,4.779859038247834,-1.4log(v1)
