time_stamp,run,compl,age,dim_penalty,minus_spearman,mare,mae,ms_processed_e,eqs_orig_rounded
181.1312599182129,3,16.0,3116.0,0.0,-0.9975579975579976,0.0028496000105816366,0.06671933749487406,0.007830934156935886,(5.27 + log(v1^3))*(23.1 - log(1.6384e10 + v1))
1777.4529440402985,5,17.0,40.0,0.0,-0.9975579975579976,0.003031204454224138,0.0724468287646629,0.00841380244050156,-4.05e-9v1 - 1.19log((8//1)*v1)
1151.6938951015472,7,17.0,1528.0,0.0,-0.9975579975579976,0.002934373257946407,0.06940540242619901,0.008022066302217063,192.0 - sqrt(abs(-37600.0 - 1.610305958132045e-6v1)) - 1.2log(v1)
329.5199589729309,15,14.0,2754.0,0.0,-0.9975579975579976,0.004873732213264862,0.11468313638362336,0.01664505754602894,-1.26(3.09e-9v1 + log(3v1))
1291.895625114441,18,16.0,1266.0,0.0,-0.9975579975579976,0.003095033926189142,0.07502030256671503,0.00965327857106146,38.8 / (-1.44e7 / v1 + log(v1) - 23.5) - 17.3
1150.5915758609772,19,16.0,1319.0,0.0,-0.9975579975579976,0.002935139169901289,0.07026313546788669,0.008155736609488854,log(v1^2) - 4.02e-9v1 - 3.21log(2v1)
573.6125440597534,30,17.0,2942.0,0.0,-0.9975579975579976,0.003148672985229788,0.07660598744386762,0.009301357001289532,-2.47e6 / (125000.0 - sqrt(abs(v1))) + 240.0 / log(v1) - 16.3
