time_stamp,run,compl,age,dim_penalty,minus_spearman,mare,mae,ms_processed_e,eqs_orig_rounded
1795.892853975296,1,16.0,12.0,0.0,-0.9975579975579976,0.003765767679152209,0.08980750651352046,0.011518337688596305,-3.93e-9v1 - 1.24log(4v1)
1779.2297661304474,10,17.0,38.0,0.0,-0.9975579975579976,0.002981377381901929,0.07077328118811958,0.00887677364232706,-3.99e-9v1 - 0.61log((27//1)*(v1^2))
1592.4159610271454,11,17.0,438.0,0.0,-0.9975579975579976,0.0028964750793870754,0.06814629197652049,0.007823945578114342,238.0 - sqrt(abs(57700.0 + 1.9801980198019803e-6v1)) - 1.2log(v1)
1325.019052028656,22,16.0,1204.0,0.0,-0.9975579975579976,0.0029509256037318116,0.07103861416189498,0.008724166571082869,-4.04e-9v1 - 2.4213075060532687log(sqrt(abs(v1)) + sqrt(abs(2v1)))
