time_stamp,run,compl,age,dim_penalty,minus_spearman,mare,mae,ms_processed_e,eqs_orig_rounded
51.928504943847656,0,5.0,3014.0,0.0,-0.9975579975579976,0.04851709667937954,1.3203848860408056,4.642683724681779,-1.41log(v1)
38.33514904975891,7,5.0,3095.0,0.0,-0.9975579975579976,0.052497032707324864,1.401958133102025,4.6401070729356,-1.42log(v1)
1142.6376948356628,11,5.0,1256.0,0.0,-0.9975579975579976,0.05553063073434804,1.4660328145558565,4.662778998639923,-1.4265335235378032log(v1)
1188.653836965561,13,5.0,1616.0,0.0,-0.9975579975579976,0.05772982297320152,1.5124834454255476,4.691851044659761,-1.43log(v1)
51.260480880737305,21,5.0,2900.0,0.0,-0.9975579975579976,0.055707874228239036,1.4697764946049807,4.664728542411747,-1.43log(v1)
1384.5889029502869,28,5.0,1174.0,0.0,-0.9975579975579976,0.03852431274648356,1.1174119003807124,4.836831523836221,-1.39log(v1)
31.225600957870483,29,5.0,3196.0,0.0,-0.9975579975579976,0.05105455852590527,1.371938567292739,4.636361228221857,-1.42log(v1)
