time_stamp,run,compl,age,dim_penalty,minus_spearman,mare,mae,ms_processed_e,eqs_orig_rounded
1234.8844101428986,5,14.0,1533.0,0.0,-1.0,9.680183562732552e-17,2.3684757858670005e-15,1.0284408838436894e-29,-0.4(1.0e-8v1 + log(353.35689045936397(v1^3)))
1022.085764169693,13,18.0,1621.0,0.0,-1.0,0.005205216240873298,0.12131015360958222,0.02183305240544608,(967.0 - 2.976190476190476e-7v1) / log(v1^3) - 41.9
1779.291759967804,21,18.0,49.0,0.0,-1.0,1.715830408713969e-14,4.107989668598209e-13,2.002879271823005e-25,0.109log(1 / (2.2041482069254336e9(v1^11))) - 4.0e-9v1
