time_stamp,run,compl,age,dim_penalty,minus_spearman,mare,mae,ms_processed_e,eqs_orig_rounded
716.8826401233673,11,16.0,1908.0,0.0,-0.9957264957264957,0.004398157283040024,0.10354053344890346,0.019083904153586954,(-8.9e-8v1) / log(v1) - 2.77 - 1.17log(v1)
1321.6198108196259,12,16.0,790.0,0.0,-0.9957264957264957,0.004465271858379629,0.10677488394283553,0.019154335777331548,(47.6 - 9.090909090909091e-8v1) / log(v1) - 8.52 - log(v1)
1047.790235042572,20,12.0,1484.0,0.0,-0.9957264957264957,0.007405224800128011,0.17361622401496377,0.0383257189684138,-3.83e-9v1 - 1.29log(2v1)
1554.2864270210266,26,16.0,592.0,0.0,-0.9957264957264957,0.004481022207207257,0.10721727063725128,0.01899463016775753,((-3.72e-9v1) / log(v1) - 1.2)*log(6.802721088435375v1)
