time_stamp,run,compl,age,dim_penalty,minus_spearman,mare,mae,ms_processed_e,eqs_orig_rounded
1399.7619271278381,8,16.0,601.0,0.0,-0.9957264957264957,0.005636505678133079,0.130913751027632,0.027955087553651274,-4.087837837837837e-9v1 - log(v1) - sqrt(abs(log(v1^2)))
436.20584297180176,13,13.0,1990.0,0.0,-0.9957264957264957,0.006782031687442437,0.16262242079212383,0.04293665202020027,(322.0 - 1.0040160642570281e-7v1) / log(v1) - 41.9
580.7497868537903,30,17.0,1642.0,0.0,-0.9957264957264957,0.004488658170308225,0.10735894455132514,0.019077217075685302,-4.03757933358881e-9v1 - 1.21log(6.44(2590.0 + v1))
