time_stamp,run,compl,age,dim_penalty,minus_spearman,mare,mae,ms_processed_e,eqs_orig_rounded
625.270012140274,7,5.0,2062.0,0.0,-0.9993894993894994,0.05525651013926677,1.458349684665946,4.619630178667716,-1.43log(v1)
30.493886947631836,16,5.0,3932.0,0.0,-0.9993894993894994,0.05600925378974746,1.4742517258301506,4.628514485233207,-1.43log(v1)
85.072420835495,18,5.0,3423.0,0.0,-0.9993894993894994,0.044842257179768315,1.2446833031324036,4.6353943013640055,-1.4log(v1)
88.32856917381287,21,5.0,2473.0,0.0,-0.9993894993894994,0.048049979502683825,1.3098562001094076,4.600303130523314,-1.41log(v1)
47.26371693611145,23,5.0,2932.0,0.0,-0.9993894993894994,0.05178822612570008,1.3858080243355875,4.59445870392349,-1.42log(v1)
1253.390480041504,24,5.0,838.0,0.0,-0.9993894993894994,0.05652217543495494,1.485087421502764,4.6352813639139985,-1.43log(v1)
20.20245599746704,28,5.0,3906.0,0.0,-0.9993894993894994,0.05412535100545553,1.4344534497423485,4.608620347716047,-1.42log(v1)
