time_stamp,run,compl,age,dim_penalty,minus_spearman,mare,mae,ms_processed_e,eqs_orig_rounded
29.86598491668701,2,5.0,4459.0,0.0,-0.9993894993894994,0.056482687753897635,1.4842532268479827,4.634739875418705,-1.43log(v1)
63.222774028778076,5,5.0,2325.0,0.0,-0.9993894993894994,0.055559820750683504,1.4647572549260328,4.623060286473931,-1.43log(v1)
126.21931600570679,7,5.0,2497.0,0.0,-0.9993894993894994,0.0549971486325166,1.452870558599432,4.616857386701858,-1.43log(v1)
23.0920991897583,8,5.0,3590.0,0.0,-0.9993894993894994,0.056424815130896706,1.4830306421969484,4.6339524661472336,-1.43log(v1)
23.27483296394348,15,5.0,2684.0,0.0,-0.9993894993894994,0.05341873271625343,1.4195258271511841,4.603169100149727,-1.42log(v1)
676.1328220367432,23,5.0,1735.0,0.0,-0.9993894993894994,0.05170139054897702,1.3840437425412186,4.594166456354834,-1.4184397163120568log(v1)
35.6094651222229,29,5.0,4045.0,0.0,-0.9993894993894994,0.0561179099724317,1.4765471355472388,4.62989971618284,-1.43log(v1)
