time_stamp,run,compl,age,dim_penalty,minus_spearman,mare,mae,ms_processed_e,eqs_orig_rounded
63.46339201927185,8,5.0,3517.0,0.0,-0.9975579975579976,0.03519461183795899,1.0599993451726906,5.025308703666227,-1.3812154696132597log(v1)
26.875997066497803,9,5.0,3230.0,0.0,-0.9975579975579976,0.03570802279779134,1.06863146909076,4.990838145573678,-1.38log(v1)
115.72942900657654,11,5.0,2182.0,0.0,-0.9975579975579976,0.04685486331013283,1.286613245532475,4.656248303735604,-1.41log(v1)
494.2792899608612,23,5.0,3985.0,0.0,-0.9975579975579976,0.051787446118858015,1.3869704734929034,4.637720418133775,-1.4184397163120568log(v1)
