time_stamp,run,compl,age,dim_penalty,minus_spearman,mare,mae,ms_processed_e,eqs_orig_rounded
1553.354346036911,2,14.0,476.0,0.0,-0.9957264957264957,0.005776191835160544,0.13664292631424266,0.027209168663827357,-3.89e-9v1 - 1.26log(3v1)
468.1804389953613,5,11.0,3988.0,0.0,-0.9957264957264957,0.010548547611301659,0.2476039833314624,0.0730522633146114,-1.3404825737265416log(v1*exp(2.77e-9v1))
1559.7977747917175,11,13.0,416.0,0.0,-0.9957264957264957,0.006657326489720628,0.15909713135947645,0.04410214025800353,(326.0 - 1.0050251256281407e-7v1) / log(v1) - 42.1
284.1511821746826,16,13.0,2888.0,0.0,-0.9957264957264957,0.006520655389524983,0.15855436120295396,0.042698462649633714,(319.0 - 1.0101010101010101e-7v1) / log(v1) - 41.6
204.7539439201355,22,12.0,2979.0,0.0,-0.9957264957264957,0.0074330903814236364,0.17267492936362394,0.03899651287396534,-1.29(3.01e-9v1 + log(2v1))
