time_stamp,run,compl,age,dim_penalty,minus_spearman,mare,mae,ms_processed_e,eqs_orig_rounded
767.3069939613342,17,14.0,3297.0,0.0,-0.996440489432703,0.042307768943340804,93.90426013080031,17312.29563008065,(1370.0 + 8.264462809917356v1*v2) / (0.355 + v3)
