time_stamp,run,compl,age,dim_penalty,minus_spearman,mare,mae,ms_processed_e,eqs_orig_rounded
1793.65895485878,12,5.0,16.0,0.0,-0.9955506117908788,0.11993998173819428,380.5786043354782,302151.1099256664,(7.03v1*v2) / v3
687.3157341480255,15,5.0,2433.0,0.0,-0.9955506117908788,0.10858174634077589,384.641452454062,344194.6961153035,(7.14v1*v2) / v3
1700.7712030410767,18,5.0,243.0,0.0,-0.9955506117908788,0.12101816007759188,383.45617870089325,302913.93992452626,(7.02v1*v2) / v3
1783.9669258594513,21,5.0,37.0,0.0,-0.9955506117908788,0.120905978563081,383.15677493935,302800.7564846418,(7.02v1*v2) / v3
1796.0937378406525,22,5.0,9.0,0.0,-0.9955506117908788,0.12058771549479237,382.307355494254,302522.39647298545,(7.02v1*v2) / v3
1762.3180439472198,23,5.0,95.0,0.0,-0.9955506117908788,0.12043046840486309,381.88767520716027,302408.1954582733,(7.02v1*v2) / v3
1798.675271987915,25,5.0,3.0,0.0,-0.9955506117908788,0.12313348041423602,389.1063949631328,306433.88308209425,(7.0v1*v2) / v3
216.48401498794556,26,8.0,4753.0,0.0,-0.9955506117908788,0.12473674290506204,393.402232977795,310554.86193444213,(6.99v1*v2) / v3
