time_stamp,run,compl,age,dim_penalty,minus_spearman,mare,mae,ms_processed_e,eqs_orig_rounded
1375.6142060756683,17,13.0,873.0,0.0,-0.9953803955223931,0.12465638373460988,1.4924031711718197e-7,6.416901973704261e-14,(1.0824099999999998e-7(v1^2)) / sqrt(abs(1.07 + (-v2) / v1))
1682.2541980743408,24,11.0,309.0,0.0,-0.9953803955223931,0.15044317963691078,2.0138471899396122e-7,9.297649613597437e-14,(-5.0e-8v2*(v1^2)) / (v1 - v2)
182.89704990386963,26,18.0,3572.0,0.0,-0.9953803955223931,0.09648888512804894,1.5054827133402475e-7,6.653351152885979e-14,(5.7062000000000005e-8v2*(v1^2)) / (v2 - 0.973v1)
1050.8940260410309,27,13.0,1512.0,0.0,-0.9953803955223931,0.12254856608137357,1.4727458197414235e-7,6.41449672928748e-14,(1.09e-7(v1^2)) / sqrt(abs(1.07 + (-v2) / v1))
