time_stamp,run,compl,age,dim_penalty,minus_spearman,mare,mae,ms_processed_e,eqs_orig_rounded
1783.7341840267181,2,2.0,34.0,0.0,-0.3674947512882024,6.2719866122958,2.9518230452983935e-6,1.355030088013169e-11,1.73e-8(v2^3)
1631.6585400104523,8,2.0,408.0,0.0,-0.34423161017323783,6.396356689466935,2.932370934140514e-6,1.3537013906976025e-11,1.06e-7(v2^2)
1800.1469550132751,9,2.0,0.0,0.0,-0.9793056804932454,0.9016281043810629,1.12158164552921e-6,2.105059039254078e-12,2.72e-7(v1^2)
1313.956067085266,25,2.0,1202.0,0.0,-0.978498658141855,5.906426573408864,2.7494685639079453e-6,1.0823363428060179e-11,2.24e-6sqrt(abs(v1))
