time_stamp,run,compl,age,dim_penalty,minus_spearman,mare,mae,ms_processed_e,eqs_orig_rounded
17.483906984329224,3,2.0,2254.0,0.0,-0.2904168348402265,8.476335709990035,3.2274630413707223e-6,1.670295733354702e-11,3.46e-6
15.82707405090332,8,2.0,2683.0,0.0,-0.2904168348402265,7.961103251362335,3.147189626594327e-6,1.669638974193088e-11,3.26e-6
427.6954348087311,13,2.0,2304.0,0.0,-0.48071732623966335,8.552550948847525,3.2393374048325747e-6,1.671076756419429e-11,3.49e-6
19.175638914108276,14,2.0,2376.0,0.0,100.0,6.407467707354247,2.912131397681957e-6,1.7165693936602383e-11,2.65e-6
817.3034389019012,17,2.0,1350.0,0.0,-0.38365010107720254,7.586845915200413,3.088880189997781e-6,1.674212343916936e-11,3.11e-6
17.982385873794556,28,2.0,3252.0,0.0,-0.07081860846777324,7.839761303129677,3.128284504494296e-6,1.6706561653824654e-11,3.21e-6
1382.428747177124,29,2.0,459.0,0.0,-0.07081860846777324,7.790603085730579,3.1206256353588842e-6,1.6711954076126834e-11,3.19e-6
