time_stamp,run,compl,age,dim_penalty,minus_spearman,mare,mae,ms_processed_e,eqs_orig_rounded
586.8914320468903,6,2.0,2435.0,0.0,-0.2904168348402265,8.381070271097803,3.2126206494328785e-6,1.6695673293611792e-11,3.42e-6
1662.3684720993042,10,2.0,247.0,0.0,100.0,9.46720972393196,3.381841592994129e-6,1.694199554934311e-11,3.84e-6
