time_stamp,run,compl,age,dim_penalty,minus_spearman,mare,mae,ms_processed_e,eqs_orig_rounded
1536.2096509933472,28,2.0,470.0,0.0,-0.21996606173007577,8.382401025437932,3.210024261767591e-6,1.6708094961722258e-11,3.41e-6
