time_stamp,run,compl,age,dim_penalty,minus_spearman,mare,mae,ms_processed_e,eqs_orig_rounded
363.9963369369507,4,2.0,2619.0,0.0,100.0,9.523888155795312,3.390672114428979e-6,1.6964676273626322e-11,3.87e-6
1375.4580790996552,10,2.0,1090.0,0.0,-0.07081860846777324,8.008535163642911,3.1545795367297982e-6,1.6693628083535713e-11,3.28e-6
1540.9006960391998,14,2.0,607.0,0.0,-0.07081860846777324,7.289160035577197,3.0425006157145205e-6,1.680884666527071e-11,2.99e-6
529.4005560874939,18,2.0,3715.0,0.0,-0.07081860846777324,7.267771298445013,3.039168242261326e-6,1.6814676097907026e-11,2.99e-6
131.13961386680603,21,2.0,3569.0,0.0,-0.3503642434493104,9.340307641097997,3.3620701997894935e-6,1.6894748151398677e-11,3.79e-6
501.6691288948059,22,2.0,3234.0,0.0,100.0,7.432208126572611,3.0647875631867947e-6,1.677342796351467e-11,3.05e-6
