time_stamp,run,compl,age,dim_penalty,minus_spearman,mare,mae,ms_processed_e,eqs_orig_rounded
1082.568568944931,13,2.0,1385.0,0.0,100.0,9.819581629302295,3.4367412710747383e-6,1.7098809837030875e-11,3.98e-6
1556.4802269935608,20,2.0,469.0,0.0,100.0,8.200511517858098,3.1844895263880987e-6,1.6689423269775078e-11,3.35e-6
649.8140091896057,26,2.0,1898.0,0.0,-0.07081860846777324,7.375321333170871,3.0559245789443044e-6,1.678676952900302e-11,3.03e-6
1103.3865630626678,27,2.0,1360.0,0.0,-0.5517095112683023,9.193424958987691,3.3391858215499813e-6,1.6846162642962443e-11,3.74e-6
1782.105013847351,28,2.0,33.0,0.0,-0.562017549735395,7.779295547375504,3.1188639165438573e-6,1.6713298186894228e-11,3.19e-6
