time_stamp,run,compl,age,dim_penalty,minus_spearman,mare,mae,ms_processed_e,eqs_orig_rounded
1403.8945860862732,6,21.0,1034.0,0.0,-0.9961512239589818,0.022514706878787604,7.450248527934228e-8,2.1640404618186686e-14,-9.3e-8((v1^2) / ((v1 / v2)^2 - 1.01) - 1.1552453232100003e-9(v1^12))
446.75535106658936,25,20.0,2989.0,0.0,-0.9961512239589818,0.02630278393204311,7.522284715303334e-8,2.2196068995576942e-14,8.11e-8(v1^2 + (0.49679308800000005(v1^3)) / (v2 - 1.0135v1))
1598.3939399719238,26,17.0,356.0,0.0,-0.9961512239589818,0.02693649614513741,7.591309557026664e-8,2.2018704878515992e-14,4.03e-8v1*(v1 + (v1*v2) / (v2 - 1.01v1))
1048.2194828987122,27,16.0,1682.0,0.0,-0.9961512239589818,0.02290289658114511,7.539232234657354e-8,2.2048334258698526e-14,(-8.21e-8(v1^2)) / ((0.0711 + (-v1) / v2)^2 - 0.857)
