time_stamp,run,compl,age,dim_penalty,minus_spearman,mare,mae,ms_processed_e,eqs_orig_rounded
1637.386598110199,9,14.0,304.0,0.0,-0.9961512239589818,0.03862372888318137,8.025509230188797e-8,2.3098771565992602e-14,4.4521000000000005e-8(v1^2)*(0.692 + v2 / (v2 - v1))
1420.0857419967651,11,17.0,704.0,0.0,-0.9961512239589818,0.027813712801104656,7.643104503784479e-8,2.208300000950284e-14,(v1*(2v2 - v1)) / (2.4937655860349126e7(v2 / v1 - 1.01))
1606.222601890564,26,17.0,268.0,0.0,-0.9961512239589818,0.03737980180442041,7.867914413353279e-8,2.2511210531985946e-14,8.179600000000001e-8(v1^2)*(0.92 + (0.548v1) / (v2 - v1))
1455.6782319545746,28,11.0,553.0,0.0,-0.9961512239589818,0.15238191624376696,1.7002700019814196e-7,4.9257745666168175e-14,(-4.94e-8v2*(v1^2)) / (v1 - v2)
