time_stamp,run,compl,age,dim_penalty,minus_spearman,mare,mae,ms_processed_e,eqs_orig_rounded
318.2476727962494,3,2.0,2781.0,0.0,-0.21996606173007577,8.55987451697576,3.2376121249475847e-6,1.6722455313170108e-11,3.48e-6
