time_stamp,run,compl,age,dim_penalty,minus_spearman,mare,mae,ms_processed_e,eqs_orig_rounded
1567.67577791214,3,12.0,484.0,0.0,-0.9724482495338805,0.28172755731603005,1.4408973384622302e-7,3.871372028927556e-14,(-3.33e-8(v2^2)) / (1.04 + (-v2) / v1)
1673.8998520374298,14,13.0,308.0,0.0,-0.9961512239589818,0.028852990831115546,7.86609136660971e-8,2.2890251680808446e-14,((-0.000432v1) / (1.37 - ((v1 / v2)^3)))^2
1211.0685288906097,16,10.0,1641.0,0.0,-0.9957900712751506,0.2411446098255994,1.6928414784623e-7,5.457452277913582e-14,(5.77e-8(v1^3)) / sqrt(abs(v1 - v2))
