time_stamp,run,compl,age,dim_penalty,minus_spearman,mare,mae,ms_processed_e,eqs_orig_rounded
1716.9033689498901,3,13.0,159.0,0.0,-0.9953803955223931,0.049065591592443204,1.3571064676456087e-7,6.395739358930442e-14,(8.352099999999998e-8(v1^2)) / sqrt(abs(v1 / v2 - 0.916))
1490.9918131828308,5,10.0,566.0,0.0,-0.9953803955223931,0.24476299227207238,2.0953236166623277e-7,9.778072822063718e-14,(5.841107200000001e-8(v1^3)) / sqrt(abs(v1 - v2))
456.8474929332733,13,11.0,2084.0,0.0,-0.9953803955223931,0.15906957165994068,2.1118681538725458e-7,8.901143571997448e-14,(4.9284e-8v2*(v1^2)) / (v2 - v1)
1319.9584500789642,27,10.0,947.0,0.0,-0.9955251109383669,0.24774246371258193,2.12178384098119e-7,9.426714825881222e-14,(5.7512456000000005e-8(v1^3)) / sqrt(abs(v1 - v2))
614.6102468967438,30,11.0,1957.0,0.0,-0.9953803955223931,0.16420273653494472,2.2038844997843358e-7,9.255545377522924e-14,(4.8841e-8v2*(v1^2)) / (v2 - v1)
