time_stamp,run,compl,age,dim_penalty,minus_spearman,mare,mae,ms_processed_e,eqs_orig_rounded
706.8690078258514,8,10.0,2238.0,0.0,-0.9953803955223931,0.24695875161843076,2.1093696569641512e-7,9.4601451372591e-14,(5.796060300000001e-8(v1^3)) / sqrt(abs(v1 - v2))
1109.3140609264374,9,11.0,1169.0,0.0,-0.9953803955223931,0.1565943701065946,2.067498060980504e-7,8.87408581616691e-14,(4.94e-8v2*(v1^2)) / (v2 - v1)
1762.8666620254517,10,18.0,62.0,0.0,-0.9953803955223931,0.06441981083009943,1.3389621629751213e-7,6.047379968545267e-14,(7.344099999999999e-8(v1^2)) / sqrt(abs((v1 - v2) / (-1.23 - v2) - 0.0757))
1485.041790008545,19,11.0,764.0,0.0,-0.9953803955223931,0.14527254257400002,2.1293447160062533e-7,1.0664560538542333e-13,(v2*(v1^2)) / (-1.9723865877712034e7(v1 - v2))
