time_stamp,run,compl,age,dim_penalty,minus_spearman,mare,mae,ms_processed_e,eqs_orig_rounded
105.12971210479736,0,12.0,2446.0,0.0,-0.9808310087817822,0.08493681442098332,9.052892641953038e-8,2.4393302081753397e-14,(4.5e-8sqrt(abs((v1^3)*(v2^3)))) / (v2 - v1)
1625.2162199020386,6,13.0,363.0,0.0,-0.9961512239589818,0.0825561718619008,1.0204329468023074e-7,2.5956365381263306e-14,(v1^2) / (-1.669449081803005e7(v1 / v2 - 1.03))
1288.8582909107208,8,12.0,987.0,0.0,-0.9961512239589818,0.15098985708482446,1.6755357346382315e-7,4.910960151002284e-14,(v2*(v1^2)) / (-2.02020202020202e7(v1 - v2))
638.7808079719543,12,12.0,1603.0,0.0,-0.9961512239589818,0.152182418734573,1.6967253072786084e-7,4.921866237492957e-14,(4.94e-8v2*(v1^2)) / (v2 - v1)
1343.6508588790894,16,19.0,743.0,0.0,-0.9961512239589818,0.027305652884598103,7.450145328152818e-8,2.3353552133698636e-14,(-4.02e-8(v1^2)*(2v2 - v1)) / (1.01v1 - v2)
457.7767291069031,25,13.0,1905.0,0.0,-0.9961512239589818,0.08455028842228815,1.0372833381751041e-7,2.6551667872782772e-14,(-5.94e-8(v1^2)) / (v1 / v2 - 1.03)
971.1244959831238,29,11.0,1327.0,0.0,-0.9961512239589818,0.14956047580951728,1.6589758908805576e-7,4.9278157194164256e-14,(-4.96e-8v2*(v1^2)) / (v1 - v2)
287.4851589202881,30,16.0,2735.0,0.0,-0.9961512239589818,0.03476185472505694,7.802500075747479e-8,2.239303901932586e-14,7.62e-8v1*(v1 + (0.582169(v1^2)) / (v2 - v1))
