time_stamp,run,compl,age,dim_penalty,minus_spearman,mare,mae,ms_processed_e,eqs_orig_rounded
1797.3449721336365,26,30.0,4.0,0.0,-1.0,0.0024280797982206307,6.45680733894177e-10,7.6284050952417055e-19,(v1^2)*((0.000308 + (0.00166 + (-0.0151v1) / (v2 + (-0.134(v1^2)) / (v2 - 0.774v1)))^2)^2)
