time_stamp,run,compl,age,dim_penalty,minus_spearman,mare,mae,ms_processed_e,eqs_orig_rounded
1106.9670169353485,6,17.0,1189.0,0.0,-0.9965366381772761,0.028764449276848215,3.130256627564885e-8,2.6648468957083605e-15,7.461846100000002e-8(v1^3)*(0.994 / v1 + 0.599 / (v2 - v1))
483.2637689113617,7,14.0,2129.0,0.0,-0.9965366381772761,0.026313286805278648,3.0571124500141836e-8,2.7548150252973656e-15,(v1^3)*(7.52e-8 / v1 + -4.46e-8 / (v1 - v2))
549.8703889846802,12,16.0,1773.0,0.0,-0.9965366381772761,0.028637789443804858,3.253324424773758e-8,2.9636395688647067e-15,(7.452900000000002e-8(v1^2)*(0.403v1 - v2)) / (v1 - v2)
1694.1658408641815,26,18.0,171.0,0.0,-0.9965366381772761,0.008496056220661605,2.6695292370438725e-8,2.6862125013704366e-15,(9.08e-8v2*(v1^2)) / (v2 + (v1*(3.72e-6 - v1)) / v2)
