time_stamp,run,compl,age,dim_penalty,minus_spearman,mare,mae,ms_processed_e,eqs_orig_rounded
965.4800388813019,15,2.0,1451.0,0.0,100.0,7.861430778789151,3.129040584933067e-6,1.672089367367351e-11,3.21e-6
