time_stamp,run,compl,age,dim_penalty,minus_spearman,mare,mae,ms_processed_e,eqs_orig_rounded
1400.11062002182,5,2.0,1083.0,0.0,100.0,7.641046790651408,3.094782379613938e-6,1.6750982737673643e-11,3.12e-6
1764.5427570343018,16,2.0,72.0,0.0,-0.9782042779073473,5.563789161775774,2.6655817707575626e-6,1.0907646619755977e-11,2.11e-6sqrt(abs(v1))
1792.8674190044403,21,2.0,16.0,0.0,-0.3743351820043117,6.651081002977219,2.977225409412336e-6,1.3604417364013986e-11,1.1e-7(v2^2)
