time,generation,mean age hall_of_fame,mean compl,mean recursive_compl,mean n_params,min mae,min mse,min max_ae,min minus_r2,min mare,min q75_are,min max_are,min ms_processed_e,min minus_spearman,max penalty
13.450500965118408,1.0,0.0,7.333333333333333,32817.0,0.8333333333333334,0.003168135044989911,2.3765353552346644e-5,0.014817266584644287,-0.9991991962152164,0.018268329154907812,0.011874420242591067,0.14046020805958792,2.3765353552346644e-5,-0.9997492412989007,3.0
19.35088586807251,7.0,3.5,6.666666666666667,11.333333333333334,1.0,0.003168135044982478,2.37653535523021e-5,0.014817266583789332,-0.9991991962152179,0.018268329154971938,0.011874420242591067,0.140460208051483,2.37653535523021e-5,-0.9997492412989007,3.0
24.70521593093872,17.0,6.333333333333333,8.666666666666666,13.166666666666666,1.6666666666666667,0.0022944235446010373,1.0122865482095734e-5,0.01384548376238752,-0.9996588971852213,0.011573163983125457,0.007866526624415652,0.13124819742164906,1.0122865482095734e-5,-0.9998789651977233,6.0
