time_stamp,max_are,compl,dim_penalty,age,minus_spearman,valid,max_ae,q75_are,n_params,eqs_orig,minus_r2,mse,mare,ms_processed_e,recursive_compl,mae,eqs_orig_rounded
13.48946499824524,3.692166899466328,2.0,0.0,0.0,100.0,true,0.3692166899466328,0.45028252155082593,1.0,0.369216689946633,0.0032107271430201756,0.029772159012088444,0.6462765941938723,0.029772159012088444,1.0,0.1463784972313859,0.369
13.19363808631897,0.8088733390832296,3.0,1.0,0.0,-0.9976622139310426,true,0.17189495232494068,0.494019511527144,0.0,pow3(sqrt_abs(v1)),-0.3107716868265451,0.020454142265673998,0.4012707579172461,0.020454142265673998,16.0,0.13789901205633365,pow3(sqrt_abs(v1))
13.294721126556396,0.29777559420426025,3.0,2.0,0.0,-0.9976599473042324,true,0.03575081533538749,0.058684853532089146,0.0,log(exp(v1)),-0.9907180686703486,0.00027545871271995534,0.047923810442292804,0.00027545871271995534,16.0,0.013686038639562314,log(exp(v1))
10.473029136657715,0.16670301061854134,6.0,0.0,1.0,-0.9976626464120878,true,0.02192385722563056,0.044901357365447286,1.0,sqrt_abs(pow2((v1--0.0138269581097569))),-0.9970289689069858,8.817091737344243e-5,0.031877629790166576,8.817091737344243e-5,256.0,0.007640989915935528,sqrt_abs(pow2((v1--0.0138)))
10.848339080810547,0.0,7.0,0.0,1.0,-1.0,true,0.0,0.0,0.0,sqrt_abs((pow2(v2)+(v1*v1))),-1.0,0.0,0.0,0.0,512.0,0.0,sqrt_abs((pow2(v2)+(v1*v1)))
