time,generation,mean age hall_of_fame,mean compl,mean recursive_compl,mean n_params,min mae,min mse,min max_ae,min minus_r2,min mare,min q75_are,min max_are,min ms_processed_e,min minus_spearman,max penalty
12.428357124328613,1.0,0.0,6.636363636363637,29877.636363636364,0.8181818181818182,0.007644971296658054,8.819397233985459e-5,0.02185762152815579,-0.9970281920405983,0.031893791542828114,0.03280757405328566,0.1660751296396082,8.819397233985459e-5,-0.9976625237450322,3.0
18.085787057876587,6.0,1.6666666666666667,6.333333333333333,105.11111111111111,1.0,0.0024578003265274726,1.84235990535267e-5,0.013573852899739391,-0.9993791934204175,0.013560572951103545,0.005712408086452304,0.10442588382062327,1.84235990535267e-5,-0.9998401705897432,7.0
