time_stamp,max_are,compl,dim_penalty,age,minus_spearman,valid,max_ae,q75_are,n_params,eqs_orig,minus_r2,mse,mare,ms_processed_e,recursive_compl,mae,eqs_orig_rounded
15.262927055358887,3.8204998900126106,2.0,0.0,5.0,100.0,true,0.3820499890012611,0.5006916981117563,1.0,0.382049989001261,0.0003179831894011276,0.029686311412338726,0.6635456941462589,0.029686311412338726,1.0,0.14509699008813068,0.382
15.390139102935791,0.29777559420425986,3.0,0.0,5.0,-0.9976633196502763,true,0.03575081533538746,0.0586848535320886,0.0,sqrt_abs(pow2(v1)),-0.9907180686703486,0.00027545871271995523,0.04792381044229276,0.00027545871271995523,16.0,0.013686038639562309,sqrt_abs(pow2(v1))
17.819398164749146,0.1660751309134998,4.0,0.0,2.0,-0.9976625853646766,true,0.021857621662539684,0.0444573655392827,1.0,(0.0138931936728478+v1),-0.9970281920424744,8.819397228417816e-5,0.03189379151003797,8.819397228417816e-5,3.0,0.0076449712885803415,(0.0139+v1)
19.97611093521118,0.24430429947079627,4.0,3.0,0.0,-0.9997240923553904,true,0.025771867940690155,0.023169620337597466,0.0,(v1+pow2(v2)),-0.9980811142572722,5.6946531683545084e-5,0.02323918302445712,5.6946531683545084e-5,6.0,0.004578983942692609,(v1+pow2(v2))
19.714432954788208,0.16607722229959007,6.0,0.0,1.0,-0.9976625853646766,true,0.02185784228463372,0.044459057260768514,1.0,sqrt_abs(pow2((-0.0138929730507537-v1))),-0.997028195120874,8.819388092689781e-5,0.03189373767743935,8.819388092689781e-5,256.0,0.007644958027142994,sqrt_abs(pow2((-0.0139-v1)))
20.38403606414795,0.0,7.0,0.0,0.0,-1.0,true,0.0,0.0,0.0,sqrt_abs((pow2(v2)+(v1*v1))),-1.0,0.0,0.0,0.0,512.0,0.0,sqrt_abs((pow2(v2)+(v1*v1)))
