max_are,compl,dim_penalty,age,minus_spearman,valid,max_ae,q75_are,n_params,eqs_orig,minus_r2,mse,mare,ms_processed_e,recursive_compl,mae,eqs_orig_rounded
0.769599253972468,1.0,0,7593.0,-1.0,true,31.46175895905491,0.5653544623687768,0.0,v1,-0.23207596005128772,103.97669332875144,0.36110504409031774,103.97669332875144,2.0,4.565745478711937,v1
0.2928932188134529,3.0,0,7600.0,-1.0,true,11.973680852061008,0.29289321881345276,0.0,pow3(sqrt_abs(v1)),-0.8843021446925885,15.665456209570447,0.29289321881345254,15.665456209570447,16.0,2.0124605137166323,pow3(sqrt_abs(v1))
7.53427700464736e-16,5.0,0,7601.0,-1.0,true,2.6645352591003757e-15,4.3888347930036435e-16,1.0,sqrt_abs(pow3((1.25992104989487*v1))),-1.0,1.21040845144849e-30,2.9744051487364984e-16,1.21040845144849e-30,256.0,7.105427357601002e-16,sqrt_abs(pow3((1.26*v1)))
8.192929068308079e-16,7.0,0,3033.0,-1.0,true,8.881784197001252e-16,3.8567102618512317e-16,2.0,(pow3(sqrt_abs((v1/0.780951274042805)))/1.02458759997115),-1.0,1.4914401489334754e-31,2.321398982680086e-16,1.4914401489334754e-31,257.0,2.55351295663786e-16,(pow3(sqrt_abs((v1/0.781)))/1.02)
7.53427700464736e-16,9.0,0,135.0,-1.0,true,8.881784197001252e-16,5.255076558964879e-16,3.0,(0.544950132427905*pow3((sqrt_abs((0.441340123972368*v1))/0.483430404605352))),-1.0,1.2202692127637527e-31,2.27428021630899e-16,1.2202692127637527e-31,513.0,1.887379141862766e-16,(0.545*pow3((sqrt_abs((0.441*v1))/0.483)))
7.800760122883359e-16,13.0,0,5723.0,-1.0,true,5.551115123125783e-16,3.473115129247274e-16,2.0,(sqrt_abs(pow3((v1+(((0.307760212906872*v1)-v1)-v1))))/0.407258200407932),-1.0,6.162975822039155e-32,2.0841624001545473e-16,6.162975822039155e-32,1.3407807929942597e154,1.554312234475219e-16,(sqrt_abs(pow3((v1+(((0.308*v1)-v1)-v1))))/0.407)
