time_stamp,max_are,compl,dim_penalty,age,minus_spearman,valid,max_ae,q75_are,n_params,eqs_orig,minus_r2,mse,mare,ms_processed_e,recursive_compl,mae,eqs_orig_rounded
16.78128480911255,3.7391372317418528,2.0,0.0,9.0,-0.15645120233322984,true,0.3739137231741853,0.46873245997058555,1.0,0.373913723174185,0.0008642253825819068,0.02970252217344253,0.6524323534472799,0.02970252217344253,1.0,0.14584753582941087,0.374
14.197982788085938,0.29777559420425986,3.0,0.0,12.0,-0.9976633196502763,true,0.03575081533538746,0.0586848535320886,0.0,sqrt_abs(pow2(v1)),-0.9907180686703486,0.00027545871271995523,0.04792381044229276,0.00027545871271995523,16.0,0.013686038639562309,sqrt_abs(pow2(v1))
18.952847003936768,0.17141659392143946,4.0,0.0,4.0,-0.9976626464120878,true,0.022421097129606327,0.04341451018268787,1.0,(0.0133297182057811+v1),-0.9970253598357591,8.82780233278926e-5,0.03178198636212081,8.82780233278926e-5,3.0,0.00762463011389801,(0.0133+v1)
14.308191776275635,0.2443042994707964,6.0,3.0,12.0,-0.9997218886332745,true,0.025771867940690182,0.023169620337597403,0.0,log(exp((v1+pow2(v2)))),-0.9980811142572722,5.694653168354508e-5,0.02323918302445712,5.694653168354508e-5,1.8446744073709552e19,0.00457898394269261,log(exp((v1+pow2(v2))))
19.125784873962402,0.24124628465517106,7.0,1.0,4.0,-0.9997240923553904,true,0.02544927536184613,0.01921675707362951,1.0,(1.00404662195839*(v1+pow2(v2))),-0.9981801566396366,5.400726331558634e-5,0.022905100698884958,5.400726331558634e-5,7.0,0.004833182950609315,(1.0*(v1+pow2(v2)))
22.267106771469116,0.1752414148148376,7.0,0.0,1.0,-0.99766301269679,true,0.022278693551140233,0.038910801131849984,1.0,sqrt_abs((v1*(v1--0.0281080238924731))),-0.9971526191325764,8.450136512628231e-5,0.028700245786684318,8.450136512628231e-5,128.0,0.007339215154756771,sqrt_abs((v1*(v1--0.0281)))
22.743794918060303,0.0,8.0,0.0,0.0,-1.0,true,0.0,0.0,0.0,sqrt_abs(((v2*v2)+(v1*v1))),-1.0,0.0,0.0,0.0,1024.0,0.0,sqrt_abs(((v2*v2)+(v1*v1)))
