time,generation,mean age hall_of_fame,mean compl,mean recursive_compl,mean n_params,min mae,min mse,min max_ae,min minus_r2,min mare,min q75_are,min max_are,min ms_processed_e,min minus_spearman,max penalty
12.803096771240234,1.0,0.0,7.5,32836.125,0.875,0.005441036406830965,5.259719186975061e-5,0.022421416118662996,-0.9982276707886751,0.022869385628957115,0.015990524514584263,0.16975778981016934,5.259719186975061e-5,-0.9996116249196525,3.0
18.21577000617981,9.0,2.875,8.25,2.305843009213694e18,1.375,0.003171034017454635,2.3800990283763797e-5,0.015107846553683149,-0.9991979953902703,0.0182023243459076,0.013002400852293185,0.14321475949294346,2.3800990283763797e-5,-0.9997218886332745,5.0
