time_stamp,max_are,compl,dim_penalty,age,minus_spearman,valid,max_ae,q75_are,n_params,eqs_orig,minus_r2,mse,mare,ms_processed_e,recursive_compl,mae,eqs_orig_rounded
21.27254295349121,0.29777559420425986,1.0,0.0,52.0,-0.9976625853646766,true,0.03575081533538746,0.0586848535320886,0.0,v1,-0.9907180686703486,0.00027545871271995523,0.047923810442292776,0.00027545871271995523,2.0,0.013686038639562309,v1
22.18773102760315,0.1680907496789183,4.0,0.0,50.0,-0.9976625853646766,true,0.02207025099715912,0.044701972572945614,1.0,(0.0136805643382284+v1),-0.9970296370477293,8.815108904433781e-5,0.03184190917399074,8.815108904433781e-5,3.0,0.007632190290324536,(0.0137+v1)
36.8970890045166,0.22942341812255979,7.0,0.0,27.0,-0.9997514443398735,true,0.024202071134909103,0.011712764210322479,1.0,(v1+(1.27829663415507*pow2(v2))),-0.9984373038634141,4.637593738506665e-5,0.021290547470453537,4.637593738506665e-5,7.0,0.004641285926230433,(v1+(1.28*pow2(v2)))
55.07918405532837,0.0,8.0,0.0,0.0,-1.0,true,0.0,0.0,0.0,sqrt_abs(((v2*v2)+(v1*v1))),-1.0,0.0,0.0,0.0,1024.0,0.0,sqrt_abs(((v2*v2)+(v1*v1)))
