time_stamp,max_are,compl,dim_penalty,age,minus_spearman,valid,max_ae,q75_are,n_params,eqs_orig,minus_r2,mse,mare,ms_processed_e,recursive_compl,mae,eqs_orig_rounded
1119.3437159061432,0.1675142563481073,2.0,0.0,1764.0,100.0,true,2.5763065374077154,0.13097063723609445,1.0,12.8033190155002,0.00822637246451241,1.8336302252582035,0.08821843034859998,1.8336302252582035,1.0,1.1531862412910767,12.8
1504.478985786438,0.017568228630818843,5.0,0.0,759.0,-1.0,true,0.2701927779698696,0.013738583608365018,1.0,(15.9485516184981-log(v1)),-0.9889085660219838,0.02017164908494997,0.009253191147663962,0.02017164908494997,5.0,0.12095456899811435,(15.9-log(v1))
170.0148799419403,0.01842238064911,7.0,0.0,4322.0,-1.0,true,0.23918222283193913,0.015197713562061016,1.0,log((v1+(8.18276639289469e6/v1))),-0.9889151769372146,0.02015962601719972,0.009487172843351026,0.02015962601719972,32.0,0.12129206699406711,log((v1+(8.18e6/v1)))
71.91960096359253,3.9522079251243615e-15,8.0,0.0,4575.0,-1.0,true,5.1514348342607263e-14,2.750080465762055e-15,2.0,(15.65-(0.905069700286375*log(v1))),-1.0,9.853479522291377e-28,2.2660002112966523e-15,9.853479522291377e-28,6.0,2.8899959348704076e-14,(15.6-(0.905*log(v1)))
795.0309188365936,3.802403529948312e-15,12.0,0.0,2619.0,-1.0,true,5.1514348342607263e-14,2.6420870676771167e-15,2.0,((v1--15.65)-(v1+(0.905069700286373*log(v1)))),-1.0,8.570670327185824e-28,2.039885804624821e-15,8.570670327185824e-28,10.0,2.637206692340372e-14,((v1--15.6)-(v1+(0.905*log(v1))))
1109.2960929870605,3.802403529948312e-15,13.0,0.0,1790.0,-1.0,true,4.973799150320701e-14,2.6942375613418013e-15,2.0,((v1--15.65)-(v1+(0.452534850143186*log(pow2(v1))))),-1.0,8.56581579853831e-28,2.032930515096338e-15,8.56581579853831e-28,22.0,2.62354240896037e-14,((v1--15.6)-(v1+(0.453*log(pow2(v1)))))
1517.3153049945831,4.20125204180768e-15,15.0,0.0,725.0,-1.0,true,4.973799150320701e-14,2.464278825835373e-15,3.0,(12.9098879123923-(log((v1*(v1-(0.997653968229946*v1))))/2.20977456141463)),-1.0,7.259947592357065e-28,1.8476303752806944e-15,7.259947592357065e-28,2050.0,2.3775853081203353e-14,(12.9-(log((v1*(v1-(0.998*v1))))/2.21))
