time,generation,mean age hall_of_fame,mean compl,mean recursive_compl,mean n_params,min mae,min mse,min max_ae,min minus_r2,min mare,min q75_are,min max_are,min ms_processed_e,min minus_spearman,max penalty
12.263779163360596,1.0,0.0,7.0,32835.75,0.75,0.0032082479898770115,2.408476028086345e-5,0.014726759275176207,-0.999188433399653,0.018414593027199132,0.021608051959639597,0.13960224445029587,2.408476028086345e-5,-0.9997240310971601,3.0
18.099003076553345,8.0,0.875,7.875,41.75,1.375,0.00318157984455115,2.3506098381300073e-5,0.014814332621564716,-0.9992079321476207,0.01609139554302207,0.01472971467863613,0.14043239557054038,2.3506098381300073e-5,-0.9997235416245418,2.0
23.23446798324585,16.0,3.4444444444444446,10.88888888888889,471.8888888888889,1.5555555555555556,0.003127649584857349,2.050771620503318e-5,0.01481431156417623,-0.9993089664448674,0.0158296120200979,0.008099218782365927,0.14043219595712647,2.050771620503318e-5,-0.9998207725023817,5.0
29.841302156448364,26.0,5.090909090909091,12.636363636363637,Inf,1.4545454545454546,1.720155270730603e-6,4.471152185527722e-12,5.773825161425883e-6,-0.9999999998493388,5.904078874447915e-6,7.1073286835099e-6,2.629687705145978e-5,4.471152185527722e-12,-0.999990393093226,38.0
