time_stamp,max_are,compl,dim_penalty,age,minus_spearman,valid,max_ae,q75_are,n_params,eqs_orig,minus_r2,mse,mare,ms_processed_e,recursive_compl,mae,eqs_orig_rounded
16.155030012130737,0.29777559420425986,1.0,0.0,22.0,-0.9976625853646766,true,0.03575081533538746,0.0586848535320886,0.0,v1,-0.9907180686703486,0.00027545871271995523,0.047923810442292776,0.00027545871271995523,2.0,0.013686038639562309,v1
19.480386972427368,0.24430429947079627,4.0,3.0,18.0,-0.9997240923553904,true,0.025771867940690155,0.023169620337597466,0.0,(v1+pow2(v2)),-0.9980811142572722,5.6946531683545084e-5,0.02323918302445712,5.6946531683545084e-5,6.0,0.004578983942692609,(v1+pow2(v2))
26.151175022125244,0.2443042994707964,6.0,5.0,7.0,-0.9997218886332745,true,0.025771867940690182,0.023169620337597403,0.0,log(exp((v1+pow2(v2)))),-0.9980811142572722,5.694653168354508e-5,0.02323918302445712,5.694653168354508e-5,1.8446744073709552e19,0.00457898394269261,log(exp((v1+pow2(v2))))
31.336174964904785,0.2075563482559402,7.0,1.0,0.0,-0.9997240311649612,true,0.021895295371759965,0.012995427532979765,1.0,(pow2(v2)+(0.00387657256893019+v1)),-0.9985848169770501,4.199820920023241e-5,0.02078989226360107,4.199820920023241e-5,7.0,0.004905116744971378,(pow2(v2)+(0.00388+v1))
30.729588985443115,0.19764189658024559,9.0,2.0,1.0,-0.9998213844629789,true,0.020849411448129324,0.008099111240707743,1.0,log((pow2((1.42384776309375*v2))+exp(v1))),-0.9990745991879811,2.746300391324962e-5,0.01661677693969087,2.746300391324962e-5,4096.0,0.0034275477530923974,log((pow2((1.42*v2))+exp(v1)))
30.05352210998535,0.14043219874675525,10.0,2.0,2.0,-0.9997243981721737,true,0.014814311858456539,0.021345592061449335,2.0,((pow2(v2)--0.0127555398515202)-(-0.975728586984508*v1)),-0.9991991045442532,2.3768074060032067e-5,0.01828665566537661,2.3768074060032067e-5,8.0,0.0031815783068076557,((pow2(v2)--0.0128)-(-0.976*v1))
27.90555500984192,0.12417842161322609,12.0,3.0,4.0,-0.9995897168187813,true,0.01241784216132261,0.008685892024165939,1.0,log((pow2((v2*pow2((-1.554032875666+v1))))+exp(v1))),-0.999628816168464,1.101557604620025e-5,0.00913830386643011,1.101557604620025e-5,1.7976931348623157e308,0.002512356547807053,log((pow2((v2*pow2((-1.55+v1))))+exp(v1)))
31.299813985824585,0.0,14.0,3.0,0.0,-1.0,true,0.0,0.0,0.0,sqrt_abs((pow2(v2)+(pow2(v1)+(v1*(v2*(v1-v1)))))),-1.0,0.0,0.0,0.0,1.34217728e8,0.0,sqrt_abs((pow2(v2)+(pow2(v1)+(v1*(v2*(v1-v1))))))
