max_are,compl,dim_penalty,age,minus_spearman,valid,max_ae,q75_are,n_params,eqs_orig,minus_r2,mse,mare,ms_processed_e,recursive_compl,mae,eqs_orig_rounded
0.769599253972468,1.0,0,7709.0,-1.0,true,31.46175895905491,0.5653544623687768,0.0,v1,-0.23207596005128772,103.97669332875144,0.36110504409031774,103.97669332875144,2.0,4.565745478711937,v1
3.060805520633593,3.0,0,7188.0,-1.0,true,4.527759647125123,2.379668322612735,1.0,(v1/0.2590971620077),-0.9243508020640439,10.2428795625128,1.528251838816053,10.2428795625128,3.0,2.949003620737656,(v1/0.259)
0.7761576114388116,4.0,0,2619.0,-1.0,true,3.227615654009404,0.7308508539773323,1.0,pow2((0.686315151853121*v1)),-0.9756725661867731,3.2939275155942864,0.5546521762135305,3.2939275155942864,8.0,1.4562983844544533,pow2((0.686*v1))
7.53427700464736e-16,5.0,0,7711.0,-1.0,true,2.6645352591003757e-15,4.3888347930036435e-16,1.0,sqrt_abs(pow3((1.25992104989487*v1))),-1.0,1.21040845144849e-30,2.9744051487364984e-16,1.21040845144849e-30,256.0,7.105427357601002e-16,sqrt_abs(pow3((1.26*v1)))
9.4178462558092e-16,7.0,0,5417.0,-1.0,true,1.1102230246251565e-15,3.3962290268677865e-16,2.0,(0.947504524443404*pow3(sqrt_abs((-1.30603797110666*v1)))),-1.0,1.4051584874249273e-31,1.949028936870228e-16,1.4051584874249273e-31,257.0,1.7763568394002506e-16,(0.948*pow3(sqrt_abs((-1.31*v1))))
8.192929068308079e-16,9.0,0,4774.0,-1.0,true,4.440892098500626e-16,2.9879892893695214e-16,2.0,(0.525450450861007*pow3(sqrt_abs((v1+(0.934886461634428*v1))))),-1.0,5.053640174072106e-32,2.02576324619695e-16,5.053640174072106e-32,4.294967297e9,1.4432899320127036e-16,(0.525*pow3(sqrt_abs((v1+(0.935*v1)))))
