time_stamp,max_are,compl,dim_penalty,age,minus_spearman,valid,max_ae,q75_are,n_params,eqs_orig,minus_r2,mse,mare,ms_processed_e,recursive_compl,mae,eqs_orig_rounded
14.620110034942627,3.7478147268918227,2.0,0.0,0.0,100.0,true,0.37478147268918227,0.47214097856942294,1.0,0.374781472689182,0.0005934366735698138,0.029694486010864458,0.6535910257329529,0.029694486010864458,1.0,0.14575744161747126,0.375
14.658952951431274,0.8088733390832296,3.0,1.0,0.0,-0.9976632583167917,true,0.17189495232494068,0.4940195115271441,0.0,sqrt_abs(pow3(v1)),-0.3107716868265452,0.020454142265673998,0.4012707579172461,0.020454142265673998,16.0,0.13789901205633365,sqrt_abs(pow3(v1))
14.686022996902466,0.297490074349291,5.0,7.0,0.0,-0.9976626464120878,true,0.14200895754184362,0.15417329156750734,0.0,(v1*exp(pow3(v1))),-0.8840020694503709,0.003442456046330146,0.09384178612926805,0.003442456046330146,33.0,0.040810613459485064,(v1*exp(pow3(v1)))
14.724146842956543,2.6986570148339295,5.0,1.0,0.0,-0.997658598677407,true,0.26986570148339295,0.3579099753973612,1.0,exp((v1-1.30983084564249)),-0.6045612318768366,0.011735386759305251,0.43771599043242865,0.011735386759305251,8.0,0.08833989507817895,exp((v1-1.31))
12.211532831192017,0.0,6.0,0.0,1.0,-1.0,true,0.0,0.0,0.0,sqrt_abs((pow2(v2)+pow2(v1))),-1.0,0.0,0.0,0.0,256.0,0.0,sqrt_abs((pow2(v2)+pow2(v1)))
