time_stamp,max_are,compl,dim_penalty,age,minus_spearman,valid,max_ae,q75_are,n_params,eqs_orig,minus_r2,mse,mare,ms_processed_e,recursive_compl,mae,eqs_orig_rounded
18.458425045013428,0.29777559420425986,1.0,0.0,58.0,-0.9976625853646766,true,0.03575081533538746,0.0586848535320886,0.0,v1,-0.9907180686703486,0.00027545871271995523,0.047923810442292776,0.00027545871271995523,2.0,0.013686038639562309,v1
19.29160499572754,0.24430429947079627,4.0,3.0,56.0,-0.9997240923553904,true,0.025771867940690155,0.023169620337597466,0.0,(v1+pow2(v2)),-0.9980811142572722,5.6946531683545084e-5,0.02323918302445712,5.6946531683545084e-5,6.0,0.004578983942692609,(v1+pow2(v2))
26.438014030456543,0.17076235561408626,4.0,0.0,46.0,-0.9976625853646766,true,0.02235208097518185,0.04366777135596056,1.0,(0.0133987343602056+v1),-0.9970268566410357,8.823360282529938e-5,0.03179110434461611,8.823360282529938e-5,3.0,0.00762462056293196,(0.0134+v1)
76.22552800178528,0.0,6.0,0.0,0.0,-1.0,true,0.0,0.0,0.0,sqrt_abs((pow2(v2)+pow2(v1))),-1.0,0.0,0.0,0.0,256.0,0.0,sqrt_abs((pow2(v2)+pow2(v1)))
