max_are,compl,dim_penalty,age,minus_spearman,valid,max_ae,q75_are,n_params,eqs_orig,minus_r2,mse,mare,ms_processed_e,recursive_compl,mae,eqs_orig_rounded
0.769599253972468,1.0,0,6680.0,-1.0,true,31.46175895905491,0.5653544623687768,0.0,v1,-0.23207596005128772,103.97669332875144,0.36110504409031774,103.97669332875144,2.0,4.565745478711937,v1
0.2928932188134529,3.0,0,7106.0,-1.0,true,11.973680852061008,0.29289321881345276,0.0,pow3(sqrt_abs(v1)),-0.8843021446925885,15.665456209570447,0.29289321881345254,15.665456209570447,16.0,2.0124605137166323,pow3(sqrt_abs(v1))
7.53427700464736e-16,5.0,0,7107.0,-1.0,true,2.6645352591003757e-15,4.3888347930036435e-16,1.0,sqrt_abs(pow3((1.25992104989487*v1))),-1.0,1.21040845144849e-30,2.9744051487364984e-16,1.21040845144849e-30,256.0,7.105427357601002e-16,sqrt_abs(pow3((1.26*v1)))
5.65070775348552e-16,7.0,0,6758.0,-1.0,true,8.881784197001252e-16,3.354172005123378e-16,2.0,(0.818531632940301*pow3(sqrt_abs((v1/-0.694512894408994)))),-1.0,2.1971008805569586e-31,1.9611202679704102e-16,2.1971008805569586e-31,257.0,3.164135620181696e-16,(0.819*pow3(sqrt_abs((v1/-0.695))))
7.53427700464736e-16,9.0,0,1852.0,-1.0,true,8.881784197001252e-16,3.6950016485586477e-16,3.0,(0.98547262021149*pow3((sqrt_abs((v1/-0.782855229122714))/1.00200324157359))),-1.0,1.0107280348144213e-31,2.1223828935148165e-16,1.0107280348144213e-31,513.0,1.7763568394002506e-16,(0.985*pow3((sqrt_abs((v1/-0.783))/1.0)))
7.53427700464736e-16,13.0,0,811.0,-1.0,true,8.881784197001252e-16,2.986781994906593e-16,4.0,(0.98547262021149*pow3((sqrt_abs(((v1+(3.06815543011837e-17/v1))/-0.782855229122714))/1.00200324157359))),-1.0,9.614242282381081e-32,1.7127364400994126e-16,9.614242282381081e-32,3.6893488147419103e19,1.554312234475219e-16,(0.985*pow3((sqrt_abs(((v1+(3.07e-17/v1))/-0.783))/1.0)))
