time_stamp,max_are,compl,dim_penalty,age,minus_spearman,valid,max_ae,q75_are,n_params,eqs_orig,minus_r2,mse,mare,ms_processed_e,recursive_compl,mae,eqs_orig_rounded
35.27544808387756,0.769599253972468,1.0,2.0,11920.0,-1.0,true,31.46175895905491,0.5653544623687768,0.0,v1,-0.23207596005128772,103.97669332875144,0.36110504409031774,103.97669332875144,2.0,4.565745478711937,v1
10.890261888504028,0.2928932188134529,3.0,2.5,12057.0,-1.0,true,11.973680852060998,0.2928932188134527,0.0,sqrt_abs(pow3(v1)),-0.8843021446925887,15.665456209570419,0.2928932188134525,15.665456209570419,16.0,2.012460513716631,sqrt_abs(pow3(v1))
16.658577919006348,0.7592499670479129,5.0,3.0,12044.0,-1.0,true,2.554736254482215,0.5827692521028319,0.0,(v1+sqrt_abs(pow3(v1))),-0.9923544057256206,1.0352112576607104,0.3689288688256869,1.0352112576607104,18.0,0.8081880930717797,(v1+sqrt_abs(pow3(v1)))
8.593185901641846,7.53427700464736e-16,6.0,0.0,12058.0,-1.0,true,2.6645352591003757e-15,4.3888347930036435e-16,1.0,sqrt_abs(pow3((1.25992104989487*v1))),-1.0,1.21040845144849e-30,2.9744051487364984e-16,1.21040845144849e-30,256.0,7.105427357601002e-16,sqrt_abs(pow3((1.26*v1)))
14.707901000976562,7.53427700464736e-16,8.0,0.0,12048.0,-1.0,true,1.7763568394002505e-15,5.580164479680065e-16,1.0,pow3(((1.12246204830937*v1)/sqrt_abs(v1))),-1.0,5.081373565271283e-31,3.130424395455333e-16,5.081373565271283e-31,8192.0,4.718447854656915e-16,pow3(((1.12*v1)/sqrt_abs(v1)))
221.83461999893188,7.53427700464736e-16,9.0,0.0,10446.0,-1.0,true,8.881784197001252e-16,5.580164479680065e-16,2.0,(pow3(sqrt_abs((1.31234775483292*v1)))/1.06306152717548),-1.0,1.999885654251706e-31,2.685624281070762e-16,1.999885654251706e-31,257.0,2.9420910152566647e-16,(pow3(sqrt_abs((1.31*v1)))/1.06)
326.4316189289093,6.240608098306687e-16,11.0,0.0,9650.0,-1.0,true,8.881784197001252e-16,3.8567102618512317e-16,2.0,(pow3((v1/sqrt_abs((1.15607855749711*v1))))/0.568858147888027),-1.0,1.3435287292045358e-31,1.9747764125223752e-16,1.3435287292045358e-31,131073.0,2.331468351712829e-16,(pow3((v1/sqrt_abs((1.16*v1))))/0.569)
1735.2651989459991,6.144696801231059e-16,18.0,0.0,406.0,-1.0,true,8.881784197001252e-16,2.9879892893695214e-16,3.0,(1.18606558224792*sqrt_abs(pow3(((v1-(v1+(v1+(-7.33690879013674e-17*v1))))/0.889329032939095)))),-1.0,1.2079432611196744e-31,1.9966385670304747e-16,1.2079432611196744e-31,1.7976931348623157e308,2.220446049250313e-16,(1.19*sqrt_abs(pow3(((v1-(v1+(v1+(-7.34e-17*v1))))/0.889))))
