max_are,compl,dim_penalty,age,minus_spearman,valid,max_ae,q75_are,n_params,eqs_orig,minus_r2,mse,mare,ms_processed_e,recursive_compl,mae,eqs_orig_rounded
0.769599253972468,1.0,0,7117.0,-1.0,true,31.46175895905491,0.5653544623687768,0.0,v1,-0.23207596005128772,103.97669332875144,0.36110504409031774,103.97669332875144,2.0,4.565745478711937,v1
0.2928932188134529,3.0,0,8071.0,-1.0,true,11.973680852061008,0.29289321881345276,0.0,pow3(sqrt_abs(v1)),-0.8843021446925885,15.665456209570447,0.29289321881345254,15.665456209570447,16.0,2.0124605137166323,pow3(sqrt_abs(v1))
7.53427700464736e-16,5.0,0,8072.0,-1.0,true,2.6645352591003757e-15,4.3888347930036435e-16,1.0,sqrt_abs(pow3((1.25992104989487*v1))),-1.0,1.21040845144849e-30,2.9744051487364984e-16,1.21040845144849e-30,256.0,7.105427357601002e-16,sqrt_abs(pow3((1.26*v1)))
7.53427700464736e-16,7.0,0,1012.0,-1.0,true,8.881784197001252e-16,2.779474405718074e-16,2.0,(0.82226684488962*pow3(sqrt_abs((1.4354943223202*v1)))),-1.0,2.5422275265911513e-31,2.251211121250158e-16,2.5422275265911513e-31,257.0,3.3861802251067273e-16,(0.822*pow3(sqrt_abs((1.44*v1))))
7.53427700464736e-16,9.0,0,2386.0,-1.0,true,8.881784197001252e-16,4.0439902793723e-16,2.0,(2.16186661172826*pow3(sqrt_abs(((0.246429187242378*v1)-v1)))),-1.0,1.8612186982558247e-31,2.4540966435137104e-16,1.8612186982558247e-31,4.294967297e9,2.7755575615628914e-16,(2.16*pow3(sqrt_abs(((0.246*v1)-v1))))
9.4178462558092e-16,11.0,0,3100.0,-1.0,true,1.1102230246251565e-15,3.718902358657115e-16,3.0,(1.58619405678443*pow3((v1/(0.763097938916885*sqrt_abs((v1/-0.539427414438247)))))),-1.0,1.4914401489334754e-31,2.2341134720436266e-16,1.4914401489334754e-31,524289.0,1.887379141862766e-16,(1.59*pow3((v1/(0.763*sqrt_abs((v1/-0.539))))))
7.773135030054164e-16,13.0,0,2956.0,-1.0,true,6.661338147750939e-16,5.26214694865265e-16,4.0,(1.58619405678443*pow3((v1/(0.763097938916885*sqrt_abs(((-7.67914069996676e-17-v1)/-0.539427414438247)))))),-1.0,1.0631133293017542e-31,2.710615094726292e-16,1.0631133293017542e-31,3.4359738369e10,2.0539125955565397e-16,(1.59*pow3((v1/(0.763*sqrt_abs(((-7.68e-17-v1)/-0.539))))))
6.465539580415853e-16,15.0,0,3004.0,-1.0,true,6.661338147750939e-16,5.26214694865265e-16,4.0,(1.58619405678443*pow3((v1/(0.763097938916885*sqrt_abs((((-7.67914069996676e-17*v1)-v1)/-0.539427414438247)))))),-1.0,7.672904898438747e-32,2.24533199663621e-16,7.672904898438747e-32,2.722258935367508e39,1.609823385706477e-16,(1.59*pow3((v1/(0.763*sqrt_abs((((-7.68e-17*v1)-v1)/-0.539))))))
