time,generation,mean age hall_of_fame,mean compl,mean recursive_compl,mean n_params,min mae,min mse,min max_ae,min minus_r2,min mare,min q75_are,min max_are,min ms_processed_e,min minus_spearman,max penalty
17.332770824432373,1.0,0.0,9.166666666666666,24705.333333333332,1.5,0.0016327406859278604,5.338991000202473e-6,0.01248523051019244,-0.9998200959143961,0.007387949381792225,0.004953432256429462,0.1248523051019244,5.338991000202473e-6,-0.9997852214490439,0.0
24.12715482711792,5.0,2.2857142857142856,6.714285714285714,2363.4285714285716,1.2857142857142858,0.0016327406859278604,5.338991000202473e-6,0.01248523051019244,-0.9998200959143961,0.007387949381792225,0.004953432256429462,0.1248523051019244,5.338991000202473e-6,-0.9997852214490439,0.0
29.73377799987793,10.0,3.375,8.0,18482.125,1.5,1.7053769160946586e-14,4.432768802831764e-28,4.8933079810353775e-14,-1.0,6.977724247723632e-14,9.176945461181181e-14,3.733514537979493e-13,4.432768802831764e-28,-0.9999972464295643,0.0
