max_are,compl,dim_penalty,age,minus_spearman,valid,max_ae,q75_are,n_params,eqs_orig,minus_r2,mse,mare,ms_processed_e,recursive_compl,mae,eqs_orig_rounded
0.182885451425188,1.0,0,3118.0,100.0,true,2.2256798411586924,0.14405575714292593,1.0,13.1539457117492,0.02866165098513851,1.8707952363909675,0.09222053020194075,1.8707952363909675,1.0,1.1738853988736555,13.2
0.017778325563388257,4.0,0,2055.0,-1.0,true,0.24905865141637662,0.015323760339939315,1.0,log((8.26398514268873e6/v1)),-0.9889604697782959,0.020077253323266462,0.00939881115987176,0.020077253323266462,8.0,0.12095456899811395,log((8.26e6/v1))
4.2683845591343105e-15,6.0,0,2184.0,-1.0,true,4.973799150320701e-14,2.9212555031463217e-15,2.0,(15.65-(log(v1)/1.10488728070732)),-1.0,9.904452073090272e-28,2.247052958352008e-15,9.904452073090272e-28,6.0,2.862667368110404e-14,(15.6-(log(v1)/1.1))
4.2683845591343105e-15,7.0,0,4808.0,-1.0,true,4.796163466380676e-14,2.9212555031463217e-15,2.0,(15.65-(0.452534850143187*log(pow2(v1)))),-1.0,9.819497821758779e-28,2.2470588659972035e-15,9.819497821758779e-28,18.0,2.862667368110404e-14,(15.6-(0.453*log(pow2(v1))))
4.1102962421293356e-15,9.0,0,1950.0,-1.0,true,4.973799150320701e-14,2.808398214716589e-15,3.0,(0.834776148258268*(18.7475409217827-(log(pow2(v1))/1.84466709689681))),-1.0,9.775807063931154e-28,2.255948037377025e-15,9.775807063931154e-28,19.0,2.876331651490406e-14,(0.835*(18.7-(log(pow2(v1))/1.84)))
4.573115800168315e-15,10.0,0,336.0,-1.0,true,5.5067062021407764e-14,2.629406836076384e-15,3.0,(11.1299378102269+(-0.905069700286373*log(((1.00677741701073*v1)-v1)))),-1.0,8.369207388313996e-28,2.0269920264442e-15,8.369207388313996e-28,34.0,2.582549558820364e-14,(11.1+(-0.905*log(((1.01*v1)-v1))))
3.835516477560522e-15,11.0,0,2329.0,-1.0,true,4.796163466380676e-14,2.4900929048226353e-15,3.0,(11.3783866149104-(0.301689900095458*log(pow3(((1.00891828783749*v1)-v1))))),-1.0,8.274544079687474e-28,2.083516741846614e-15,8.274544079687474e-28,4.294967298e9,2.6508709757203738e-14,(11.4-(0.302*log(pow3(((1.01*v1)-v1)))))
4.720635664689874e-15,12.0,0,2846.0,-1.0,true,5.684341886080802e-14,2.0730458853927935e-15,3.0,(12.6186186116543+(-0.452534850143186*log((v1*(v1-(0.998767449251834*v1)))))),-1.0,5.687080310562556e-28,1.6502294145094972e-15,5.687080310562556e-28,2050.0,2.1316282072803006e-14,(12.6+(-0.453*log((v1*(v1-(0.999*v1))))))
