max_are,compl,dim_penalty,age,minus_spearman,valid,max_ae,q75_are,n_params,eqs_orig,minus_r2,mse,mare,ms_processed_e,recursive_compl,mae,eqs_orig_rounded
0.769599253972468,1.0,0,5950.0,-1.0,true,31.46175895905491,0.5653544623687768,0.0,v1,-0.23207596005128772,103.97669332875144,0.36110504409031774,103.97669332875144,2.0,4.565745478711937,v1
3.0597569195221075,3.0,0,6550.0,-1.0,true,4.537146882538288,2.378795608088107,1.0,(v1/0.259164084628303),-0.9243595056211165,10.241701103397665,1.5276506262109195,10.241701103397665,3.0,2.9485791421493985,(v1/0.259)
0.7761581244640668,4.0,0,6424.0,-1.0,true,3.2276263229717577,0.7308514708413241,1.0,(0.47102740811112*pow2(v1)),-0.9756725660982248,3.293927527583695,0.5546527385271778,3.293927527583695,5.0,1.4562920554324688,(0.471*pow2(v1))
7.53427700464736e-16,5.0,0,6602.0,-1.0,true,2.6645352591003757e-15,4.3888347930036435e-16,1.0,sqrt_abs(pow3((1.25992104989487*v1))),-1.0,1.21040845144849e-30,2.9744051487364984e-16,1.21040845144849e-30,256.0,7.105427357601002e-16,sqrt_abs(pow3((1.26*v1)))
5.65070775348552e-16,7.0,0,3264.0,-1.0,true,8.881784197001252e-16,3.720109653120044e-16,2.0,(0.539823072064148*pow3(sqrt_abs((v1/0.526208222061084)))),-1.0,1.4544622940012406e-31,2.0731635846389302e-16,1.4544622940012406e-31,257.0,2.4424906541753446e-16,(0.54*pow3(sqrt_abs((v1/0.526))))
5.65070775348552e-16,12.0,0,3106.0,-1.0,true,8.881784197001252e-16,3.8524244129038655e-16,2.0,(log(exp((-0.160738299936049*v1)))/(-0.113659141881177/(v1/sqrt_abs(v1)))),-1.0,1.4298103907130839e-31,2.2387938486555903e-16,1.4298103907130839e-31,2561.0,2.4424906541753446e-16,(log(exp((-0.161*v1)))/(-0.114/(v1/sqrt_abs(v1))))
4.680456073730015e-16,13.0,0,2664.0,-1.0,true,8.881784197001252e-16,2.5898377155551265e-16,4.0,(0.539823072064148*pow3(sqrt_abs((((-2.5644454386032498e-18/(0.87709096255315-v1))-v1)/0.526208222061084)))),-1.0,1.0107280348144213e-31,1.508092809290378e-16,1.0107280348144213e-31,3.402823669209385e38,1.7763568394002506e-16,(0.54*pow3(sqrt_abs((((-2.56e-18/(0.877-v1))-v1)/0.526))))
4.0964645341540396e-16,14.0,0,2342.0,-1.0,true,4.440892098500626e-16,2.3296998802689235e-16,4.0,(0.096859973223505*pow3(sqrt_abs((((1.69749423267529e-17/log((0.402777535683694*v1)))-v1)/-0.167399014871503)))),-1.0,2.7117093616972283e-32,1.2009970893220732e-16,2.7117093616972283e-32,1.7976931348623157e308,8.881784197001253e-17,(0.0969*pow3(sqrt_abs((((1.7e-17/log((0.403*v1)))-v1)/-0.167))))
