max_are,compl,dim_penalty,age,minus_spearman,valid,max_ae,q75_are,n_params,eqs_orig,minus_r2,mse,mare,ms_processed_e,recursive_compl,mae,eqs_orig_rounded
0.16677812252969648,1.0,0,5755.0,100.0,true,2.4047968719728843,0.14343064078547887,1.0,12.974828680935,0.0013306865376472299,1.8210892538209258,0.08940017966344226,1.8210892538209258,1.0,1.1531862412910767,13.0
0.017492335240201613,4.0,0,5205.0,-1.0,true,0.25223892654846836,0.015043492744768128,1.0,(15.9305977670767-log(v1)),-0.9889840548596309,0.020034359862847125,0.009376898179347717,0.020034359862847125,5.0,0.12095456899811409,(15.9-log(v1))
4.2683845591343105e-15,6.0,0,5671.0,-1.0,true,4.973799150320701e-14,2.9212555031463217e-15,2.0,(15.65+(-0.905069700286375*log(v1))),-1.0,9.904452073090272e-28,2.247052958352008e-15,9.904452073090272e-28,6.0,2.862667368110404e-14,(15.6+(-0.905*log(v1)))
4.2683845591343105e-15,7.0,0,1871.0,-1.0,true,4.796163466380676e-14,2.9212555031463217e-15,2.0,(15.65+(-0.452534850143187*log(pow2(v1)))),-1.0,9.819497821758779e-28,2.2470588659972035e-15,9.819497821758779e-28,18.0,2.862667368110404e-14,(15.6+(-0.453*log(pow2(v1))))
3.9522079251243615e-15,8.0,0,2797.0,-1.0,true,5.1514348342607263e-14,2.750080465762055e-15,3.0,(1.61859466718027*(9.66888147930426+(-0.559170074286159*log(v1)))),-1.0,9.719979984484744e-28,2.2434886267884963e-15,9.719979984484744e-28,7.0,2.862667368110404e-14,(1.62*(9.67+(-0.559*log(v1))))
4.008115476198483e-15,10.0,0,1.0,-1.0,true,6.039613253960852e-14,2.7111713480110142e-15,3.0,(-0.905069700286376*log((1.1035389383876e-5*(v1+(-0.997197049622896*v1))))),-1.0,8.528193201520077e-28,1.8579090518873687e-15,8.528193201520077e-28,65.0,2.41174601657034e-14,(-0.905*log((1.1e-5*(v1+(-0.997*v1)))))
3.530803277809147e-15,12.0,0,2691.0,-1.0,true,4.796163466380676e-14,2.4799076555186233e-15,3.0,(14.1996556367159+(-0.905069700286375*log((v1*((0.201399045176847+v1)-v1))))),-1.0,7.3606790617929795e-28,1.8104467715402906e-15,7.3606790617929795e-28,2050.0,2.3570888830503325e-14,(14.2+(-0.905*log((v1*((0.201+v1)-v1)))))
3.245437019474288e-15,13.0,0,519.0,-1.0,true,4.618527782440651e-14,2.5857581197739215e-15,3.0,(14.3626505986139+(log((v1*pow3(((0.622429240818141+v1)-v1))))/-1.10488728070732)),-1.0,6.704104062216722e-28,1.7180383958920259e-15,6.704104062216722e-28,3.6893488147419103e19,2.240942474320316e-14,(14.4+(log((v1*pow3(((0.622+v1)-v1))))/-1.1))
