time,generation,mean age hall_of_fame,mean compl,mean recursive_compl,mean n_params,min mae,min mse,min max_ae,min minus_r2,min mare,min q75_are,min max_are,min ms_processed_e,min minus_spearman,max penalty
11.427565813064575,1.0,0.0,5.0,43776.0,0.3333333333333333,0.007626832956962231,8.817426906366332e-5,0.022217124939335253,-0.997028855967525,0.031812958604067146,0.04416300503369495,0.16948304051466362,8.817426906366332e-5,-0.9976624626976136,3.0
17.055619955062866,8.0,2.857142857142857,7.857142857142857,45.857142857142854,1.4285714285714286,0.0031449234208811025,1.982792742803752e-5,0.014262541613800403,-0.9993318727914645,0.015927879754937244,0.012484077990619263,0.1352016953389396,1.982792742803752e-5,-0.9997238475767065,3.0
22.239693880081177,16.0,5.363636363636363,11.0,12.363636363636363,1.8181818181818181,0.0030676685256045893,1.8915773167280424e-5,0.014262541613800403,-0.9993626089882862,0.015927879754937244,0.01232404297395603,0.1352016953389396,1.8915773167280424e-5,-0.9997241533934186,3.0
27.32548689842224,22.0,6.875,7.875,2.097159125e6,1.25,6.563636893645064e-5,6.689975614811144e-9,0.00021629311059040424,-0.9999997745727712,0.00022749487766673027,0.00028734505032810203,0.0009020985964065809,6.689975614811144e-9,-0.9999564323717681,3.0
32.602521896362305,31.0,5.142857142857143,8.714285714285714,2.9959361428571427e6,1.2857142857142858,6.560878086585543e-5,6.6899287053831494e-9,0.00021629310953080738,-0.9999997745743519,0.00022721899651120098,0.0002873450516563546,0.0009020989250526495,6.6899287053831494e-9,-0.9999568607078447,2.0
