time_stamp,max_are,compl,dim_penalty,age,minus_spearman,valid,max_ae,q75_are,n_params,eqs_orig,minus_r2,mse,mare,ms_processed_e,recursive_compl,mae,eqs_orig_rounded
14.294927835464478,3.8363966817362916,2.0,0.0,0.0,100.0,true,0.38363966817362916,0.5069359551600822,1.0,0.383639668173629,0.0007322398400566588,0.029698605255039402,0.6658512665451586,0.029698605255039402,1.0,0.1450014356023599,0.384
14.178514957427979,0.29777559420425986,3.0,0.0,0.0,-0.9976633196502763,true,0.03575081533538746,0.0586848535320886,0.0,sqrt_abs(pow2(v1)),-0.9907180686703486,0.00027545871271995523,0.04792381044229276,0.00027545871271995523,16.0,0.013686038639562309,sqrt_abs(pow2(v1))
14.032562971115112,0.4313858675728238,6.0,0.0,0.0,-0.9976608655929071,true,0.04313858675728238,0.060080906277243135,1.0,sqrt_abs((0.00186093766741558+pow2(v1))),-0.9916855141494785,0.00024674795449051935,0.05185765220250918,0.00024674795449051935,32.0,0.012783116912315932,sqrt_abs((0.00186+pow2(v1)))
14.029284000396729,0.0,7.0,0.0,0.0,-1.0,true,0.0,0.0,0.0,sqrt_abs((pow2(v1)+(v2*v2))),-1.0,0.0,0.0,0.0,512.0,0.0,sqrt_abs((pow2(v1)+(v2*v2)))
