max_are,compl,dim_penalty,age,minus_spearman,valid,max_ae,q75_are,n_params,eqs_orig,minus_r2,mse,mare,ms_processed_e,recursive_compl,mae,eqs_orig_rounded
0.17058355478432033,1.0,0,4416.0,100.0,true,2.362479630496331,0.14715992552038315,1.0,13.0171459224116,0.004604664381646195,1.8270435364062023,0.08970892772728835,1.8270435364062023,1.0,1.1534097022620435,13.0
0.01688977135206122,4.0,0,284.0,-1.0,true,0.2597583590689325,0.01438082892417748,1.0,log((8.35288210541361e6/v1)),-0.9889955805584882,0.0200133984296122,0.009325087197112204,0.0200133984296122,8.0,0.12095456899811402,log((8.35e6/v1))
4.2683845591343105e-15,6.0,0,5780.0,-1.0,true,4.796163466380676e-14,2.9212555031463217e-15,2.0,(15.65+(-0.905069700286375*log(v1))),-1.0,9.819497821758779e-28,2.2470588659972035e-15,9.819497821758779e-28,6.0,2.862667368110404e-14,(15.6+(-0.905*log(v1)))
4.4264728761392846e-15,7.0,0,5598.0,-1.0,true,4.973799150320701e-14,2.859657705363306e-15,2.0,(-0.301689900095458*log(pow3((3.09316488350211e-8*v1)))),-1.0,9.796438810683088e-28,2.2533186715885217e-15,9.796438810683088e-28,257.0,2.8694995098004045e-14,(-0.302*log(pow3((3.09e-8*v1))))
3.9522079251243615e-15,8.0,0,3665.0,-1.0,true,4.973799150320701e-14,2.751749128018354e-15,3.0,((5.93703265531136-(0.343350055331187*log(v1)))/0.379363108965582),-1.0,9.690852812599661e-28,2.2248031721412564e-15,9.690852812599661e-28,7.0,2.8353388013503998e-14,((5.94-(0.343*log(v1)))/0.379)
3.9614360484190185e-15,10.0,0,675.0,-1.0,true,4.973799150320701e-14,2.368061872160106e-15,3.0,(10.5535727479015+(-0.905069700286374*log((v1+(-0.996414931321365*v1))))),-1.0,6.648276982770311e-28,1.6598123239516254e-15,6.648276982770311e-28,34.0,2.1179639239002987e-14,(10.6+(-0.905*log((v1+(-0.996*v1)))))
3.530803277809147e-15,15.0,0,766.0,-1.0,true,4.796163466380676e-14,2.3251822672324847e-15,4.0,(((-0.118017375550663*log(pow2(v1)))+((4.48985769441452+v1)-(0.408466113670007+v1)))/0.260791794296774),-1.0,6.194378554227761e-28,1.590479271957876e-15,6.194378554227761e-28,24.0,2.090635357140295e-14,(((-0.118*log(pow2(v1)))+((4.49+v1)-(0.408+v1)))/0.261)
