max_are,compl,dim_penalty,age,minus_spearman,valid,max_ae,q75_are,n_params,eqs_orig,minus_r2,mse,mare,ms_processed_e,recursive_compl,mae,eqs_orig_rounded
5.363830240180275,1.0,0,4467.0,-0.8451542547285166,true,2.439146542218444,1.814999576697047,1.0,0.536383024018028,0.08048191533898907,1.7186589129940526,1.5418473872084009,1.7186589129940526,1.0,1.094919343570776,0.536
1.0237831390381482,4.0,0,4912.0,-1.0,true,1.1855107204200483,0.8999790921399036,1.0,exp((-4.76970882630359+v1)),-0.6407286741638001,0.5714717271670879,0.6597456934306247,0.5714717271670879,8.0,0.6558616336298722,exp((-4.77+v1))
1.4316724826320097,5.0,0,5310.0,-1.0,true,0.644853639642935,0.5616159274090757,1.0,(v1/(7.98483774837653-v1)),-0.9083158674708084,0.14583654692821585,0.48730297161642494,0.14583654692821585,7.0,0.3073679318549776,(v1/(7.98-v1))
1.2255814070547677,6.0,0,2929.0,-1.0,true,0.22899337342045156,0.335602793756013,2.0,(exp((v1/4.21378314251018))-1.14528410529461),-0.983830871200433,0.025719280380557,0.30387103809622046,0.025719280380557,9.0,0.14029391881568515,(exp((v1/4.21))-1.15)
0.6376547473762463,8.0,0,517.0,-1.0,true,0.10478854953576722,0.14651943598472397,2.0,log((sqrt_abs((exp(v1)--5.95782282051126))-2.0072978030021)),-0.9960440745830054,0.006292457449345157,0.16032423089928358,0.006292457449345157,8.589934592e9,0.07452072677400673,log((sqrt_abs((exp(v1)--5.96))-2.01))
2.2204460492503127e-15,9.0,0,1074.0,-1.0,true,6.661338147750939e-16,6.246520966280442e-16,3.0,log((0.4+(0.3*exp((0.693147180559945*v1))))),-1.0,1.2402988841853799e-31,5.786325071265946e-16,1.2402988841853799e-31,1024.0,2.7755575615628914e-16,log((0.4+(0.3*exp((0.693*v1)))))
1.1102230246251565e-15,10.0,0,2025.0,-1.0,true,1.1102230246251565e-16,0.0,3.0,log((pow3((0.66943295008217/exp((-0.231049060186648*v1))))--0.4)),-1.0,1.5407439555097887e-33,1.3877787807814457e-16,1.5407439555097887e-33,2.6815615859885194e154,1.3877787807814457e-17,log((pow3((0.669/exp((-0.231*v1))))--0.4))
