time_stamp,max_are,compl,dim_penalty,age,minus_spearman,valid,max_ae,q75_are,n_params,eqs_orig,minus_r2,mse,mare,ms_processed_e,recursive_compl,mae,eqs_orig_rounded
12.064800024032593,3.8150789979091164,2.0,0.0,1.0,-0.01276879352845558,true,0.38150789979091165,0.4985623726281096,1.0,0.381507899790912,0.00021565912860865843,0.029683274754011363,0.6627867045482518,0.029683274754011363,1.0,0.1451399734572054,0.382
12.06118392944336,0.29777559420425986,3.0,0.0,1.0,-0.9976633196502763,true,0.03575081533538746,0.0586848535320886,0.0,sqrt_abs(pow2(v1)),-0.9907180686703486,0.00027545871271995523,0.04792381044229276,0.00027545871271995523,16.0,0.013686038639562309,sqrt_abs(pow2(v1))
12.200625896453857,0.17160206181757603,6.0,0.0,0.0,-0.9976625853646766,true,0.022440662295413194,0.043342713993971965,1.0,sqrt_abs(pow2((0.0133101530399743+v1))),-0.9970248771120017,8.829234906034031e-5,0.03177958951581838,8.829234906034031e-5,256.0,0.0076247370273723625,sqrt_abs(pow2((0.0133+v1)))
13.505491971969604,0.0,7.0,0.0,0.0,-1.0,true,0.0,0.0,0.0,sqrt_abs((pow2(v1)+(v2*v2))),-1.0,0.0,0.0,0.0,512.0,0.0,sqrt_abs((pow2(v1)+(v2*v2)))
