time,generation,mean age hall_of_fame,mean compl,mean recursive_compl,mean n_params,min mae,min mse,min max_ae,min minus_r2,min mare,min q75_are,min max_are,min ms_processed_e,min minus_spearman,max penalty
13.303913116455078,1.0,0.0,5.666666666666667,43737.166666666664,0.3333333333333333,0.00759132825611534,8.732142415636578e-5,0.022052028596559747,-0.997057593660322,0.031717115458619424,0.044485644960329876,0.16798889224910213,8.732142415636578e-5,-0.9976626464120878,5.0
