time_stamp,max_are,compl,dim_penalty,age,minus_spearman,valid,max_ae,q75_are,n_params,eqs_orig,minus_r2,mse,mare,ms_processed_e,recursive_compl,mae,eqs_orig_rounded
14.383732080459595,3.730176335368586,2.0,0.0,0.0,-0.15645120233322984,true,0.37301763353685863,0.4652126214200976,1.0,0.373017633536859,0.0011971167804698535,0.029712401349734737,0.6512405316089831,0.029712401349734737,1.0,0.14594232337676982,0.373
14.299071073532104,0.29777559420425986,3.0,0.0,0.0,-0.9976633196502763,true,0.03575081533538746,0.0586848535320886,0.0,sqrt_abs(pow2(v1)),-0.9907180686703486,0.00027545871271995523,0.04792381044229276,0.00027545871271995523,16.0,0.013686038639562309,sqrt_abs(pow2(v1))
10.353790998458862,0.16798889224910213,6.0,0.0,1.0,-0.9976626464120878,true,0.022059505970421195,0.04474140244412845,1.0,sqrt_abs(pow2((-0.0136913093649663-v1))),-0.9970296371214376,8.815108685690877e-5,0.031844530999850504,8.815108685690877e-5,256.0,0.007632836166248657,sqrt_abs(pow2((-0.0137-v1)))
14.417858123779297,0.0,8.0,0.0,0.0,-1.0,true,0.0,0.0,0.0,sqrt_abs(((v2*v2)+(v1*v1))),-1.0,0.0,0.0,0.0,1024.0,0.0,sqrt_abs(((v2*v2)+(v1*v1)))
