max_are,compl,dim_penalty,age,minus_spearman,valid,max_ae,q75_are,n_params,eqs_orig,minus_r2,mse,mare,ms_processed_e,recursive_compl,mae,eqs_orig_rounded
0.17536225029060368,1.0,0,6968.0,100.0,true,2.309339488154656,0.1459260118006409,1.0,13.0702860647532,0.011505175463640827,1.8395932832043798,0.09038917272865639,1.8395932832043798,1.0,1.1574974055190954,13.1
0.01706304726117204,4.0,0,7127.0,-1.0,true,0.2570127030490248,0.014622794910736878,1.0,log((8.32997942021294e6/v1)),-0.9889985790485138,0.020007945168230488,0.009344005531027055,0.020007945168230488,8.0,0.12095456899811402,log((8.33e6/v1))
4.2683845591343105e-15,6.0,0,4036.0,-1.0,true,4.796163466380676e-14,2.9212555031463217e-15,2.0,((-0.905069700286375*log(v1))--15.65),-1.0,9.819497821758779e-28,2.2470588659972035e-15,9.819497821758779e-28,6.0,2.862667368110404e-14,((-0.905*log(v1))--15.6)
3.9522079251243615e-15,8.0,0,5120.0,-1.0,true,4.973799150320701e-14,2.672544482763662e-15,2.0,(-0.603379800190918*log(pow3((0.000175873957239332*sqrt_abs(v1))))),-1.0,9.687211916114025e-28,2.219206571412148e-15,9.687211916114025e-28,4.294967297e9,2.828506659660399e-14,(-0.603*log(pow3((0.000176*sqrt_abs(v1)))))
4.2780760711251975e-15,10.0,0,226.0,-1.0,true,5.1514348342607263e-14,2.760444877935272e-15,3.0,(-0.905069700286376*log((3.87789565291934e-6*(v1+(-0.992023599497388*v1))))),-1.0,8.09492651972946e-28,1.9953434946870683e-15,8.09492651972946e-28,65.0,2.5415567086803585e-14,(-0.905*log((3.88e-6*(v1+(-0.992*v1)))))
4.074003782087477e-15,11.0,0,2273.0,-1.0,true,5.3290705182007514e-14,2.6652744307828403e-15,3.0,(-1.81013940057275*log((0.00316882331413203*sqrt_abs(((0.996919600659837*v1)-v1))))),-1.0,6.768426566796281e-28,1.7376911203188245e-15,6.768426566796281e-28,8.589934593e9,2.1931174824903093e-14,(-1.81*log((0.00317*sqrt_abs(((0.997*v1)-v1)))))
