time_stamp,max_are,compl,dim_penalty,age,minus_spearman,valid,max_ae,q75_are,n_params,eqs_orig,minus_r2,mse,mare,ms_processed_e,recursive_compl,mae,eqs_orig_rounded
20.915267944335938,3.7790566797583036,2.0,0.0,1.0,100.0,true,0.37790566797583036,0.48441281226901034,1.0,0.37790566797583,3.875154819943383e-5,0.029678024689920257,0.6577683776425376,0.029678024689920257,1.0,0.1454352383600809,0.378
13.592148780822754,0.29777559420425986,3.0,0.0,8.0,-0.9976633196502763,true,0.03575081533538746,0.0586848535320886,0.0,sqrt_abs(pow2(v1)),-0.9907180686703486,0.00027545871271995523,0.04792381044229276,0.00027545871271995523,16.0,0.013686038639562309,sqrt_abs(pow2(v1))
15.639782905578613,0.17018949118660595,4.0,0.0,7.0,-0.9976626464120878,true,0.02229164902042327,0.043889532013200026,1.0,(0.0134591663149642+v1),-0.997027903675052,8.820253012803105e-5,0.03180089046207384,8.820253012803105e-5,3.0,0.007625611250714878,(0.0135+v1)
19.46416687965393,0.17018949046334286,6.0,0.0,5.0,-0.9976625853646766,true,0.022291648944125636,0.04388953229318127,1.0,sqrt_abs(pow2((0.0134591663912618+v1))),-0.9970279036762185,8.82025300934116e-5,0.03180089047442922,8.82025300934116e-5,256.0,0.00762561125196567,sqrt_abs(pow2((0.0135+v1)))
21.60062885284424,0.0,7.0,0.0,0.0,-1.0,true,0.0,0.0,0.0,sqrt_abs((pow2(v2)+(v1*v1))),-1.0,0.0,0.0,0.0,512.0,0.0,sqrt_abs((pow2(v2)+(v1*v1)))
