time,generation,mean age hall_of_fame,mean compl,mean recursive_compl,mean n_params,min mae,min mse,min max_ae,min minus_r2,min mare,min q75_are,min max_are,min ms_processed_e,min minus_spearman,max penalty
12.378152847290039,1.0,0.0,5.5,32896.0,0.5,0.0076256112507665915,8.820253012659965e-5,0.022291649017268683,-0.9970279036751002,0.031800890462584684,0.04388953202477608,0.17018949115670218,8.820253012659965e-5,-0.9976633196502763,0.0
19.18084979057312,4.0,1.3333333333333333,6.0,390.3333333333333,1.1666666666666667,0.007344977411692839,8.443342281707623e-5,0.021212885767406542,-0.9971549085350142,0.028700097532456056,0.03856019314788633,0.15574163603548466,8.443342281707623e-5,-0.9976633196502763,0.0
