max_are,compl,dim_penalty,age,minus_spearman,valid,max_ae,q75_are,n_params,eqs_orig,minus_r2,mse,mare,ms_processed_e,recursive_compl,mae,eqs_orig_rounded
6.963303217518326,1.0,0,960.0,-0.10910894511799618,true,2.279199244484639,2.0580292292210736,1.0,0.696330321751833,0.0246089665656275,1.6297851058147157,1.8152476542782898,1.6297851058147157,1.0,1.0949193435707762,0.696
11.340861597419726,4.0,0,943.0,-1.0,true,1.3566749439387324,2.253271748745701,1.0,exp((0.125827181027774*v1)),-0.5506884475759776,0.7146934097850841,2.346407905344525,0.7146934097850841,8.0,0.7415382998836695,exp((0.126*v1))
3.258633966438272,5.0,0,940.0,-1.0,true,0.9942992953912748,1.1385337996832563,1.0,sqrt_abs(exp((-3.24255402826481+v1))),-0.8182023522662047,0.2891748054302353,0.8236995356165958,0.2891748054302353,256.0,0.411917211034899,sqrt_abs(exp((-3.24+v1)))
1.5424156293862268,6.0,0,950.0,-1.0,true,0.3613754716774502,0.3336913836957597,2.0,(exp((0.249413120121115*v1))-1.12903050615198),-0.9793729813574522,0.03281018306297798,0.3426142003204199,0.03281018306297798,9.0,0.14542619568227416,(exp((0.249*v1))-1.13)
2.2204460492503127e-15,9.0,0,541.0,-1.0,true,1.7763568394002505e-15,1.0026737352197324e-15,3.0,log((0.399999999999999+(0.300000000000001*exp((0.693147180559945*v1))))),-1.0,8.643573590409915e-31,7.303287530342979e-16,8.643573590409915e-31,1024.0,6.800116025829084e-16,log((0.4+(0.3*exp((0.693*v1)))))
1.5751440910688241e-15,11.0,0,316.0,-1.0,true,1.4432899320127035e-15,2.9388822802536914e-16,4.0,log((0.399999999999999+exp(((-0.00145444739803546-(-0.000837349572680305*v1))/0.00120804007599637)))),-1.0,2.7155612215860026e-31,3.117402865868001e-16,2.7155612215860026e-31,8.589934592e9,2.42861286636753e-16,log((0.4+exp(((-0.00145-(-0.000837*v1))/0.00121))))
2.2204460492503127e-15,12.0,0,279.0,-1.0,true,8.881784197001252e-16,6.852345616691528e-16,4.0,log((0.4+pow2(exp(((-0.00157402985373902-(-0.000906195182579078*v1))/0.00261472659196861))))),-1.0,1.4521511780679758e-31,5.432876265355389e-16,1.4521511780679758e-31,1.7976931348623157e308,2.5673907444456745e-16,log((0.4+pow2(exp(((-0.00157-(-0.000906*v1))/0.00261)))))
0.0,13.0,0,0.0,-1.0,true,0.0,0.0,5.0,log(((0.077251798977701+exp(((-0.0611740486049-(-0.0148866410500727*v1))/0.0214768832184339)))/0.193129497444253)),-1.0,0.0,0.0,0.0,1.7179869184e10,0.0,log(((0.0773+exp(((-0.0612-(-0.0149*v1))/0.0215)))/0.193))
