max_are,compl,dim_penalty,age,minus_spearman,valid,max_ae,q75_are,n_params,eqs_orig,minus_r2,mse,mare,ms_processed_e,recursive_compl,mae,eqs_orig_rounded
0.769599253972468,1.0,0,5560.0,-1.0,true,31.46175895905491,0.5653544623687768,0.0,v1,-0.23207596005128772,103.97669332875144,0.36110504409031774,103.97669332875144,2.0,4.565745478711937,v1
3.0420926010969263,3.0,0,4341.0,-1.0,true,4.6952805271187685,2.3640942053445415,1.0,(v1/0.260296655642139),-0.9244799216575088,10.225396806831219,1.5175228371193497,10.225396806831219,3.0,2.9414285442094092,(v1/0.26)
0.7761553583961673,4.0,0,255.0,-1.0,true,3.22756879934309,0.7308481449082076,1.0,pow2((0.686318605831216*v1)),-0.9756725664109321,3.293927485243217,0.5546497067120513,3.293927485243217,8.0,1.4563261794923776,pow2((0.686*v1))
7.53427700464736e-16,5.0,0,7807.0,-1.0,true,2.6645352591003757e-15,4.3888347930036435e-16,1.0,sqrt_abs(pow3((1.25992104989487*v1))),-1.0,1.21040845144849e-30,2.9744051487364984e-16,1.21040845144849e-30,256.0,7.105427357601002e-16,sqrt_abs(pow3((1.26*v1)))
4.0964645341540396e-16,7.0,0,4528.0,-1.0,true,8.881784197001252e-16,2.9879892893695214e-16,2.0,(0.257822069844365*pow3(sqrt_abs((v1/-0.321516596029212)))),-1.0,1.1463135028992829e-31,1.7918153403227724e-16,1.1463135028992829e-31,257.0,2.1094237467877973e-16,(0.258*pow3(sqrt_abs((v1/-0.322))))
8.192929068308079e-16,11.0,0,602.0,-1.0,true,5.551115123125783e-16,4.452126680878431e-16,3.0,(pow3(sqrt_abs(((v1+(-6.81236136615326e-17+v1))/1.51859874361328)))/1.06872370222764),-1.0,8.135128085091684e-32,2.311813616940691e-16,8.135128085091684e-32,1.8446744073709552e19,1.7763568394002506e-16,(pow3(sqrt_abs(((v1+(-6.81e-17+v1))/1.52)))/1.07)
4.680456073730015e-16,13.0,0,481.0,-1.0,true,4.440892098500626e-16,3.473115129247274e-16,3.0,(pow3(sqrt_abs(((v1+(v1+(-6.81236136615326e-17*v1)))/1.51859874361328)))/1.06872370222764),-1.0,4.067564042545842e-32,1.5135104120225789e-16,4.067564042545842e-32,1.157920892373162e77,1.2212453270876723e-16,(pow3(sqrt_abs(((v1+(v1+(-6.81e-17*v1)))/1.52)))/1.07)
4.680456073730015e-16,15.0,0,643.0,-1.0,true,4.440892098500626e-16,3.149234502995017e-16,4.0,(pow3(sqrt_abs(((v1+(v1+(-1.14111993499e-17/(v1-0.873353844219607))))/1.51859874361328)))/1.06872370222764),-1.0,3.697785493223493e-32,1.383958161521676e-16,3.697785493223493e-32,1.3407807929942597e154,1.1102230246251565e-16,(pow3(sqrt_abs(((v1+(v1+(-1.14e-17/(v1-0.873))))/1.52)))/1.07)
