time_stamp,max_are,compl,dim_penalty,age,minus_spearman,valid,max_ae,q75_are,n_params,eqs_orig,minus_r2,mse,mare,ms_processed_e,recursive_compl,mae,eqs_orig_rounded
16.785235166549683,3.78742069971476,2.0,0.0,9.0,-0.01276879352845558,true,0.378742069971476,0.48769819786588164,1.0,0.378742069971476,1.8765902747297503e-6,0.029676930356415644,0.6589335826749201,0.029676930356415644,1.0,0.1453666808194542,0.379
16.865636110305786,0.29777559420425986,3.0,0.0,9.0,-0.9976633196502763,true,0.03575081533538746,0.0586848535320886,0.0,sqrt_abs(pow2(v1)),-0.9907180686703486,0.00027545871271995523,0.04792381044229276,0.00027545871271995523,16.0,0.013686038639562309,sqrt_abs(pow2(v1))
24.032283067703247,0.16765736229768424,4.0,0.0,1.0,-0.9976626464120878,true,0.022024532594410895,0.04486974048781585,1.0,(v1--0.0137262827409766),-0.9970295834834729,8.815267866406122e-5,0.031853064631628646,8.815267866406122e-5,3.0,0.007634938391036165,(v1--0.0137)
24.501845121383667,0.24430429947079627,4.0,3.0,0.0,-0.9997240923553904,true,0.025771867940690155,0.023169620337597466,0.0,(v1+pow2(v2)),-0.9980811142572722,5.6946531683545084e-5,0.02323918302445712,5.6946531683545084e-5,6.0,0.004578983942692609,(v1+pow2(v2))
23.70718216896057,0.2443042994707964,6.0,3.0,1.0,-0.9997218886332745,true,0.025771867940690182,0.023169620337597403,0.0,log(exp((v1+pow2(v2)))),-0.9980811142572722,5.694653168354508e-5,0.02323918302445712,5.694653168354508e-5,1.8446744073709552e19,0.00457898394269261,log(exp((v1+pow2(v2))))
26.23448419570923,0.0,7.0,0.0,0.0,-1.0,true,0.0,0.0,0.0,sqrt_abs((pow2(v2)+(v1*v1))),-1.0,0.0,0.0,0.0,512.0,0.0,sqrt_abs((pow2(v2)+(v1*v1)))
