time,generation,mean age hall_of_fame,mean compl,mean recursive_compl,mean n_params,min mae,min mse,min max_ae,min minus_r2,min mare,min q75_are,min max_are,min ms_processed_e,min minus_spearman,max penalty
14.768464088439941,1.0,0.0,6.428571428571429,46850.71428571428,0.5714285714285714,0.007555623320377892,8.661592948447613e-5,0.02202453250628686,-0.99708136619971,0.031606483549094566,0.04364142674557288,0.16765736146231286,8.661592948447613e-5,-0.9976626464120878,3.0
19.787761211395264,7.0,1.6666666666666667,11.0,47.333333333333336,2.1666666666666665,0.005846148769317754,6.111446375501407e-5,0.01932444931204813,-0.9979406704902479,0.02536147130841291,0.028517484011711322,0.16172308289329768,6.111446375501407e-5,-0.9986856315949662,6.0
26.34617805480957,13.0,3.3333333333333335,4.333333333333333,3.0744573456182584e18,0.3333333333333333,0.0,0.0,0.0,-1.0,0.0,0.0,0.0,0.0,-1.0,3.0
