time_stamp,max_are,compl,dim_penalty,age,minus_spearman,valid,max_ae,q75_are,n_params,eqs_orig,minus_r2,mse,mare,ms_processed_e,recursive_compl,mae,eqs_orig_rounded
14.93642520904541,3.895639686922599,2.0,0.0,0.0,-0.01276879352845558,true,0.3895639686922599,0.5302065973832887,1.0,0.38956396869226,0.0037760533167496835,0.029788936126091112,0.6744435057818308,0.029788936126091112,1.0,0.14464533010670455,0.39
14.796983003616333,0.29777559420425986,3.0,0.0,0.0,-0.9976633196502763,true,0.03575081533538746,0.0586848535320886,0.0,sqrt_abs(pow2(v1)),-0.9907180686703486,0.00027545871271995523,0.04792381044229276,0.00027545871271995523,16.0,0.013686038639562309,sqrt_abs(pow2(v1))
13.335812091827393,0.2974739769463709,5.0,7.0,0.0,-0.9976939148836003,true,0.03559633029988993,0.058497557794095295,0.0,(v1+pow2(pow2(v2))),-0.9909029493139528,0.00026997203303171457,0.0475765892561772,0.00026997203303171457,18.0,0.013544812428920697,(v1+pow2(pow2(v2)))
10.283061027526855,0.0,6.0,0.0,1.0,-1.0,true,0.0,0.0,0.0,sqrt_abs((pow2(v2)+pow2(v1))),-1.0,0.0,0.0,0.0,256.0,0.0,sqrt_abs((pow2(v2)+pow2(v1)))
