time_stamp,max_are,compl,dim_penalty,age,minus_spearman,valid,max_ae,q75_are,n_params,eqs_orig,minus_r2,mse,mare,ms_processed_e,recursive_compl,mae,eqs_orig_rounded
13.375781059265137,3.746140897482122,2.0,0.0,9.0,100.0,true,0.3746140897482122,0.4714834986658743,1.0,0.374614089748212,0.0006417197676045205,0.02969591890219457,0.6533675257811294,0.02969591890219457,1.0,0.14577482017418406,0.375
14.98739504814148,0.29777559420425986,3.0,0.0,7.0,-0.9976633196502763,true,0.03575081533538746,0.0586848535320886,0.0,sqrt_abs(pow2(v1)),-0.9907180686703486,0.00027545871271995523,0.04792381044229276,0.00027545871271995523,16.0,0.013686038639562309,sqrt_abs(pow2(v1))
13.028621196746826,0.16812385930802282,4.0,0.0,10.0,-0.9976626464120878,true,0.022073743760040065,0.04468915555593617,1.0,(0.0136770715753474+v1),-0.9970296353480805,8.815113948460311e-5,0.03184105692706136,8.815113948460311e-5,3.0,0.007631980342828947,(0.0137+v1)
17.05355405807495,0.0,6.0,0.0,0.0,-1.0,true,0.0,0.0,0.0,sqrt_abs((pow2(v1)+pow2(v2))),-1.0,0.0,0.0,0.0,256.0,0.0,sqrt_abs((pow2(v1)+pow2(v2)))
