time,generation,mean age hall_of_fame,mean compl,mean recursive_compl,mean n_params,min mae,min mse,min max_ae,min minus_r2,min mare,min q75_are,min max_are,min ms_processed_e,min minus_spearman,max penalty
10.724152088165283,1.0,0.0,5.0,43776.0,0.3333333333333333,0.007631980343399128,8.815113948443301e-5,0.022073743750554348,-0.9970296353480862,0.03184105692937592,0.04468915559074495,0.1681238592181034,8.815113948443301e-5,-0.9976604374014879,3.0
15.855724096298218,9.0,2.3333333333333335,9.222222222222221,60.111111111111114,1.4444444444444444,0.002236871299667851,1.3523383038595863e-5,0.014498359873832162,-0.9995443124253744,0.011554271264706161,0.006314453853128596,0.13743713341242572,1.3523383038595863e-5,-0.999770351660204,5.0
