time_stamp,max_are,compl,dim_penalty,age,minus_spearman,valid,max_ae,q75_are,n_params,eqs_orig,minus_r2,mse,mare,ms_processed_e,recursive_compl,mae,eqs_orig_rounded
53.49289107322693,0.769599253972468,1.0,2.0,9202.0,-1.0,true,31.46175895905491,0.5653544623687768,0.0,v1,-0.23207596005128772,103.97669332875144,0.36110504409031774,103.97669332875144,2.0,4.565745478711937,v1
13.29028606414795,0.2928932188134529,3.0,2.5,9436.0,-1.0,true,11.973680852060998,0.2928932188134527,0.0,sqrt_abs(pow3(v1)),-0.8843021446925887,15.665456209570419,0.2928932188134525,15.665456209570419,16.0,2.012460513716631,sqrt_abs(pow3(v1))
15.950768947601318,0.7592499670479129,5.0,3.5,9429.0,-1.0,true,2.554736254482215,0.5827692521028319,0.0,(v1+sqrt_abs(pow3(v1))),-0.9923544057256206,1.0352112576607104,0.3689288688256869,1.0352112576607104,18.0,0.8081880930717797,(v1+sqrt_abs(pow3(v1)))
9.558682918548584,7.53427700464736e-16,6.0,0.0,9437.0,-1.0,true,2.6645352591003757e-15,4.3888347930036435e-16,1.0,sqrt_abs(pow3((1.25992104989487*v1))),-1.0,1.21040845144849e-30,2.9744051487364984e-16,1.21040845144849e-30,256.0,7.105427357601002e-16,sqrt_abs(pow3((1.26*v1)))
10.909450054168701,7.53427700464736e-16,8.0,0.0,9437.0,-1.0,true,1.7763568394002505e-15,5.580164479680065e-16,1.0,pow3(((v1/0.890898718140339)/sqrt_abs(v1))),-1.0,5.081373565271283e-31,3.130424395455333e-16,5.081373565271283e-31,8192.0,4.718447854656915e-16,pow3(((v1/0.891)/sqrt_abs(v1)))
1200.7178049087524,8.192929068308079e-16,9.0,0.0,3082.0,-1.0,true,8.881784197001252e-16,3.8567102618512317e-16,2.0,(0.857968179170121*pow3(sqrt_abs((1.39539087308284*v1)))),-1.0,2.982880297866951e-31,2.5550659814174447e-16,2.982880297866951e-31,257.0,4.2188474935755947e-16,(0.858*pow3(sqrt_abs((1.4*v1))))
1773.0423429012299,7.758647496499023e-16,11.0,0.0,138.0,-1.0,true,8.881784197001252e-16,5.550307226504215e-16,2.0,(1.05774915797365*pow3((1.10165117800683*(v1/sqrt_abs(v1))))),-1.0,1.5160920522216322e-31,2.527484196793423e-16,1.5160920522216322e-31,1025.0,2.55351295663786e-16,(1.06*pow3((1.1*(v1/sqrt_abs(v1)))))
923.5569679737091,6.240608098306687e-16,14.0,0.0,4524.0,-1.0,true,6.661338147750939e-16,5.20967269387091e-16,3.0,(1.35805625298893*pow3((1.10888387302882*(v1/sqrt_abs((-1.19685253111343*v1)))))),-1.0,8.658981029965013e-32,2.321568808413352e-16,8.658981029965013e-32,262145.0,1.8318679906315082e-16,(1.36*pow3((1.11*(v1/sqrt_abs((-1.2*v1))))))
