time_stamp,max_are,compl,dim_penalty,age,minus_spearman,valid,max_ae,q75_are,n_params,eqs_orig,minus_r2,mse,mare,ms_processed_e,recursive_compl,mae,eqs_orig_rounded
15.742892980575562,3.793673549509354,2.0,0.0,0.0,100.0,true,0.37936735495093543,0.4901543161871561,1.0,0.379367354950935,5.106686374434233e-6,0.02967702621557275,0.6598046772066554,0.02967702621557275,1.0,0.14531542795228541,0.379
14.865604877471924,0.29777559420425986,3.0,0.0,2.0,-0.9976633196502763,true,0.03575081533538746,0.0586848535320886,0.0,sqrt_abs(pow2(v1)),-0.9907180686703486,0.00027545871271995523,0.04792381044229276,0.00027545871271995523,16.0,0.013686038639562309,sqrt_abs(pow2(v1))
15.93299388885498,0.1667454872454544,4.0,0.0,0.0,-0.9976626464120878,true,0.02192833812106193,0.04493137936483762,1.0,(0.0138224772143255+v1),-0.9970290107851286,8.816967456104597e-5,0.03187653643527751,8.816967456104597e-5,3.0,0.0076407205724942995,(0.0138+v1)
15.956907987594604,0.0,6.0,0.0,0.0,-1.0,true,0.0,0.0,0.0,sqrt_abs((pow2(v1)+pow2(v2))),-1.0,0.0,0.0,0.0,256.0,0.0,sqrt_abs((pow2(v1)+pow2(v2)))
