time,generation,mean age hall_of_fame,mean compl,mean recursive_compl,mean n_params,min mae,min mse,min max_ae,min minus_r2,min mare,min q75_are,min max_are,min ms_processed_e,min minus_spearman,max penalty
11.660140991210938,1.0,0.0,9.333333333333334,21937.0,1.3333333333333333,0.007546640769407903,8.652458917843942e-5,0.020805160555539548,-0.9970844440273812,0.031856056348718575,0.042580078529088794,0.1588749756512105,8.652458917843942e-5,-0.9976626464120878,0.0
17.15065312385559,3.0,0.4444444444444444,9.555555555555555,39.333333333333336,1.8888888888888888,0.0074237112167228995,8.13775044974713e-5,0.020037532923261242,-0.9972578815857176,0.03136315255354408,0.0324702722354868,0.15739536515590602,8.13775044974713e-5,-0.9976633196502763,0.0
