time_stamp,max_are,compl,dim_penalty,age,minus_spearman,valid,max_ae,q75_are,n_params,eqs_orig,minus_r2,mse,mare,ms_processed_e,recursive_compl,mae,eqs_orig_rounded
16.560916900634766,3.7148447982155197,2.0,0.0,3.0,100.0,true,0.37148447982155197,0.4591903962696545,1.0,0.371484479821552,0.0018921717943918281,0.02973302841026823,0.6492382711413199,0.02973302841026823,1.0,0.14611825904901812,0.371
15.309860944747925,0.29777559420425986,3.0,0.0,4.0,-0.9976633196502763,true,0.03575081533538746,0.0586848535320886,0.0,sqrt_abs(pow2(v1)),-0.9907180686703486,0.00027545871271995523,0.04792381044229276,0.00027545871271995523,16.0,0.013686038639562309,sqrt_abs(pow2(v1))
19.774548053741455,0.16754113245042543,4.0,0.0,0.0,-0.9976626464120878,true,0.022012271409156237,0.044914734043153756,1.0,(0.0137385439262312+v1),-0.9970295451634866,8.815381588149077e-5,0.03185605640571691,8.815381588149077e-5,3.0,0.0076356754021716915,(0.0137+v1)
8.476213932037354,0.16754113466479986,6.0,0.0,5.0,-0.9976626464120878,true,0.02201227164275249,0.044914733185950864,1.0,sqrt_abs(pow2((-0.013738543692635-v1))),-0.9970295451643132,8.815381585696067e-5,0.031856056348718575,8.815381585696067e-5,256.0,0.007635675388130384,sqrt_abs(pow2((-0.0137-v1)))
19.89129900932312,0.0,7.0,0.0,0.0,-1.0,true,0.0,0.0,0.0,sqrt_abs((pow2(v2)+(v1*v1))),-1.0,0.0,0.0,0.0,512.0,0.0,sqrt_abs((pow2(v2)+(v1*v1)))
