time_stamp,max_are,compl,dim_penalty,age,minus_spearman,valid,max_ae,q75_are,n_params,eqs_orig,minus_r2,mse,mare,ms_processed_e,recursive_compl,mae,eqs_orig_rounded
232.53866505622864,0.769599253972468,1.0,2.0,8873.0,-1.0,true,31.46175895905491,0.5653544623687768,0.0,v1,-0.23207596005128772,103.97669332875144,0.36110504409031774,103.97669332875144,2.0,4.565745478711937,v1
16.895719051361084,0.2928932188134529,3.0,2.5,10048.0,-1.0,true,11.973680852060998,0.2928932188134527,0.0,sqrt_abs(pow3(v1)),-0.8843021446925887,15.665456209570419,0.2928932188134525,15.665456209570419,16.0,2.012460513716631,sqrt_abs(pow3(v1))
21.562689065933228,0.2928932188134529,5.0,2.5,10039.0,-1.0,true,11.973680852060994,0.29289321881345265,0.0,pow3((v1/sqrt_abs(v1))),-0.8843021446925888,15.665456209570412,0.2928932188134525,15.665456209570412,512.0,2.01246051371663,pow3((v1/sqrt_abs(v1)))
20.347012042999268,7.53427700464736e-16,6.0,0.0,10043.0,-1.0,true,2.6645352591003757e-15,4.3888347930036435e-16,1.0,sqrt_abs(pow3((1.25992104989487*v1))),-1.0,1.21040845144849e-30,2.9744051487364984e-16,1.21040845144849e-30,256.0,7.105427357601002e-16,sqrt_abs(pow3((1.26*v1)))
48.930367946624756,7.53427700464736e-16,8.0,0.0,9906.0,-1.0,true,1.7763568394002505e-15,5.580164479680065e-16,1.0,pow3(((1.12246204830937*v1)/sqrt_abs(v1))),-1.0,5.081373565271283e-31,3.130424395455333e-16,5.081373565271283e-31,8192.0,4.718447854656915e-16,pow3(((1.12*v1)/sqrt_abs(v1)))
1268.20143699646,5.65070775348552e-16,9.0,0.0,2987.0,-1.0,true,8.881784197001252e-16,3.720109653120044e-16,2.0,(pow3(sqrt_abs((v1/0.769414125885206)))/1.04771887781148),-1.0,2.2340787354891936e-31,2.1195513405718395e-16,2.2340787354891936e-31,257.0,3.275157922644212e-16,(pow3(sqrt_abs((v1/0.769)))/1.05)
283.74785900115967,6.240608098306687e-16,11.0,0.0,8576.0,-1.0,true,8.881784197001252e-16,3.720109653120044e-16,2.0,sqrt_abs((pow3(((v1/0.757659429580598)-v1))/-0.0163616193119375)),-1.0,1.5284180038657104e-31,2.0478191114372273e-16,1.5284180038657104e-31,8.589934592e9,2.4424906541753446e-16,sqrt_abs((pow3(((v1/0.758)-v1))/-0.0164))
1793.8451249599457,1.0241161335385098e-15,12.0,0.0,35.0,-1.0,true,5.551115123125783e-16,3.8567102618512317e-16,3.0,(pow3((sqrt_abs((0.463189002468722*v1))/0.766469182337702))/0.495037692897074),-1.0,7.272311470006203e-32,2.2575323426465875e-16,7.272311470006203e-32,513.0,1.6653345369377348e-16,(pow3((sqrt_abs((0.463*v1))/0.766))/0.495)
