time_stamp,max_are,compl,dim_penalty,age,minus_spearman,valid,max_ae,q75_are,n_params,eqs_orig,minus_r2,mse,mare,ms_processed_e,recursive_compl,mae,eqs_orig_rounded
15.411679029464722,3.8523912948011176,2.0,0.0,0.0,-0.01276879352845558,true,0.3852391294801118,0.5132186364143448,1.0,0.385239129480112,0.0013209271661596134,0.02971607565503309,0.668171026346654,0.02971607565503309,1.0,0.14490529311945655,0.385
15.2327721118927,0.29777559420425986,3.0,0.0,1.0,-0.9976633196502763,true,0.03575081533538746,0.0586848535320886,0.0,sqrt_abs(pow2(v1)),-0.9907180686703486,0.00027545871271995523,0.04792381044229276,0.00027545871271995523,16.0,0.013686038639562309,sqrt_abs(pow2(v1))
15.538925170898438,0.0,6.0,0.0,0.0,-1.0,true,0.0,0.0,0.0,sqrt_abs((pow2(v1)+pow2(v2))),-1.0,0.0,0.0,0.0,256.0,0.0,sqrt_abs((pow2(v1)+pow2(v2)))
