time_stamp,max_are,compl,dim_penalty,age,minus_spearman,valid,max_ae,q75_are,n_params,eqs_orig,minus_r2,mse,mare,ms_processed_e,recursive_compl,mae,eqs_orig_rounded
20.122684955596924,3.7972223762848167,2.0,0.0,0.0,100.0,true,0.3797222376284817,0.49154829473271117,1.0,0.379722237628482,1.866100188330222e-5,0.029677428465295277,0.6602990699555191,0.029677428465295277,1.0,0.14528633920822423,0.38
19.67830204963684,0.29777559420425986,3.0,0.0,0.0,-0.9976633196502763,true,0.03575081533538746,0.0586848535320886,0.0,sqrt_abs(pow2(v1)),-0.9907180686703486,0.00027545871271995523,0.04792381044229276,0.00027545871271995523,16.0,0.013686038639562309,sqrt_abs(pow2(v1))
20.150357961654663,0.27732815757528095,4.0,0.0,0.0,-0.9976625853646766,true,0.031209685265143255,0.033262696760113404,1.0,(1.02911809452964*v1),-0.9954119816136611,0.00013615804661247012,0.03464715982884518,0.00013615804661247012,3.0,0.008838356545426517,(1.03*v1)
9.686641931533813,0.0,6.0,0.0,1.0,-1.0,true,0.0,0.0,0.0,sqrt_abs((pow2(v1)+pow2(v2))),-1.0,0.0,0.0,0.0,256.0,0.0,sqrt_abs((pow2(v1)+pow2(v2)))
