time_stamp,max_are,compl,dim_penalty,age,minus_spearman,valid,max_ae,q75_are,n_params,eqs_orig,minus_r2,mse,mare,ms_processed_e,recursive_compl,mae,eqs_orig_rounded
21.850698947906494,0.29777559420425986,1.0,0.0,50.0,-0.9976625853646766,true,0.03575081533538746,0.0586848535320886,0.0,v1,-0.9907180686703486,0.00027545871271995523,0.047923810442292776,0.00027545871271995523,2.0,0.013686038639562309,v1
32.16090488433838,0.1678800310483586,4.0,0.0,35.0,-0.9976626464120878,true,0.022048022109942667,0.04478354353417832,1.0,(0.0137027932254448+v1),-0.997029628598451,8.815133979251059e-5,0.03184733310384774,8.815133979251059e-5,3.0,0.007633526452944089,(0.0137+v1)
54.169214963912964,0.16449493555507,7.0,0.0,2.0,-0.999313932530114,true,0.01862075677029712,0.02136290862198833,1.0,(v1+sqrt_abs((-0.00263206185515354*v2))),-0.9984391831620498,4.6320165674995455e-5,0.019815031781250738,4.6320165674995455e-5,10.0,0.0054225358622454495,(v1+sqrt_abs((-0.00263*v2)))
46.35846185684204,0.2091619434002719,8.0,0.0,14.0,-0.9997284368424951,true,0.022064670966522565,0.011390774382293486,1.0,(v1+pow3(sqrt_abs((0.590848132892412*v2)))),-0.998592371977118,4.177400041012376e-5,0.01972093182298738,4.177400041012376e-5,258.0,0.004623963001050468,(v1+pow3(sqrt_abs((0.591*v2))))
54.6757709980011,5.623342628985895e-16,10.0,0.0,1.0,-1.0,true,5.623342628985895e-17,0.0,1.0,sqrt_abs(((v2*v2)-(-3.162198232297e-33-pow2(v1)))),-1.0,1.754099969238749e-35,3.581579657230477e-18,1.754099969238749e-35,1024.0,3.5815796572304774e-19,sqrt_abs(((v2*v2)-(-3.16e-33-pow2(v1))))
55.28090691566467,0.0,14.0,0.0,0.0,-1.0,true,0.0,0.0,1.0,sqrt_abs((pow2(v2)-((v2*(6.539899534156759e-18*v2))-(v1*v1)))),-1.0,0.0,0.0,0.0,65536.0,0.0,sqrt_abs((pow2(v2)-((v2*(6.54e-18*v2))-(v1*v1))))
