time,generation,mean age hall_of_fame,mean compl,mean recursive_compl,mean n_params,min mae,min mse,min max_ae,min minus_r2,min mare,min q75_are,min max_are,min ms_processed_e,min minus_spearman,max penalty
12.411196947097778,1.0,0.0,6.0,256.0,1.0,0.007633528753847426,8.815134107666218e-5,0.022047983831278067,-0.99702962855518,0.03184734244398203,0.04478368400128463,0.16787966818593986,8.815134107666218e-5,-0.9976626464120878,0.0
17.898018836975098,4.0,1.5,5.166666666666667,10969.333333333334,1.1666666666666667,0.007559044308566129,8.65710040618843e-5,0.019989469105019864,-0.9970828800189075,0.031847342429516076,0.040640063836813796,0.1678796682431592,8.65710040618843e-5,-0.9976633196502763,0.0
23.974376916885376,15.0,7.166666666666667,8.333333333333334,87428.33333333333,1.5,0.0025880461033238465,1.7079194090255322e-5,0.014372247569655591,-0.9994244948538886,0.013038728549299872,0.007438464957578244,0.1362416524252738,1.7079194090255322e-5,-0.9998030891026524,0.0
29.264209032058716,23.0,5.6,6.6,1231.8,0.8,4.0707254623234785e-11,2.0597388747199255e-21,6.889577797153379e-11,-1.0,9.936748901545133e-11,1.1120644081114246e-10,1.1540361306166564e-10,2.0597388747199255e-21,-0.9999985314284878,0.0
34.52078580856323,32.0,5.166666666666667,8.5,27650.5,1.1666666666666667,1.587045911981412e-16,3.2298931177293775e-32,3.3306690738754696e-16,-1.0,3.8972776347452295e-16,4.503172910827392e-16,6.276744768507537e-16,3.2298931177293775e-32,-0.9999979195247856,0.0
39.84883093833923,40.0,7.375,9.0,21026.125,1.25,8.681011283224264e-17,3.2298931177293775e-32,3.3306690738754696e-16,-1.0,3.8972776347452295e-16,2.0482533415677748e-16,6.276744768507537e-16,3.2298931177293775e-32,-0.9999977359525487,0.0
45.07767200469971,48.0,13.4,6.0,464.2,0.8,5.411294515089401e-17,5.152228481881882e-33,1.6653345369377348e-16,-1.0,1.8417440862163543e-16,2.46599369858682e-16,1.0524353877320628e-15,5.152228481881882e-33,-0.9999979195241265,0.0
50.324694871902466,56.0,16.333333333333332,8.166666666666666,349912.1666666667,1.1666666666666667,3.4972208554965752e-19,2.761738990046819e-36,1.3877787807814457e-17,-1.0,3.497220855496575e-18,0.0,1.3877787807814457e-16,2.761738990046819e-36,-1.0,0.0
55.33537697792053,64.0,17.0,7.333333333333333,11138.833333333334,0.8333333333333334,0.0,0.0,0.0,-1.0,0.0,0.0,0.0,0.0,-1.0,0.0
