time_stamp,run,compl,age,dim_penalty,minus_spearman,mare,mae,ms_processed_e,eqs_orig_rounded
71.83786702156067,17,9.0,5154.0,0.0,-1.0,0.019281227648666212,0.04938155692202858,0.00621247020570888,sqrt(abs(1.26v1))^3 - 0.00611
