time_stamp,run,compl,age,dim_penalty,minus_spearman,mare,mae,ms_processed_e,eqs_orig_rounded
42.121716022491455,21,5.0,4401.0,0.0,-1.0,0.5147699518244269,1.9350258895445527,8.400206283385495,0.552049(v1^2)
