time_stamp,run,compl,age,dim_penalty,minus_spearman,mare,mae,ms_processed_e,eqs_orig_rounded
61.28534412384033,9,13.0,4400.0,0.0,-0.9757575757575757,0.11051773866649375,0.16682701563773075,0.04857916474066705,2.19v1*exp(0.0755v1) - 0.729
