time_stamp,run,compl,age,dim_penalty,minus_spearman,mare,mae,ms_processed_e,eqs_orig_rounded
1760.8417460918427,6,5.0,111.0,0.0,-1.0,0.5221457859865212,1.8513826730421585,6.745793293773192,0.537289(v1^2)
