time_stamp,run,compl,age,dim_penalty,minus_spearman,mare,mae,ms_processed_e,eqs_orig_rounded
1062.277636051178,9,10.0,2623.0,0.0,-1.0,0.05092265860611905,0.09919532978970141,0.02208848155481906,1.42v1*sqrt(abs(0.0526 + v1))
