time_stamp,run,compl,age,dim_penalty,minus_spearman,mare,mae,ms_processed_e,eqs_orig_rounded
1359.6324241161346,1,2.0,2192.0,0.0,-0.014915408491089417,2.4455464601872145e13,3.81003857548436e26,6.772689406605218e53,2.5e26
