time_stamp,run,compl,age,dim_penalty,minus_spearman,mare,mae,ms_processed_e,eqs_orig_rounded
61.74026322364807,2,5.0,3190.0,0.0,-0.9993894993894994,0.055640191287198944,1.4664551179093226,4.624003060356357,-1.43log(v1)
51.88176608085632,6,5.0,3297.0,0.0,-0.9993894993894994,0.04437854683331257,1.23526186835894,4.642765236879789,-1.4log(v1)
22.7615008354187,11,5.0,4650.0,0.0,-0.9993894993894994,0.0341133533880567,1.0396140937115745,5.04065288549176,-1.38log(v1)
31.799638986587524,14,5.0,2761.0,0.0,-0.9993894993894994,0.04083121617647348,1.1631889791970709,4.718358698840627,-1.4log(v1)
1726.82057595253,21,5.0,60.0,0.0,-0.9993894993894994,0.050400432020155955,1.357611518166776,4.592225189487241,-1.42log(v1)
44.83741021156311,24,5.0,2104.0,0.0,-0.9993894993894994,0.05552650205063419,1.464053382712187,4.622673607557668,-1.43log(v1)
40.48922300338745,25,5.0,3665.0,0.0,-0.9993894993894994,0.03521816845278703,1.058194637591151,4.962855349197439,-1.3812154696132597log(v1)
249.02711606025696,28,5.0,1272.0,0.0,-0.9993894993894994,0.04824800452746875,1.3138795734690587,4.5990472035143375,-1.41log(v1)
159.98683500289917,29,5.0,2382.0,0.0,-0.9993894993894994,0.05577616500529917,1.46932762259415,4.625630391261793,-1.43log(v1)
