time_stamp,run,compl,age,dim_penalty,minus_spearman,mare,mae,ms_processed_e,eqs_orig_rounded
246.49708700180054,9,5.0,3342.0,0.0,-0.9975579975579976,0.05775810988319773,1.5130809124370548,4.692294167036972,-1.430615164520744log(v1)
249.37581610679626,10,5.0,3546.0,0.0,-0.9975579975579976,0.05516249703624377,1.4582572130330675,4.6589502629557344,-1.4265335235378032log(v1)
494.03106212615967,16,5.0,5301.0,0.0,-0.9975579975579976,0.048044480744372155,1.310782735253271,4.645781578484662,-1.4124293785310735log(v1)
1549.0052180290222,22,5.0,465.0,0.0,-0.9975579975579976,0.03624282251350863,1.0776232082210024,4.956631287038477,-1.38log(v1)
117.25787401199341,24,5.0,3012.0,0.0,-0.9975579975579976,0.05608996560861639,1.4778469058017993,4.6691659270714005,-1.43log(v1)
