time_stamp,run,compl,age,dim_penalty,minus_spearman,mare,mae,ms_processed_e,eqs_orig_rounded
1718.9840700626373,5,13.0,120.0,0.0,-1.0,0.0051526544233882155,0.12065776438741943,0.021963429657684417,(322.0 - 1.0e-7v1) / log(v1) - 41.8
1271.1425619125366,9,14.0,437.0,0.0,-1.0,0.0022972733293713512,0.051748886580134906,0.004826252202049076,382.0 / (log(v1 + 1.2597120000000002e-18(v1^3)) - 33.8)
1340.000722169876,12,12.0,959.0,0.0,-1.0,0.005828025565011472,0.1367979023292056,0.02209676767793661,-3.78e-9v1 - 1.29log(2v1)
