time_stamp,run,compl,age,dim_penalty,minus_spearman,mare,mae,ms_processed_e,eqs_orig_rounded
86.69926595687866,1,5.0,2069.0,0.0,-0.9957264957264957,0.049251929220626205,1.336146690776531,4.6873954491201,-1.41log(v1)
31.22483801841736,8,5.0,3181.0,0.0,-0.9957264957264957,0.05665588372624551,1.4915070250436089,4.719231646354855,-1.43log(v1)
113.57136511802673,10,5.0,3380.0,0.0,-0.9957264957264957,0.053195013304847896,1.4184135633388923,4.689117404033819,-1.42log(v1)
33.45613384246826,17,5.0,3332.0,0.0,-0.9957264957264957,0.045711645028940234,1.2642130908606097,4.720246375882987,-1.41log(v1)
29.430486917495728,21,5.0,3316.0,0.0,-0.9957264957264957,0.056284043969066444,1.483653782436311,4.714735108260648,-1.43log(v1)
133.40787506103516,26,5.0,5635.0,0.0,-0.9957264957264957,0.05452530650057475,1.4465093088937464,4.697581089337647,-1.42log(v1)
