time_stamp,run,compl,age,dim_penalty,minus_spearman,mare,mae,ms_processed_e,eqs_orig_rounded
1739.4856719970703,5,13.0,58.0,0.0,-1.0,0.005135501267657484,0.11934430172453647,0.02199013958519556,(323.0 - 1.0e-7v1) / log(v1) - 41.9
1485.3861980438232,27,14.0,399.0,0.0,-1.0,0.005369789869441948,0.12658706710647327,0.02190848110770145,(-1.001001001001001e-7(v1 - 3.176523e9)) / log(v1) - 41.7
