time_stamp,run,compl,age,dim_penalty,minus_spearman,mare,mae,ms_processed_e,eqs_orig_rounded
1798.648159980774,22,16.0,2.0,0.0,-1.0,0.0008372123457025811,0.025012447324425133,0.004026266488449334,-2.03 - 4.081632653061224e-6(299000.0 + 4.5662100456621006e-5v1)*log(v1)
210.2198269367218,23,13.0,1689.0,0.0,-1.0,0.005056169144786087,0.11795874291007293,0.0223920713014679,(323.0 - 1.0e-7v1) / log(v1) - 41.9
318.4272451400757,29,14.0,2663.0,0.0,-1.0,0.0037150577678978715,0.0926211311185187,0.014772688012249721,-3.74e-9v1 - 1.26log(3v1)
1276.7452199459076,30,13.0,342.0,0.0,-1.0,0.005397272177443367,0.12819048853690254,0.0223242150294851,(318.0 - 1.0050251256281407e-7v1) / log(v1) - 41.6
