time_stamp,run,compl,age,dim_penalty,minus_spearman,mare,mae,ms_processed_e,eqs_orig_rounded
1310.2191989421844,4,5.0,439.0,0.0,-0.9957264957264957,0.041567926377388015,1.1800185506751388,4.801681741669522,-1.4log(v1)
37.23596405982971,5,5.0,2305.0,0.0,-0.9957264957264957,0.057429307372639356,1.5078417052817616,4.729556865655815,-1.43log(v1)
639.4218139648438,7,5.0,1639.0,0.0,-0.9957264957264957,0.054700110132955095,1.4502011554680183,4.698982080744996,-1.4245014245014247log(v1)
45.854954957962036,8,5.0,2724.0,0.0,-0.9957264957264957,0.057202172472763615,1.503044624176608,4.726388386728992,-1.43log(v1)
65.8202018737793,10,5.0,4598.0,0.0,-0.9957264957264957,0.05566149030693098,1.4705054709649863,4.70788641359475,-1.4265335235378032log(v1)
24.11666512489319,16,5.0,3112.0,0.0,-0.9957264957264957,0.05624727761447371,1.4828772783190718,4.714306997734598,-1.43log(v1)
22.356719970703125,20,5.0,3611.0,0.0,-0.9957264957264957,0.0566489783064402,1.4913611828199385,4.7191453747051755,-1.43log(v1)
1230.405280828476,21,5.0,861.0,0.0,-0.9957264957264957,0.05071681294141087,1.366074058732896,4.683712269999587,-1.41643059490085log(v1)
68.63375902175903,28,5.0,2703.0,0.0,-0.9957264957264957,0.057393886278388456,1.5070936130156776,4.729055294382793,-1.43log(v1)
