time_stamp,run,compl,age,dim_penalty,minus_spearman,mare,mae,ms_processed_e,eqs_orig_rounded
1468.4838190078735,7,15.0,414.0,0.0,-1.0,0.004256803418686062,0.09658282744157749,0.011912916668945185,-0.0509(25.3 + 3.3222591362126245e-9v1)*log(2v1)
1670.1014580726624,15,14.0,247.0,0.0,-1.0,0.004661194045680763,0.1106578030823372,0.020357348654060168,(123000.0log(v1)) / (sqrt(abs(v1)) - 135000.0) - 6.51
1759.3986089229584,20,14.0,115.0,0.0,-1.0,0.0037079655911171207,0.09193822311278278,0.014253866587814287,-3.74e-9v1 - 1.26log(3v1)
1613.1021621227264,24,14.0,427.0,0.0,-1.0,0.0027655857864779445,0.06747055879715382,0.006824481735129767,6.48 + 1.18e6 / (sqrt(abs(v1)) - 101000.0) - log(v1)
