time_stamp,run,compl,age,dim_penalty,minus_spearman,mare,mae,ms_processed_e,eqs_orig_rounded
26.590156078338623,1,5.0,1590.0,0.0,-0.9993894993894994,0.046947447444088554,1.2874555054621961,4.609231271151057,-1.41log(v1)
33.88438892364502,2,5.0,1771.0,0.0,-0.9993894993894994,0.05501939161904873,1.4533404514869015,4.617089389507033,-1.43log(v1)
51.41567802429199,11,5.0,1549.0,0.0,-0.9993894993894994,0.04083817054322884,1.1633302745407637,4.718177266258142,-1.3966480446927374log(v1)
62.27602505683899,14,5.0,2547.0,0.0,-0.9993894993894994,0.05644025698032763,1.4833568580675773,4.6341618467440435,-1.43log(v1)
34.7693350315094,17,5.0,1201.0,0.0,-0.9993894993894994,0.055248915553696876,1.4581892457007282,4.619546885908793,-1.43log(v1)
40.946256160736084,18,5.0,936.0,0.0,-0.9993894993894994,0.056239720303186094,1.4791204324360865,4.631483482601477,-1.43log(v1)
22.477442026138306,21,5.0,3795.0,0.0,-0.9993894993894994,0.05560198075201304,1.4656479035235952,4.623553068185545,-1.43log(v1)
21.222648859024048,24,5.0,3631.0,0.0,-0.9993894993894994,0.05513898060393663,1.4558668214659225,4.618355379160888,-1.43log(v1)
22.657231092453003,28,5.0,1517.0,0.0,-0.9993894993894994,0.03847327871102492,1.1152815857122687,4.787402219506756,-1.39log(v1)
