time_stamp,run,compl,age,dim_penalty,minus_spearman,mare,mae,ms_processed_e,eqs_orig_rounded
1267.8679831027985,8,15.0,1650.0,0.0,-1.0,0.2557611651097734,0.04784137436368022,0.00470653217262818,0.261log(0.0464 + 0.07692307692307693exp(2.3529411764705883v1))
1368.3680939674377,9,13.0,1219.0,0.0,-1.0,0.2789078521269077,0.05126570590847208,0.0047607564588529536,0.31log(0.0733 + exp(v1 - 1.11)^2)
1554.6822891235352,29,15.0,696.0,0.0,-1.0,0.2557608921274948,0.04784135075813898,0.004706532172627331,0.2610966057441253(log(0.604 + exp(2.35v1)) - 2.57)
