time_stamp,run,compl,age,dim_penalty,minus_spearman,mare,mae,ms_processed_e,eqs_orig_rounded
1501.956200838089,0,19.0,1022.0,0.0,-1.0,0.021303978021476593,0.018548095114171367,0.0008295786357660177,935.0 / (v1 + 1710.0 / (v1*log(sqrt(abs(2.05 + v1))) - 0.649))
93.45992994308472,27,1.0,5464.0,0.0,-1.0,137.59243439928733,126.5233803279863,124770.26850611508,v1
