time_stamp,run,compl,age,dim_penalty,minus_spearman,mare,mae,ms_processed_e,eqs_orig_rounded
23.32279682159424,5,1.0,5338.0,0.0,-1.0,137.59243439928733,126.5233803279863,124770.26850611508,v1
23.000138998031616,6,1.0,5967.0,0.0,-1.0,137.59243439928733,126.5233803279863,124770.26850611508,v1
30.471309185028076,7,1.0,5934.0,0.0,-1.0,137.59243439928733,126.5233803279863,124770.26850611508,v1
15.631906986236572,12,1.0,5553.0,0.0,-1.0,137.59243439928733,126.5233803279863,124770.26850611508,v1
23.17289900779724,21,1.0,5725.0,0.0,-1.0,137.59243439928733,126.5233803279863,124770.26850611508,v1
13.84819507598877,22,1.0,5945.0,0.0,-1.0,137.59243439928733,126.5233803279863,124770.26850611508,v1
15.250205993652344,25,1.0,6533.0,0.0,-1.0,137.59243439928733,126.5233803279863,124770.26850611508,v1
