time_stamp,run,compl,age,dim_penalty,minus_spearman,mare,mae,ms_processed_e,eqs_orig_rounded
1311.405893087387,14,15.0,1114.0,0.0,-1.0,0.06445186865621827,0.022613605128615634,0.0009288229422020229,1.26(log(1.78 + exp(0.608v1)) - 1.31)
1737.189071893692,20,12.0,149.0,0.0,-1.0,0.04172434227865335,0.03045884296115802,0.0013448223877425263,log(1.49 + exp(0.713v1)) - 1.31
58.02066612243652,21,12.0,3800.0,0.0,-1.0,0.04172433906040557,0.030458842899894346,0.0013448223877425248,log(0.401 + exp(0.713v1 - 1.31))
121.50681591033936,25,12.0,3891.0,0.0,-1.0,0.04172433920759325,0.030458842903063985,0.0013448223877425127,log(0.401 + exp(0.7142857142857143v1 - 1.31))
142.4624969959259,26,12.0,3572.0,0.0,-1.0,0.04172433906005735,0.03045884289987405,0.001344822387742521,log(0.401 + exp(-0.713(1.84 - v1)))
