time_stamp,run,compl,age,dim_penalty,minus_spearman,mare,mae,ms_processed_e,eqs_orig_rounded
14.181917905807495,13,1.0,6033.0,0.0,-1.0,137.59243439928733,126.5233803279863,124770.26850611508,v1
17.854660034179688,24,1.0,6043.0,0.0,-1.0,137.59243439928733,126.5233803279863,124770.26850611508,v1
