time_stamp,run,compl,age,dim_penalty,minus_spearman,mare,mae,ms_processed_e,eqs_orig_rounded
843.0605390071869,9,14.0,2754.0,0.0,-1.0,0.2789078476608077,0.05126570586546357,0.0047607564588529475,0.31log(0.0733 + exp(2v1 - 2.23))
1584.0428359508514,13,13.0,721.0,0.0,-1.0,0.2789078522604858,0.05126570590659449,0.0047607564588529475,0.31log(0.68 + exp(v1)^2) - 0.689
655.6667809486389,22,15.0,3357.0,0.0,-1.0,0.25576099800764657,0.04784135276456292,0.004706532172627232,0.261log(0.0464 + exp(2.35(v1 - 1.09)))
