time_stamp,run,compl,age,dim_penalty,minus_spearman,mare,mae,ms_processed_e,eqs_orig_rounded
1330.4478740692139,3,15.0,973.0,0.0,-1.0,0.2578333176665277,0.04802315387400838,0.004706690352270694,0.263log(0.607 + exp(2.34v1)) - 0.671
78.30784702301025,14,17.0,3695.0,0.0,-1.0,0.07029932647425075,0.042646152270061743,0.004565606767228989,log(0.115 + exp(0.634v1 - 0.777) - 0.000334v1)
