time_stamp,run,compl,age,dim_penalty,minus_spearman,mare,mae,ms_processed_e,eqs_orig_rounded
15.575478076934814,0,1.0,5721.0,0.0,-1.0,130.05595802259225,126.49351051496325,124757.04565956854,v1
1413.6378931999207,14,17.0,1162.0,0.0,-1.0,0.07714130535654712,0.012331292436559987,0.0002892586278591392,0.682exp(v1*log(1.51 - 0.02857142857142857v1)) - 0.987
26.7372829914093,17,1.0,5878.0,0.0,-1.0,130.05595802259225,126.49351051496325,124757.04565956854,v1
42.65608310699463,19,1.0,5485.0,0.0,-1.0,130.05595802259225,126.49351051496325,124757.04565956854,v1
1513.898532152176,27,17.0,863.0,0.0,-1.0,0.07714130553276631,0.012331292349147257,0.0002892586278591393,0.6802721088435374(exp(v1*log(-0.02857142857142857(v1 - 53.0))) - 1.45)
