time_stamp,run,compl,age,dim_penalty,minus_spearman,mare,mae,ms_processed_e,eqs_orig_rounded
28.006237983703613,0,1.0,5143.0,0.0,-1.0,130.05595802259225,126.49351051496325,124757.04565956854,v1
1778.671149969101,1,23.0,57.0,0.0,-1.0,0.012479048605144897,0.006675614976847527,7.31501348313855e-5,-0.000387(1000.0 + v1)*(log(-249.0 / (-104.0 - ((v1^2 - 2.16)^2))) - v1)
1287.5109460353851,16,17.0,1583.0,0.0,-1.0,0.07714130555756865,0.012331292329064374,0.0002892586278591399,0.6802721088435374(exp(v1*log(0.02857142857142857(53.0 - v1))) - 1.45)
119.95598411560059,27,1.0,4912.0,0.0,-1.0,130.05595802259225,126.49351051496325,124757.04565956854,v1
17.929625988006592,28,1.0,5310.0,0.0,-1.0,130.05595802259225,126.49351051496325,124757.04565956854,v1
15.714746952056885,29,1.0,5533.0,0.0,-1.0,130.05595802259225,126.49351051496325,124757.04565956854,v1
