time_stamp,run,compl,age,dim_penalty,minus_spearman,mare,mae,ms_processed_e,eqs_orig_rounded
14.635315179824829,8,1.0,6046.0,0.0,-1.0,130.05595802259225,126.49351051496325,124757.04565956854,v1
1740.2206029891968,9,17.0,170.0,0.0,-1.0,0.0771413054252144,0.012331292347615524,0.00028925862785914063,0.682exp(v1*log(1.51 - 0.0286v1)) - 0.987
