time_stamp,run,compl,age,dim_penalty,minus_spearman,mare,mae,ms_processed_e,eqs_orig_rounded
16.947382926940918,10,1.0,4882.0,0.0,-1.0,130.05595802259225,126.49351051496325,124757.04565956854,v1
1677.1863000392914,17,17.0,397.0,0.0,-1.0,0.0771413055245274,0.01233129235930166,0.0002892586278591405,0.682(exp(v1*log(0.02857142857142857(53.0 - v1))) - 1.45)
1765.9561531543732,26,17.0,112.0,0.0,-1.0,0.07714130538084783,0.012331292389590364,0.0002892586278591389,exp(v1*log(1.51 - 0.02857142857142857v1) - 0.383) - 0.987
