time_stamp,run,compl,age,dim_penalty,minus_spearman,mare,mae,ms_processed_e,eqs_orig_rounded
13.942925930023193,9,1.0,5632.0,0.0,-1.0,137.59243439928733,126.5233803279863,124770.26850611508,v1
15.547636985778809,12,1.0,6230.0,0.0,-1.0,137.59243439928733,126.5233803279863,124770.26850611508,v1
