time_stamp,run,compl,age,dim_penalty,minus_spearman,mare,mae,ms_processed_e,eqs_orig_rounded
1258.8584039211273,9,8.0,1654.0,0.0,-1.0,0.3384890372957575,0.13694774464797174,0.022587494202495857,(exp((0.241*v1))-1.12)
490.31359481811523,16,8.0,4273.0,0.0,-1.0,0.3384890372657082,0.13694774464797174,0.022587494202495857,(exp((0.241*v1))-1.12)
1120.7715511322021,20,8.0,1337.0,0.0,-1.0,0.33848903729665547,0.13694774465032516,0.02258749420249586,(exp((0.241*v1))-1.12)
1766.547742843628,25,8.0,107.0,0.0,-1.0,0.338489037419308,0.13694774464768192,0.022587494202495853,(exp((0.241*v1))-1.12)
223.8288061618805,27,8.0,2563.0,0.0,-1.0,0.33848903728395957,0.13694774464761816,0.02258749420249586,(exp((0.241*v1))-1.12)
