time_stamp,run,compl,age,dim_penalty,minus_spearman,mare,mae,ms_processed_e,eqs_orig_rounded
1635.3867990970612,27,6.0,587.0,0.0,-0.9875417130144605,0.11749107426609214,1323.896953500086,1.6585631436283045e7,(2760.0v1) / v3
