time_stamp,run,compl,age,dim_penalty,minus_spearman,mare,mae,ms_processed_e,eqs_orig_rounded
1254.7798409461975,1,14.0,1339.0,0.0,-0.991718960448597,0.07723390611279227,2.517129876932423e-7,2.4533960776375316e-13,(-9.05e-8v2*(v1^2)) / ((v1^2) / v2 - v2)
591.122083902359,8,14.0,2621.0,0.0,-0.991718960448597,0.0771213115025792,2.5141982229364e-7,2.4530624852882066e-13,(v2*(v1^2)) / (-1.1049723756906077e7((v1^2) / v2 - v2))
874.3880069255829,11,14.0,1161.0,0.0,-0.991718960448597,0.08296186486317643,2.666049252284495e-7,2.681506063396059e-13,(-8.8e-8v2*(v1^2)) / ((v1^2) / v2 - v2)
311.12877798080444,17,13.0,7723.0,0.0,-0.991718960448597,0.08594300978416868,2.7317149069405145e-7,3.0300188859306723e-13,(9.7344e-8(v1^2)) / (1.01 - ((v1 / v2)^2))
1603.7644720077515,18,13.0,438.0,0.0,-0.991718960448597,0.07834155586624707,2.6543938488061983e-7,2.7466188247699666e-13,(9.1809e-8(v1^2)) / (1.01 - ((v1 / v2)^2))
1765.9741690158844,24,14.0,45.0,0.0,-0.991718960448597,0.07605097854113808,2.4942627602816837e-7,2.5034877382866084e-13,(9.24e-8(v1^2)) / (1.0 - ((v1 / v2)^2))
1589.9964761734009,26,13.0,417.0,0.0,-0.991718960448597,0.07726578442400035,2.5106333672955017e-7,2.453574758809861e-13,(9.04e-8(v2^2)) / ((v2 / v1)^2 - 1.0)
1564.9509179592133,30,13.0,329.0,0.0,-0.991718960448597,0.0771474632025762,2.5178152356751235e-7,2.6503208398063127e-13,(-9.3e-8(v1^2)) / ((v1 / v2)^2 - 1.0)
