time_stamp,run,compl,age,dim_penalty,minus_spearman,mare,mae,ms_processed_e,eqs_orig_rounded
639.5848250389099,2,2.0,1452.0,0.0,-0.4984235518928648,8.692896782404887,3.2582901429814463e-6,1.6739456639911695e-11,3.53e-6
1051.3756210803986,8,2.0,1754.0,0.0,100.0,6.541465905272621,2.9238549540118995e-6,1.712030777894775e-11,2.7e-6
956.2761631011963,15,2.0,1781.0,0.0,-0.21996606173007577,7.737375482354568,3.109756462469846e-6,1.6736026201944936e-11,3.16e-6
1333.0477769374847,17,2.0,893.0,0.0,-0.5366446325561518,7.299475756747622,3.041685915077554e-6,1.6826606390795807e-11,2.99e-6
464.3137221336365,26,2.0,2292.0,0.0,100.0,7.518052614346582,3.0756632059366104e-6,1.677415347494932e-11,3.08e-6
