time_stamp,run,compl,age,dim_penalty,minus_spearman,mare,mae,ms_processed_e,eqs_orig_rounded
1773.598457813263,1,14.0,50.0,0.0,-0.991718960448597,0.07713468359288334,2.514546395392446e-7,2.4530883101660514e-13,(-9.05e-8(v1^3)) / (v2*((v1 / v2)^3) - v1)
1790.7314200401306,6,14.0,15.0,0.0,-0.991718960448597,0.0769677286084769,2.5101993467525065e-7,2.453032447398876e-13,(-9.06e-8v2*(v1^2)) / ((v1^2) / v2 - v2)
1669.9936909675598,8,14.0,203.0,0.0,-0.991718960448597,0.08006482703498423,2.5846719657939865e-7,2.529596060093575e-13,(-8.91e-8v2*(v1^2)) / ((v1^2) / v2 - v2)
1406.809156179428,12,20.0,608.0,0.0,-0.991718960448597,0.07643354623593886,2.496290706862084e-7,2.456747395322546e-13,(-9.1011276e-8v2*(v1^2)) / ((v1^2) / v2 - v2)
595.602697134018,20,14.0,2151.0,0.0,-0.991718960448597,0.07764422734380981,2.5278135133364156e-7,2.4568423776312683e-13,(-9.02e-8v2*(v1^2)) / ((v1^2) / v2 - v2)
1715.604702949524,21,14.0,227.0,0.0,-0.991718960448597,0.07628000440358088,2.497858572117212e-7,2.545340221410774e-13,(v2*(v1^2)) / (-1.0845986984815618e7((v1^2) / v2 - v2))
861.8464200496674,26,14.0,2142.0,0.0,-0.991718960448597,0.07966714606007755,2.575862502919951e-7,2.5126613640276647e-13,(-8.92e-8v2*(v1^2)) / ((v1^2) / v2 - v2)
1643.842159986496,27,14.0,851.0,0.0,-0.991718960448597,0.08184424965546787,2.6255449495767565e-7,2.6271243039370584e-13,(v2*(v1^2)) / (-1.132502831257078e7((v1^2) / v2 - v2))
547.5861899852753,29,14.0,3133.0,0.0,-0.991718960448597,0.07750571387668438,2.524207003587567e-7,2.455287597989836e-13,(-9.03e-8v2*(v1^2)) / ((v1^2) / v2 - v2)
