time_stamp,run,compl,age,dim_penalty,minus_spearman,mare,mae,ms_processed_e,eqs_orig_rounded
1743.8884620666504,10,2.0,68.0,0.0,-0.2904168348402265,8.194718325402203,3.183586944780314e-6,1.6689386522025613e-11,3.35e-6
1739.7218430042267,24,2.0,114.0,0.0,-0.38365010107720254,7.56696981652192,3.0857834861961514e-6,1.674574074818634e-11,3.1e-6
591.4284870624542,28,2.0,2988.0,0.0,-0.07081860846777324,7.713227349902564,3.1085704660236784e-6,1.6721927176247518e-11,3.16e-6
1543.4334788322449,29,2.0,453.0,0.0,-0.0040008002400800284,9.472356928644835,3.3826435294636517e-6,1.6944015040386143e-11,3.85e-6
