time_stamp,run,compl,age,dim_penalty,minus_spearman,mare,mae,ms_processed_e,eqs_orig_rounded
1231.363389968872,2,13.0,1300.0,0.0,-0.991718960448597,0.07898265005600268,2.512446841128356e-7,2.4749409651187244e-13,(-8.85e-8(v1^2)) / ((v1 / v2)^2 - 0.991)
1557.4322769641876,6,13.0,529.0,0.0,-0.991718960448597,0.07616910840335256,2.496082874063035e-7,2.5236291476980477e-13,(-9.23e-8(v1^2)) / ((v1 / v2)^2 - 1.0)
780.9016289710999,13,15.0,1755.0,0.0,-0.991718960448597,0.07614854204764056,2.490102587138628e-7,2.4627589498035456e-13,(-9.11e-8v2*(v1^2)) / ((v1^2) / v2 - v2)
1710.660926103592,15,13.0,258.0,0.0,-0.991718960448597,0.0762881347457613,2.495757595223603e-7,2.565708368111403e-13,(-9.18e-8(v1^2)) / ((v1 / v2)^2 - 0.998)
1435.4103679656982,18,19.0,1259.0,0.0,-0.991718960448597,0.0771444153060315,2.5147997824389917e-7,2.4531094419997523e-13,(9.05e-8(v1^3)) / (v1 + (-(v1^3)) / (v2^2))
1561.3215501308441,26,14.0,503.0,0.0,-0.991718960448597,0.07703507230546357,2.51195279141566e-7,2.452985241795268e-13,(-9.06e-8v2*(v1^2)) / ((v1^2) / v2 - v2)
746.5158529281616,28,18.0,3005.0,0.0,-0.991718960448597,0.08615089882261665,2.6208641536884595e-7,2.486132435946661e-13,(v1^2) / (-1.6835016835016835e7((0.700569(v1^2)) / (v2^2) - 0.689))
748.3619658946991,29,14.0,1319.0,0.0,-0.991718960448597,0.08186063408277298,2.6261353161644585e-7,2.6279215627804186e-13,(v2*(v1^2)) / (-1.132502831257078e7((v1^2) / v2 - v2))
