time_stamp,run,compl,age,dim_penalty,minus_spearman,mare,mae,ms_processed_e,eqs_orig_rounded
325.67591309547424,25,2.0,3134.0,0.0,-0.29928245769920736,8.704085352552013,3.2561137801770346e-6,1.676975009691568e-11,3.53e-6
