time_stamp,run,compl,age,dim_penalty,minus_spearman,mare,mae,ms_processed_e,eqs_orig_rounded
15.97596001625061,7,2.0,2535.0,0.0,100.0,9.30749444795935,3.349633463119595e-6,1.690921528085841e-11,3.76e-6
