time_stamp,run,compl,age,dim_penalty,minus_spearman,mare,mae,ms_processed_e,eqs_orig_rounded
619.0801968574524,20,2.0,2192.0,0.0,100.0,8.382585948141918,3.210053007594431e-6,1.6708104973520156e-11,3.41e-6
