time_stamp,run,compl,age,dim_penalty,minus_spearman,mare,mae,ms_processed_e,eqs_orig_rounded
581.6415221691132,29,2.0,2482.0,0.0,-0.24220176144844213,8.651284244708682,3.2479303721009743e-6,1.6762747980240302e-11,3.51e-6
