time_stamp,run,compl,age,dim_penalty,minus_spearman,mare,mae,ms_processed_e,eqs_orig_rounded
332.97172498703003,15,2.0,2010.0,0.0,-0.21996606173007577,8.792283065112924,3.2737395216213717e-6,1.6755647426105077e-11,3.57e-6
633.5286149978638,18,2.0,2446.0,0.0,100.0,9.520337495849146,3.386913978542775e-6,1.6965233895281318e-11,3.86e-6
694.3708908557892,21,2.0,4339.0,0.0,-0.21996606173007577,7.308467134190449,3.0430836048876943e-6,1.6824164086588142e-11,3.0e-6
1764.7450411319733,23,2.0,91.0,0.0,-0.4942834106789268,9.22982654193395,3.34175469092492e-6,1.6862406953597795e-11,3.74e-6
