time_stamp,run,compl,age,dim_penalty,minus_spearman,mare,mae,ms_processed_e,eqs_orig_rounded
609.007483959198,8,2.0,2779.0,0.0,100.0,9.252238551837,3.3452385884773725e-6,1.6869432275050508e-11,3.75e-6
1780.4737651348114,25,2.0,49.0,0.0,-0.46756403951161757,8.203212005463303,3.182169723472425e-6,1.6703247813074293e-11,3.34e-6
