time_stamp,run,compl,age,dim_penalty,minus_spearman,mare,mae,ms_processed_e,eqs_orig_rounded
40.59125208854675,1,2.0,3941.0,0.0,-0.2904168348402265,8.448714800149013,3.2231596930178734e-6,1.6700561968535845e-11,3.45e-6
79.61154103279114,5,2.0,3957.0,0.0,-0.4394113803141517,7.000860545570979,2.9975834445356462e-6,1.689909597589516e-11,2.88e-6
19.744928121566772,18,2.0,4329.0,0.0,100.0,8.63661318884322,3.252434334083073e-6,1.6721425969243965e-11,3.52e-6
335.43930196762085,20,2.0,1759.0,0.0,-0.38365010107720254,7.710208105999848,3.1081000666649907e-6,1.6722353157238465e-11,3.16e-6
1615.087944984436,28,2.0,267.0,0.0,-0.5858074569424563,5.755528486811605,2.852120569354753e-6,1.7592973586718544e-11,2.39e-6
1189.2028942108154,30,2.0,623.0,0.0,-0.2904168348402265,8.569007295299807,3.241901309925019e-6,1.6712685308974017e-11,3.49e-6
