time_stamp,run,compl,age,dim_penalty,minus_spearman,mare,mae,ms_processed_e,eqs_orig_rounded
193.14902210235596,7,15.0,2389.0,0.0,-0.991718960448597,0.07621124712787845,2.4960967671128704e-7,2.5363030863418906e-13,(-9.21e-8v2*(v1^2)) / ((v1^2) / v2 - v2)
525.4618051052094,12,14.0,2161.0,0.0,-0.991718960448597,0.07663149836986793,2.506753068365726e-7,2.598037442478677e-13,(-9.26e-8(v1^3)) / ((v1^3) / (v2^2) - v1)
372.8311560153961,18,16.0,1067.0,0.0,-0.991718960448597,0.07671618244586641,2.5082073999219004e-7,2.607590187816055e-13,(-9.27e-8v2*(v1^2)) / ((v1^2) / v2 - v2)
