time_stamp,run,compl,age,dim_penalty,minus_spearman,mare,mae,ms_processed_e,eqs_orig_rounded
1520.6496849060059,0,2.0,565.0,0.0,-0.5517095112683023,9.133137692918734,3.329793042360996e-6,1.6828115789086754e-11,3.71e-6
1059.1666469573975,1,2.0,1832.0,0.0,-0.562017549735395,7.414081118615405,3.061963368390761e-6,1.677757266869833e-11,3.04e-6
71.20690107345581,5,2.0,3052.0,0.0,-0.07081860846777324,7.847552936709749,3.129498443996137e-6,1.6705774267814014e-11,3.21e-6
211.73929595947266,11,2.0,2806.0,0.0,100.0,6.8435035618250515,2.973067166081757e-6,1.6958994088134317e-11,2.82e-6
980.2416768074036,16,2.0,1719.0,0.0,-0.07081860846777324,7.289984500531716,3.042629067670826e-6,1.680862473839199e-11,3.0e-6
1146.6179828643799,25,2.0,2125.0,0.0,-0.562017549735395,7.342083582381739,3.0507461246162574e-6,1.6795019179602237e-11,3.02e-6
1124.9083318710327,30,2.0,1712.0,0.0,-0.2904168348402265,8.339537188772669,3.206149779268161e-6,1.6693359625695322e-11,3.4e-6
