time_stamp,run,compl,age,dim_penalty,minus_spearman,mare,mae,ms_processed_e,eqs_orig_rounded
1388.6685450077057,2,17.0,1185.0,0.0,-1.0,1.9338029792286343e-15,4.3627490739516805e-21,4.361867272103949e-41,(9.12e-8(v1^3)) / (v1 + v2*(((4.43e-15 - v1) / v2)^3))
1671.6574420928955,20,18.0,174.0,0.0,-1.0,3.258423923832377e-15,5.8839673076612005e-21,7.539519282457808e-41,(9.12e-8v2*(v1^2)) / (v2 + (v1*(8.06e-16 - v1)) / v2)
