max_are,compl,dim_penalty,age,minus_spearman,valid,max_ae,q75_are,n_params,eqs_orig,minus_r2,mse,mare,ms_processed_e,recursive_compl,mae,eqs_orig_rounded
8.122940428926597,1.0,0,3608.0,-0.5773502691896257,true,2.1632355233438116,2.2342286602433576,1.0,0.81229404289266,0.004215356179362306,1.5973461915109195,2.013466147366463,1.5973461915109195,1.0,1.0949193435707762,0.812
1.0260807105056144,4.0,0,1877.0,-1.0,true,1.1407682913225943,0.8903165667818832,1.0,exp((-4.67748973214006+v1)),-0.6384255097980159,0.5751352350047951,0.6631023030739307,0.5751352350047951,8.0,0.6739580572489328,exp((-4.68+v1))
1.443616306802338,5.0,0,3796.0,-1.0,true,0.630081920515001,0.5564741190654224,1.0,(v1/(7.92704838043175-v1)),-0.912162157543638,0.139718479960334,0.4879730711281195,0.139718479960334,7.0,0.31158578378334717,(v1/(7.93-v1))
1.8115344977563197,6.0,0,4234.0,-1.0,true,0.27056426081355944,0.3286440473613345,2.0,(-1.08611068312517+exp((0.236860350725419*v1))),-0.9851488205980756,0.02362289593674793,0.38917227884428307,0.02362289593674793,9.0,0.13852350142627404,(-1.09+exp((0.237*v1)))
0.49633752671168596,8.0,0,3690.0,-1.0,true,0.1770311595145797,0.2559716255680489,3.0,(-140.616170334305+pow2((11.8356438029729+(0.0236551123652141*v1)))),-0.993515284321323,0.01031485510416329,0.15349456324902916,0.01031485510416329,17.0,0.08277512321607255,(-141.0+pow2((11.8+(0.0237*v1))))
6.661338147750941e-15,9.0,0,83.0,-1.0,true,2.3314683517128287e-15,2.5697969508613184e-15,3.0,log(((0.3*exp((0.693147180559945*v1)))--0.399999999999999)),-1.0,1.2853656448840412e-30,1.8431410853305824e-15,1.2853656448840412e-30,1024.0,9.783840404509192e-16,log(((0.3*exp((0.693*v1)))--0.4))
5.551115123125784e-15,10.0,0,69.0,-1.0,true,8.881784197001252e-16,7.496382888114602e-16,3.0,log((0.4+pow2((0.547722557505166*exp((0.346573590279973*v1)))))),-1.0,2.4844496282595343e-31,1.0844595351521543e-15,2.4844496282595343e-31,2.6815615859885194e154,4.2327252813834093e-16,log((0.4+pow2((0.548*exp((0.347*v1))))))
