time_stamp,max_are,compl,dim_penalty,age,minus_spearman,valid,max_ae,q75_are,n_params,eqs_orig,minus_r2,mse,mare,ms_processed_e,recursive_compl,mae,eqs_orig_rounded
19.895142078399658,0.29777559420425986,1.0,0.0,2.0,-0.9976625853646766,true,0.03575081533538746,0.0586848535320886,0.0,v1,-0.9907180686703486,0.00027545871271995523,0.047923810442292776,0.00027545871271995523,2.0,0.013686038639562309,v1
19.52130699157715,0.1669733486936307,4.0,0.0,2.0,-0.9976626464120878,true,0.02195237541866127,0.04509242925875316,1.0,(0.0137984399167262+v1),-0.9970292123372679,8.816369312347057e-5,0.03187067124666678,8.816369312347057e-5,3.0,0.007639275707611277,(0.0138+v1)
19.928984880447388,0.24430429947079627,6.0,1.0,1.0,-0.999724826640541,true,0.025771867940690155,0.023169620337597466,0.0,sqrt_abs(pow2((v1+pow2(v2)))),-0.9980811142572722,5.6946531683545084e-5,0.023239183024457107,5.6946531683545084e-5,1.8446744073709552e19,0.004578983942692608,sqrt_abs(pow2((v1+pow2(v2))))
20.84347105026245,0.0,7.0,0.0,0.0,-1.0,true,0.0,0.0,0.0,sqrt_abs((pow2(v2)+(v1*v1))),-1.0,0.0,0.0,0.0,512.0,0.0,sqrt_abs((pow2(v2)+(v1*v1)))
