time,generation,mean age hall_of_fame,mean compl,mean recursive_compl,mean n_params,min mae,min mse,min max_ae,min minus_r2,min mare,min q75_are,min max_are,min ms_processed_e,min minus_spearman,max penalty
13.01954197883606,1.0,0.0,6.285714285714286,37524.28571428572,0.7142857142857143,0.0037465519053419675,2.356989262642824e-5,0.014269232894197778,-0.9992057825194726,0.016302917170813617,0.014578008562063219,0.13526512529961632,2.356989262642824e-5,-0.9994616472655414,3.0
18.458357095718384,6.0,1.3333333333333333,7.777777777777778,121.77777777777777,1.6666666666666667,0.0037465519053419675,2.356989262642824e-5,0.014269232894197778,-0.9992057825194726,0.016302917170813617,0.01290421702602898,0.13526512529961632,2.356989262642824e-5,-0.9997240923553904,1.0
