max_are,compl,dim_penalty,age,minus_spearman,valid,max_ae,q75_are,n_params,eqs_orig,minus_r2,mse,mare,ms_processed_e,recursive_compl,mae,eqs_orig_rounded
0.17846172502053775,1.0,0,3969.0,100.0,true,2.7446745063418856,0.12642685782087887,1.0,12.634951046566,0.04646078867260095,1.9031659794488835,0.08739813253265441,1.9031659794488835,1.0,1.1574987025497374,12.6
0.01719646375161201,4.0,0,6103.0,-1.0,true,0.25552908240749517,0.014753541708443693,1.0,log((8.31763005395416e6/v1)),-0.9889967491601185,0.020011273129849218,0.00935422809004243,0.020011273129849218,8.0,0.12095456899811416,log((8.32e6/v1))
4.2683845591343105e-15,6.0,0,4729.0,-1.0,true,4.796163466380676e-14,2.9212555031463217e-15,2.0,(15.65+(-0.905069700286375*log(v1))),-1.0,9.819497821758779e-28,2.2470588659972035e-15,9.819497821758779e-28,6.0,2.862667368110404e-14,(15.6+(-0.905*log(v1)))
4.584561193144259e-15,8.0,0,5897.0,-1.0,true,5.1514348342607263e-14,2.863338453587068e-15,2.0,(-0.150844950047729*log(pow2(pow3((3.09316488350211e-8*v1))))),-1.0,9.797652442844967e-28,2.2280078805433813e-15,9.797652442844967e-28,1.157920892373162e77,2.8353388013503998e-14,(-0.151*log(pow2(pow3((3.09e-8*v1)))))
4.4264728761392846e-15,9.0,0,3519.0,-1.0,true,4.973799150320701e-14,2.863338453587068e-15,3.0,(((log(sqrt_abs(v1))/-0.721207595655802)--11.9878700995559)/0.765998089428491),-1.0,9.738184466912922e-28,2.231031530131502e-15,9.738184466912922e-28,19.0,2.842170943040401e-14,(((log(sqrt_abs(v1))/-0.721)--12.0)/0.766)
3.794119608119387e-15,10.0,0,1432.0,-1.0,true,4.263256414560601e-14,2.428182010923207e-15,3.0,(-0.905069700286372*log((-8.05877197595146e-6*(v1+(-1.00383825835094*v1))))),-1.0,6.610654385752079e-28,1.8045160734914565e-15,6.610654385752079e-28,65.0,2.3297603162903284e-14,(-0.905*log((-8.06e-6*(v1+(-1.0*v1)))))
3.9522079251243615e-15,11.0,0,1817.0,-1.0,true,4.440892098500626e-14,2.3923667179937138e-15,3.0,(-1.81013940057274*log(sqrt_abs((-8.05877197595146e-6*(v1+(-1.00383825835094*v1)))))),-1.0,6.467445790650418e-28,1.7609464488586431e-15,6.467445790650418e-28,1.8446744073709552e19,2.275103182770321e-14,(-1.81*log(sqrt_abs((-8.06e-6*(v1+(-1.0*v1))))))
