time_stamp,max_are,compl,dim_penalty,age,minus_spearman,valid,max_ae,q75_are,n_params,eqs_orig,minus_r2,mse,mare,ms_processed_e,recursive_compl,mae,eqs_orig_rounded
11.431078910827637,3.8377109062271884,2.0,0.0,0.0,100.0,true,0.38377109062271886,0.5074521823135235,1.0,0.383771090622719,0.0007741092005322248,0.029699847806802546,0.6660418735408868,0.029699847806802546,1.0,0.1449935358923053,0.384
12.792598962783813,0.29777559420425986,3.0,0.0,0.0,-0.9976633196502763,true,0.03575081533538746,0.0586848535320886,0.0,sqrt_abs(pow2(v1)),-0.9907180686703486,0.00027545871271995523,0.04792381044229276,0.00027545871271995523,16.0,0.013686038639562309,sqrt_abs(pow2(v1))
13.007067918777466,0.1724059307781156,6.0,0.0,0.0,-0.9976626464120878,true,0.022525463114463518,0.043031529531344793,1.0,sqrt_abs(pow2((0.0132253522209239+v1))),-0.9970224866314291,8.836329105268042e-5,0.03177120604197596,8.836329105268042e-5,256.0,0.007626084340958314,sqrt_abs(pow2((0.0132+v1)))
13.010008096694946,0.0,7.0,0.0,0.0,-1.0,true,0.0,0.0,0.0,sqrt_abs((pow2(v2)+(v1*v1))),-1.0,0.0,0.0,0.0,512.0,0.0,sqrt_abs((pow2(v2)+(v1*v1)))
