time,generation,mean age hall_of_fame,mean compl,mean recursive_compl,mean n_params,min mae,min mse,min max_ae,min minus_r2,min mare,min q75_are,min max_are,min ms_processed_e,min minus_spearman,max penalty
10.556713104248047,1.0,0.0,9.333333333333334,21894.0,1.3333333333333333,0.009837389682604282,0.00016970904813016485,0.03922353894190375,-0.9942814379868022,0.03691518601343654,0.03588638114651084,0.300328522017868,0.00016970904813016485,-0.9990128103412086,0.0
