time_stamp,max_are,compl,dim_penalty,age,minus_spearman,valid,max_ae,q75_are,n_params,eqs_orig,minus_r2,mse,mare,ms_processed_e,recursive_compl,mae,eqs_orig_rounded
21.825325965881348,0.29777559420425986,1.0,0.0,3.0,-0.9976625853646766,true,0.03575081533538746,0.0586848535320886,0.0,v1,-0.9907180686703486,0.00027545871271995523,0.047923810442292776,0.00027545871271995523,2.0,0.013686038639562309,v1
22.64853596687317,0.16613352788316196,4.0,0.0,1.0,-0.9976625853646766,true,0.02186378200844241,0.044498853410286796,1.0,(0.013887033326945+v1),-0.9970282767664721,8.819145794071876e-5,0.031892288363085705,8.819145794071876e-5,3.0,0.007644600994564336,(0.0139+v1)
22.879350900650024,0.0,6.0,0.0,0.0,-1.0,true,0.0,0.0,0.0,sqrt_abs((pow2(v2)+pow2(v1))),-1.0,0.0,0.0,0.0,256.0,0.0,sqrt_abs((pow2(v2)+pow2(v1)))
