time,generation,mean age hall_of_fame,mean compl,mean recursive_compl,mean n_params,min mae,min mse,min max_ae,min minus_r2,min mare,min q75_are,min max_are,min ms_processed_e,min minus_spearman,max penalty
12.725836992263794,1.0,0.0,8.6,26272.2,1.0,0.00374515481426345,3.175284812861627e-5,0.021863480159007714,-0.9989300474363637,0.01837490870080626,0.013013189396123458,0.1661306665028824,3.175284812861627e-5,-0.9997240923553904,3.0
18.088136911392212,9.0,2.6666666666666665,5.166666666666667,9.333333333333334,1.0,0.0029918337464183735,1.867634335634417e-5,0.016924990161997958,-0.999370676879991,0.013662305646227342,0.008283472035587235,0.16044036367843903,1.867634335634417e-5,-0.9998402929706091,2.0
23.217636823654175,17.0,1.3333333333333333,3.6666666666666665,87.0,0.3333333333333333,0.0,0.0,0.0,-1.0,0.0,0.0,0.0,0.0,-1.0,0.0
