time_stamp,max_are,compl,dim_penalty,age,minus_spearman,valid,max_ae,q75_are,n_params,eqs_orig,minus_r2,mse,mare,ms_processed_e,recursive_compl,mae,eqs_orig_rounded
23.46829080581665,0.29777559420425986,1.0,0.0,93.0,-0.9976625853646766,true,0.03575081533538746,0.0586848535320886,0.0,v1,-0.9907180686703486,0.00027545871271995523,0.047923810442292776,0.00027545871271995523,2.0,0.013686038639562309,v1
52.496460914611816,0.16391437380598997,4.0,0.0,38.0,-0.9976625853646766,true,0.02162968156100531,0.04506875936863445,1.0,(0.0141211337743821+v1),-0.9970232590914754,8.834036685270656e-5,0.03194970270623261,8.834036685270656e-5,3.0,0.0076588244069595215,(0.0141+v1)
46.020649909973145,0.228494079826892,7.0,0.0,50.0,-0.9997519951453848,true,0.024104034449185366,0.01163190931401497,1.0,(v1+pow2((1.13827798392114*v2))),-0.9984350935672004,4.644153206877329e-5,0.021276745186835894,4.644153206877329e-5,10.0,0.0046918237464044395,(v1+pow2((1.14*v2)))
70.23227190971375,0.0,8.0,0.0,0.0,-1.0,true,0.0,0.0,0.0,sqrt_abs(((v2*v2)+(v1*v1))),-1.0,0.0,0.0,0.0,1024.0,0.0,sqrt_abs(((v2*v2)+(v1*v1)))
