time_stamp,max_are,compl,dim_penalty,age,minus_spearman,valid,max_ae,q75_are,n_params,eqs_orig,minus_r2,mse,mare,ms_processed_e,recursive_compl,mae,eqs_orig_rounded
11.765671014785767,3.7821895240043037,2.0,0.0,0.0,-0.01276879352845558,true,0.3782189524004304,0.48564339294871156,1.0,0.37821895240043,1.9417289911061175e-5,0.02967745090956029,0.6582048191981669,0.02967745090956029,1.0,0.1454095593088842,0.378
11.773703813552856,0.29777559420425986,3.0,0.0,0.0,-0.9976633196502763,true,0.03575081533538746,0.0586848535320886,0.0,sqrt_abs(pow2(v1)),-0.9907180686703486,0.00027545871271995523,0.04792381044229276,0.00027545871271995523,16.0,0.013686038639562309,sqrt_abs(pow2(v1))
9.633584976196289,0.16701408949582022,6.0,0.0,1.0,-0.9976626464120878,true,0.02195667320046904,0.045118756821319245,1.0,sqrt_abs(pow2((-0.0137941421349184-v1))),-0.9970292442705968,8.816274544207069e-5,0.031869622572172226,8.816274544207069e-5,256.0,0.007639017370999881,sqrt_abs(pow2((-0.0138-v1)))
12.073498964309692,0.0,7.0,0.0,0.0,-1.0,true,0.0,0.0,0.0,sqrt_abs((pow2(v1)+(v2*v2))),-1.0,0.0,0.0,0.0,512.0,0.0,sqrt_abs((pow2(v1)+(v2*v2)))
