max_are,compl,dim_penalty,age,minus_spearman,valid,max_ae,q75_are,n_params,eqs_orig,minus_r2,mse,mare,ms_processed_e,recursive_compl,mae,eqs_orig_rounded
0.769599253972468,1.0,0,6387.0,-1.0,true,31.46175895905491,0.5653544623687768,0.0,v1,-0.23207596005128772,103.97669332875144,0.36110504409031774,103.97669332875144,2.0,4.565745478711937,v1
3.0184630023907366,3.0,0,2377.0,-1.0,true,4.90681626110198,2.344428105646445,1.0,(3.81931191152553*v1),-0.9245636603912819,10.214058606451593,1.503974870747006,10.214058606451593,3.0,2.9318631731736158,(3.82*v1)
0.7761534506110965,4.0,0,2458.0,-1.0,true,3.227529124713258,0.730845850978421,1.0,pow2((v1/1.45704302655724)),-0.9756725663909367,3.29392748795059,0.5546476156384239,3.29392748795059,8.0,1.4563497152024247,pow2((v1/1.46))
7.53427700464736e-16,5.0,0,8041.0,-1.0,true,2.6645352591003757e-15,4.3888347930036435e-16,1.0,sqrt_abs(pow3((1.25992104989487*v1))),-1.0,1.21040845144849e-30,2.9744051487364984e-16,1.21040845144849e-30,256.0,7.105427357601002e-16,sqrt_abs(pow3((1.26*v1)))
1.2289393602462119e-15,7.0,0,6079.0,-1.0,true,8.881784197001252e-16,5.408144833546643e-16,2.0,(0.417412083690865*pow3(sqrt_abs((2.25579685586257*v1)))),-1.0,2.107737731137391e-31,3.3441371262301395e-16,2.107737731137391e-31,257.0,3.219646771412954e-16,(0.417*pow3(sqrt_abs((2.26*v1))))
6.144696801231059e-16,9.0,0,922.0,-1.0,true,8.881784197001252e-16,2.418125187115534e-16,2.0,(0.606842255898952*pow3(sqrt_abs((v1+(0.757759508036234*v1))))),-1.0,1.9505818476753924e-31,1.8622723433605958e-16,1.9505818476753924e-31,4.294967297e9,2.9420910152566647e-16,(0.607*pow3(sqrt_abs((v1+(0.758*v1)))))
9.36091214746003e-16,11.0,0,5691.0,-1.0,true,8.881784197001252e-16,4.85639845208946e-16,3.0,(0.316393323855367*pow3((sqrt_abs((v1+(v1/0.425839427029672)))/1.11083566021166))),-1.0,1.45754378191226e-31,2.595660292039301e-16,1.45754378191226e-31,8.589934593e9,2.1649348980190552e-16,(0.316*pow3((sqrt_abs((v1+(v1/0.426)))/1.11)))
6.144696801231059e-16,13.0,0,5577.0,-1.0,true,4.440892098500626e-16,4.480172992359889e-16,4.0,(0.316393323855367*pow3((sqrt_abs((v1+((-8.017730809982911e-17+v1)/0.425839427029672)))/1.11083566021166))),-1.0,6.440309734030916e-32,2.3653705145570375e-16,6.440309734030916e-32,3.6893488147419103e19,1.7208456881689927e-16,(0.316*pow3((sqrt_abs((v1+((-8.02e-17+v1)/0.426)))/1.11)))
