max_are,compl,dim_penalty,age,minus_spearman,valid,max_ae,q75_are,n_params,eqs_orig,minus_r2,mse,mare,ms_processed_e,recursive_compl,mae,eqs_orig_rounded
0.769599253972468,1.0,0,9599.0,-1.0,true,31.46175895905491,0.5653544623687768,0.0,v1,-0.23207596005128772,103.97669332875144,0.36110504409031774,103.97669332875144,2.0,4.565745478711937,v1
3.20650277668544,3.0,0,1839.0,-1.0,true,4.685882259294457,2.5009271217519746,1.0,(v1/0.250123021834878),-0.9214468002646108,10.636080567843958,1.6117869656743913,10.636080567843958,3.0,3.0079825450250084,(v1/0.25)
0.7761755383696476,4.0,0,4557.0,-1.0,true,3.227988465578048,0.7308724094037031,1.0,pow2((-0.686287668741708*v1)),-0.9756725548415712,3.2939290517313524,0.5546718254564466,3.2939290517313524,8.0,1.4560772258697523,pow2((-0.686*v1))
7.53427700464736e-16,5.0,0,9604.0,-1.0,true,2.6645352591003757e-15,4.3888347930036435e-16,1.0,sqrt_abs(pow3((1.25992104989487*v1))),-1.0,1.21040845144849e-30,2.9744051487364984e-16,1.21040845144849e-30,256.0,7.105427357601002e-16,sqrt_abs(pow3((1.26*v1)))
6.240608098306687e-16,7.0,0,7191.0,-1.0,true,8.881784197001252e-16,4.885792067618653e-16,2.0,(0.980699384257723*pow3(sqrt_abs((v1/-0.783454783459235)))),-1.0,1.5931292499971216e-31,2.3677151054536757e-16,1.5931292499971216e-31,257.0,2.609024107869118e-16,(0.981*pow3(sqrt_abs((v1/-0.783))))
7.53427700464736e-16,11.0,0,9301.0,-1.0,true,8.881784197001252e-16,2.5898377155551265e-16,3.0,(pow3((2.33163505140724*(v1*sqrt_abs((-0.229736540770793/v1)))))/0.986987936767767),-1.0,9.614242282381081e-32,1.739199392056177e-16,9.614242282381081e-32,262145.0,1.554312234475219e-16,(pow3((2.33*(v1*sqrt_abs((-0.23/v1)))))/0.987)
5.65070775348552e-16,14.0,0,2723.0,-1.0,true,6.661338147750939e-16,3.561479594311897e-16,2.0,(0.0772781645138923*pow3(((v1*exp((v1*(0.968972476918047/v1))))/sqrt_abs(v1)))),-1.0,6.286235338479937e-32,1.7780107659409652e-16,6.286235338479937e-32,1.7976931348623157e308,1.4432899320127036e-16,(0.0773*pow3(((v1*exp((v1*(0.969/v1))))/sqrt_abs(v1))))
1.0241161335385098e-15,16.0,0,441.0,-1.0,true,5.551115123125783e-16,1.4939946446847607e-16,3.0,(0.0772781645138923*pow3(((v1*exp((v1*(0.968972476918047/v1))))/sqrt_abs((1.78612769635236e-16+v1))))),-1.0,3.4512664603419264e-32,1.5683051697137137e-16,3.4512664603419264e-32,1.7976931348623157e308,8.881784197001253e-17,(0.0773*pow3(((v1*exp((v1*(0.969/v1))))/sqrt_abs((1.79e-16+v1)))))
