time_stamp,max_are,compl,dim_penalty,age,minus_spearman,valid,max_ae,q75_are,n_params,eqs_orig,minus_r2,mse,mare,ms_processed_e,recursive_compl,mae,eqs_orig_rounded
15.230257034301758,3.821601211057733,2.0,0.0,0.0,-0.01276879352845558,true,0.3821601211057733,0.5011242968284035,1.0,0.382160121105773,0.00034119200369797653,0.029687000177411736,0.6637054229423641,0.029687000177411736,1.0,0.14509037012556428,0.382
14.48507308959961,0.29777559420425986,3.0,0.0,2.0,-0.9976633196502763,true,0.03575081533538746,0.0586848535320886,0.0,sqrt_abs(pow2(v1)),-0.9907180686703486,0.00027545871271995523,0.04792381044229276,0.00027545871271995523,16.0,0.013686038639562309,sqrt_abs(pow2(v1))
14.888208150863647,0.17070483403011413,4.0,0.0,1.0,-0.9976626464120878,true,0.02234601297445865,0.043690038446838025,1.0,(0.0134048023609288+v1),-0.997026972889952,8.823015292078212e-5,0.031792086973227864,8.823015292078212e-5,3.0,0.007624720038353643,(0.0134+v1)
10.746719121932983,0.17070483389142366,6.0,0.0,3.0,-0.9976625853646766,true,0.02234601295982805,0.04369003850052627,1.0,sqrt_abs(pow2((0.0134048023755594+v1))),-0.9970269728902293,8.823015291255293e-5,0.03179208697559709,8.823015291255293e-5,256.0,0.007624720038593494,sqrt_abs(pow2((0.0134+v1)))
15.11139702796936,0.0,7.0,0.0,0.0,-1.0,true,0.0,0.0,0.0,sqrt_abs((pow2(v2)+(v1*v1))),-1.0,0.0,0.0,0.0,512.0,0.0,sqrt_abs((pow2(v2)+(v1*v1)))
