time,generation,mean age hall_of_fame,mean compl,mean recursive_compl,mean n_params,min mae,min mse,min max_ae,min minus_r2,min mare,min q75_are,min max_are,min ms_processed_e,min minus_spearman,max penalty
13.4689781665802,1.0,0.0,6.166666666666667,43736.0,0.5,0.0048584763801287215,4.201617046452322e-5,0.022039959554238084,-0.9985842117494279,0.02078679481934921,0.013249922142535947,0.17070483389142366,4.201617046452322e-5,-0.9997240311649612,5.0
