max_are,compl,dim_penalty,age,minus_spearman,valid,max_ae,q75_are,n_params,eqs_orig,minus_r2,mse,mare,ms_processed_e,recursive_compl,mae,eqs_orig_rounded
0.16652471052232223,1.0,0,8525.0,100.0,true,2.407614869086375,0.14318229960699805,1.0,12.9720106838215,0.001182601523398441,1.8208199361701978,0.08938076287926479,1.8208199361701978,1.0,1.1531862412910767,13.0
0.017466324061784985,4.0,0,8521.0,-1.0,true,0.2525281765585845,0.015018002055638621,1.0,(15.9308870170869-log(v1)),-0.9889856481421554,0.02003146220903242,0.009374905166298532,0.02003146220903242,5.0,0.12095456899811409,(15.9-log(v1))
4.2683845591343105e-15,6.0,0,8274.0,-1.0,true,4.796163466380676e-14,2.9212555031463217e-15,2.0,(15.65-(0.905069700286375*log(v1))),-1.0,9.819497821758779e-28,2.2470588659972035e-15,9.819497821758779e-28,6.0,2.862667368110404e-14,(15.6-(0.905*log(v1)))
4.2683845591343105e-15,9.0,0,1547.0,-1.0,true,4.796163466380676e-14,2.9212555031463217e-15,3.0,(13.3869619327291+(log(sqrt_abs((0.0820520090321345*v1)))/-0.552443640353659)),-1.0,9.807361500139995e-28,2.247423733303607e-15,9.807361500139995e-28,258.0,2.862667368110404e-14,(13.4+(log(sqrt_abs((0.0821*v1)))/-0.552))
3.6740468815950124e-15,10.0,0,1874.0,-1.0,true,4.973799150320701e-14,2.6119641298224463e-15,3.0,((-0.905069700286372*log(((v1/0.997355920964406)-v1)))--10.2804161629759),-1.0,6.61793617872335e-28,1.8157564952845303e-15,6.61793617872335e-28,34.0,2.2887674661503228e-14,((-0.905*log(((v1/0.997)-v1)))--10.3)
3.4510284629134517e-15,14.0,0,931.0,-1.0,true,4.263256414560601e-14,2.5038217644068498e-15,3.0,((-0.905069700286372*log(((((3.01551871534823*v1)-v1)-v1)-v1)))--11.8797434187674),-1.0,6.383705171480804e-28,1.7409748164872076e-15,6.383705171480804e-28,514.0,2.213613907560312e-14,((-0.905*log(((((3.02*v1)-v1)-v1)-v1)))--11.9)
3.4510284629134517e-15,19.0,0,1135.0,-1.0,true,4.085620730620576e-14,2.3485887130723064e-15,3.0,((log((v1-(-0.404513689400413+v1)))*log(((((3.01551871534823*v1)-v1)-v1)-v1)))--11.8797434187674),-1.0,5.353331466045974e-28,1.5137096467126862e-15,5.353331466045974e-28,16386.0,1.9471603816502746e-14,((log((v1-(-0.405+v1)))*log(((((3.02*v1)-v1)-v1)-v1)))--11.9)
