time_stamp,max_are,compl,dim_penalty,age,minus_spearman,valid,max_ae,q75_are,n_params,eqs_orig,minus_r2,mse,mare,ms_processed_e,recursive_compl,mae,eqs_orig_rounded
31.364307165145874,0.29777559420425986,1.0,0.0,44.0,-0.9976625853646766,true,0.03575081533538746,0.0586848535320886,0.0,v1,-0.9907180686703486,0.00027545871271995523,0.047923810442292776,0.00027545871271995523,2.0,0.013686038639562309,v1
53.2339870929718,0.16732969080011323,4.0,0.0,22.0,-0.9976626464120878,true,0.021989966249972348,0.044996584891437964,1.0,(v1--0.0137608490854151),-0.9970294494728955,8.81566556791712e-5,0.0318614989462132,8.81566556791712e-5,3.0,0.007637016149445038,(v1--0.0138)
70.48603701591492,0.226075313498626,6.0,0.0,3.0,-0.9976618489329045,true,0.02384887673592985,0.0384293321776534,1.0,(6.38850930481772*(v1/(5.72256737942752+v1))),-0.9971452306688211,8.472063163911268e-5,0.029388990932616963,8.472063163911268e-5,7.0,0.007312088405489548,(6.39*(v1/(5.72+v1)))
72.75999021530151,0.0,7.0,0.0,0.0,-1.0,true,0.0,0.0,0.0,sqrt_abs((pow2(v2)+(v1*v1))),-1.0,0.0,0.0,0.0,512.0,0.0,sqrt_abs((pow2(v2)+(v1*v1)))
