time_stamp,max_are,compl,dim_penalty,age,minus_spearman,valid,max_ae,q75_are,n_params,eqs_orig,minus_r2,mse,mare,ms_processed_e,recursive_compl,mae,eqs_orig_rounded
22.574403047561646,0.29777559420425986,1.0,0.0,22.0,-0.9976625853646766,true,0.03575081533538746,0.0586848535320886,0.0,v1,-0.9907180686703486,0.00027545871271995523,0.047923810442292776,0.00027545871271995523,2.0,0.013686038639562309,v1
35.1214599609375,0.16712454304380267,4.0,0.0,8.0,-0.9976626464120878,true,0.02196832503900953,0.0450759993202072,1.0,(v1--0.0137824902963779),-0.9970293245837576,8.816036199846503e-5,0.031866779480912946,8.816036199846503e-5,3.0,0.007638316987262479,(v1--0.0138)
44.40927290916443,0.0,6.0,0.0,0.0,-1.0,true,0.0,0.0,0.0,sqrt_abs((pow2(v2)+pow2(v1))),-1.0,0.0,0.0,0.0,256.0,0.0,sqrt_abs((pow2(v2)+pow2(v1)))
