time,generation,mean age hall_of_fame,mean compl,mean recursive_compl,mean n_params,min mae,min mse,min max_ae,min minus_r2,min mare,min q75_are,min max_are,min ms_processed_e,min minus_spearman,max penalty
16.430142879486084,1.0,0.0,11.285714285714286,19147.85714285714,1.8571428571428572,0.0030578805743154518,1.887372366068508e-5,0.01413246279307978,-0.9993640258998401,0.016246486156128098,0.012030113167240637,0.13396861377708819,1.887372366068508e-5,-0.9997709639852415,0.0
22.356728076934814,4.0,1.5833333333333333,11.0,252.58333333333334,2.1666666666666665,0.0030578805743154518,1.8866735459288765e-5,0.01413246279307978,-0.9993642613761655,0.016246486156128098,0.012030113167240637,0.13396861377708819,1.8866735459288765e-5,-0.9997712086632362,0.0
27.887408018112183,10.0,2.5,13.833333333333334,368.75,2.9166666666666665,0.0022506410902134264,1.0128813791113397e-5,0.012029678025837001,-0.9996586967493908,0.01117338345007144,0.006708776741991965,0.11939836430551395,1.0128813791113397e-5,-0.999877313054315,0.0
33.320199966430664,16.0,4.6923076923076925,14.76923076923077,645376.2307692308,2.8461538461538463,0.00159157715983534,7.046285337306801e-6,0.010531210199502164,-0.9997625664623776,0.00891740068028496,0.00433436115791948,0.09983055695807604,7.046285337306801e-6,-0.999877313054315,0.0
38.70815896987915,22.0,6.0,13.272727272727273,965231.9090909091,2.5454545454545454,0.0017979865168578652,5.076525475864416e-6,0.01047764199578663,-0.9998289400237338,0.007842176385203342,0.005988297249074062,0.1047764199578663,5.076525475864416e-6,-0.9998945688520879,0.0
44.51379108428955,27.0,10.0,3.6666666666666665,87.0,0.3333333333333333,0.0,0.0,0.0,-1.0,0.0,0.0,0.0,0.0,-1.0,0.0
