time,generation,mean age hall_of_fame,mean compl,mean recursive_compl,mean n_params,min mae,min mse,min max_ae,min minus_r2,min mare,min q75_are,min max_are,min ms_processed_e,min minus_spearman,max penalty
13.903720140457153,1.0,0.0,5.0,43776.0,0.3333333333333333,0.0076266844157367565,8.81771120250159e-5,0.022226185954088956,-0.9970287601703299,0.03181149129831772,0.04412975480051853,0.16956893436089104,8.81771120250159e-5,-0.997662584792462,3.0
19.045243978500366,9.0,2.2857142857142856,9.0,609.7142857142857,1.2857142857142858,0.0031199538967573532,2.3551463793747055e-5,0.015178940311537256,-0.999206403502406,0.017960082648146473,0.020321064687394717,0.14388869243211813,2.3551463793747055e-5,-0.9997242145331597,7.0
24.231593132019043,18.0,3.6666666666666665,8.666666666666666,8.833333333333334,1.3333333333333333,0.002316221142506949,1.323956589796411e-5,0.015023233917862935,-0.999553876004553,0.011721024364745146,0.006117901521730601,0.14241267441443822,1.323956589796411e-5,-0.9997240923553904,2.0
