time,generation,mean age hall_of_fame,mean compl,mean recursive_compl,mean n_params,min mae,min mse,min max_ae,min minus_r2,min mare,min q75_are,min max_are,min ms_processed_e,min minus_spearman,max penalty
12.76821494102478,1.0,0.0,8.333333333333334,21947.0,1.3333333333333333,0.007535323443406463,8.512070307291136e-5,0.018494498698692602,-0.9971317497535188,0.0319726265113015,0.040065876035935005,0.16318740271248192,8.512070307291136e-5,-0.9976606825930711,3.0
17.788607120513916,9.0,2.857142857142857,7.714285714285714,51.714285714285715,1.4285714285714286,0.004746865890046391,5.656601324769485e-5,0.01911694851824003,-0.9980939363094642,0.023355747527262452,0.02203612400874833,0.16318740271934562,5.656601324769485e-5,-0.9996695722117775,4.0
23.208317041397095,18.0,2.6,6.6,1641.4,0.6,6.552056699154353e-19,2.860197095218222e-35,5.551115123125783e-17,-1.0,3.1111943383957527e-18,0.0,2.058323728643781e-16,2.860197095218222e-35,-1.0,3.0
