time_stamp,max_are,compl,dim_penalty,age,minus_spearman,valid,max_ae,q75_are,n_params,eqs_orig,minus_r2,mse,mare,ms_processed_e,recursive_compl,mae,eqs_orig_rounded
13.947979927062988,3.7564914359482784,2.0,0.0,0.0,-0.15645120233322984,true,0.3756491435948279,0.4755491883908638,1.0,0.375649143594828,0.00037341145701730305,0.02968795635008967,0.6547495930546067,0.02968795635008967,1.0,0.14566735556715837,0.376
13.564888000488281,0.29777559420425986,3.0,0.0,1.0,-0.9976633196502763,true,0.03575081533538746,0.0586848535320886,0.0,sqrt_abs(pow2(v1)),-0.9907180686703486,0.00027545871271995523,0.04792381044229276,0.00027545871271995523,16.0,0.013686038639562309,sqrt_abs(pow2(v1))
13.943383932113647,0.2772685374397659,4.0,0.0,0.0,-0.9976626464120878,true,0.03119644434917454,0.03318373033151002,1.0,(1.02920299635735*v1),-0.9954120097628458,0.00013615721123264043,0.03464728932184082,0.00013615721123264043,3.0,0.008843749771980932,(1.03*v1)
10.855044841766357,0.1695063924593513,6.0,0.0,2.0,-0.9976626464120878,true,0.022219588355803815,0.04415396529871866,1.0,sqrt_abs(pow2((0.0135312269795837+v1))),-0.9970288304708118,8.817502572642795e-5,0.031812559687914174,8.817502572642795e-5,256.0,0.0076267925730856955,sqrt_abs(pow2((0.0135+v1)))
13.82628583908081,0.0,7.0,0.0,0.0,-1.0,true,0.0,0.0,0.0,sqrt_abs((pow2(v1)+(v2*v2))),-1.0,0.0,0.0,0.0,512.0,0.0,sqrt_abs((pow2(v1)+(v2*v2)))
