time_stamp,max_are,compl,dim_penalty,age,minus_spearman,valid,max_ae,q75_are,n_params,eqs_orig,minus_r2,mse,mare,ms_processed_e,recursive_compl,mae,eqs_orig_rounded
1342.173423051834,0.17308766047591936,2.0,0.0,2245.0,100.0,true,2.3346334258751735,0.14661122445487051,1.0,13.0449921270327,0.007833348900250225,1.8329154454167396,0.09006538596518356,1.8329154454167396,1.0,1.1555517180021329,13.0
1000.0813579559326,0.01735157662547593,5.0,0.0,3908.0,-1.0,true,0.2538041932227131,0.014905550740265236,1.0,log((8.30329543020389e6/v1)),-0.9889915786301525,0.020020676613317894,0.009366113056450171,0.020020676613317894,8.0,0.12095456899811421,log((8.3e6/v1))
1117.3149271011353,0.017111018900738507,7.0,0.0,3342.0,-1.0,true,0.2538042015567683,0.014760405911658054,1.0,log((v1+(8.30329368189558e6/v1))),-0.9890808568818489,0.019858309008939107,0.009322679648578401,0.019858309008939107,32.0,0.12046063811488303,log((v1+(8.3e6/v1)))
1432.3636100292206,4.2683845591343105e-15,8.0,0.0,1799.0,-1.0,true,4.796163466380676e-14,2.9212555031463217e-15,2.0,((-0.905069700286375*log(v1))--15.65),-1.0,9.819497821758779e-28,2.2470588659972035e-15,9.819497821758779e-28,6.0,2.862667368110404e-14,((-0.905*log(v1))--15.6)
689.5070600509644,3.9522079251243615e-15,10.0,0.0,5378.0,-1.0,true,4.973799150320701e-14,2.672544482763662e-15,2.0,(-0.603379800190918*log(pow3((0.000175873957239332*sqrt_abs(v1))))),-1.0,9.687211916114025e-28,2.219206571412148e-15,9.687211916114025e-28,4.294967297e9,2.828506659660399e-14,(-0.603*log(pow3((0.000176*sqrt_abs(v1)))))
1359.0412809848785,3.3015825127832045e-15,13.0,0.0,2162.0,-1.0,true,4.263256414560601e-14,2.5705066439063286e-15,3.0,(-0.905069700286376*log((6.97316646008114e-6*(v1+(-0.9955641889503*v1))))),-1.0,6.551186409820033e-28,1.770077223906936e-15,6.551186409820033e-28,65.0,2.26827104108032e-14,(-0.905*log((6.97e-6*(v1+(-0.996*v1)))))
