time_stamp,max_are,compl,dim_penalty,age,minus_spearman,valid,max_ae,q75_are,n_params,eqs_orig,minus_r2,mse,mare,ms_processed_e,recursive_compl,mae,eqs_orig_rounded
14.771071910858154,0.29777559420425986,1.0,0.0,38.0,-0.9976625853646766,true,0.03575081533538746,0.0586848535320886,0.0,v1,-0.9907180686703486,0.00027545871271995523,0.047923810442292776,0.00027545871271995523,2.0,0.013686038639562309,v1
25.022502899169922,0.24430429947079627,4.0,3.0,25.0,-0.9997240923553904,true,0.025771867940690155,0.023169620337597466,0.0,(v1+pow2(v2)),-0.9980811142572722,5.6946531683545084e-5,0.02323918302445712,5.6946531683545084e-5,6.0,0.004578983942692609,(v1+pow2(v2))
26.07594895362854,0.16742296926017622,4.0,0.0,24.0,-0.9976625853646766,true,0.021999806273908323,0.04496047601188877,1.0,(v1--0.0137510090614791),-0.9970294958203327,8.815528023208679e-5,0.03185909794435018,8.815528023208679e-5,3.0,0.0076364246725964405,(v1--0.0138)
27.208833932876587,0.1674229981419923,6.0,0.0,22.0,-0.9976626464120878,true,0.021999809320675606,0.04496046483149393,1.0,sqrt_abs(pow2((0.0137510060147118+v1))),-0.9970294958336727,8.81552798361963e-5,0.03185909720092777,8.81552798361963e-5,256.0,0.007636424489457408,sqrt_abs(pow2((0.0138+v1)))
19.319902896881104,0.22989284428556916,7.0,0.0,30.0,-0.9997513220199944,true,0.024251591299340056,0.012008747268011138,1.0,(v1+pow2((1.12672871756603*v2))),-0.9984373274576082,4.637523718312677e-5,0.021297916551789586,4.637523718312677e-5,10.0,0.00461591329036653,(v1+pow2((1.13*v2)))
28.752320051193237,0.2076957623867961,7.0,1.0,20.0,-0.9997240923553904,true,0.02191000228677238,0.013016353057876033,1.0,(pow2(v2)-(-0.00386186565391777-v1)),-0.9985848198508157,4.199812391585204e-5,0.020789577369834104,4.199812391585204e-5,7.0,0.004900375171278862,(pow2(v2)-(-0.00386-v1))
34.70105290412903,0.22989279863277315,8.0,0.0,13.0,-0.9997517503531299,true,0.02425158648338785,0.0120087064729066,1.0,(v1-(-1.26951845676937*(v2*v2))),-0.998437327490979,4.637523619278286e-5,0.021297915835129144,4.637523619278286e-5,8.0,0.0046159157579149105,(v1-(-1.27*(v2*v2)))
48.78470706939697,0.0,9.0,0.0,0.0,-1.0,true,0.0,0.0,1.0,(0.0+sqrt_abs((pow2(v1)+pow2(v2)))),-1.0,0.0,0.0,0.0,257.0,0.0,(0.0+sqrt_abs((pow2(v1)+pow2(v2))))
