time,generation,mean age hall_of_fame,mean compl,mean recursive_compl,mean n_params,min mae,min mse,min max_ae,min minus_r2,min mare,min q75_are,min max_are,min ms_processed_e,min minus_spearman,max penalty
12.499265909194946,1.0,0.0,7.0,29215.666666666668,0.7777777777777778,0.007636425119796496,8.815528119887359e-5,0.02199979883412534,-0.9970294957877556,0.031859099759684435,0.043502435211989536,0.16742289873478908,8.815528119887359e-5,-0.9976616619289308,3.0
17.842612981796265,9.0,2.25,6.875,105.625,1.375,0.0032304057392831278,2.4426862819029432e-5,0.014779378921144684,-0.9991769058199457,0.018530218244894966,0.012884713652334897,0.1401010521337868,2.4426862819029432e-5,-0.9997245818788241,5.0
23.674320936203003,15.0,5.111111111111111,8.333333333333334,1.9974368165136842e307,1.3333333333333333,0.002680227162540165,1.7987365843361653e-5,0.013507177057789713,-0.9993938928527226,0.014754134169603502,0.005509348318474736,0.12804122062573942,1.7987365843361653e-5,-0.9998053525332117,3.0
28.98881697654724,23.0,4.25,9.166666666666666,43888.75,1.5833333333333333,0.0011586079347247794,2.2436812580911266e-6,0.0031446713501377954,-0.9999243963091325,0.002925184764972978,0.003970475827757598,0.00890164414412642,2.2436812580911266e-6,-0.9999341590783983,5.0
34.02881193161011,29.0,8.0,9.615384615384615,40395.153846153844,1.6153846153846154,0.0011586079347247794,2.2436812580911266e-6,0.0031446713501377954,-0.9999243963091325,0.002925184764972978,0.003970475827757598,0.00890164414412642,2.2436812580911266e-6,-0.9999341590783983,5.0
40.07574701309204,35.0,10.266666666666667,9.666666666666666,1.1984620899082106e307,1.6,0.0011586079347247794,2.2436812580911266e-6,0.0031446713501377954,-0.9999243963091325,0.002925184764972978,0.003970475827757598,0.00890164414412642,2.2436812580911266e-6,-0.9999341590783983,5.0
45.377580881118774,39.0,11.5,11.5625,49227.875,1.8125,0.0005166520036504138,1.3542670947905068e-6,0.002998896001696283,-0.9999543662494763,0.0028536929389218575,0.0016265911758511368,0.008475221170193739,1.3542670947905068e-6,-0.9999810309542982,5.0
