time_stamp,max_are,compl,dim_penalty,age,minus_spearman,valid,max_ae,q75_are,n_params,eqs_orig,minus_r2,mse,mare,ms_processed_e,recursive_compl,mae,eqs_orig_rounded
23.7257981300354,0.29777559420425986,1.0,0.0,75.0,-0.9976625853646766,true,0.03575081533538746,0.0586848535320886,0.0,v1,-0.9907180686703486,0.00027545871271995523,0.047923810442292776,0.00027545871271995523,2.0,0.013686038639562309,v1
34.25481700897217,0.1644469352809509,4.0,0.0,59.0,-0.9976625853646766,true,0.021685861923089522,0.04490403648254383,1.0,(0.0140649534122979+v1),-0.9970248000681402,8.829463548135992e-5,0.0319357015152472,8.829463548135992e-5,3.0,0.007655295644503574,(0.0141+v1)
66.28972101211548,0.22914325983451783,7.0,0.0,4.0,-0.9997515667970421,true,0.024172516999277652,0.011569426753459584,1.0,(v1+(1.28353604886231*pow2(v2))),-0.998436940255918,4.638672811915641e-5,0.02128614952808425,4.638672811915641e-5,7.0,0.004656428572266984,(v1+(1.28*pow2(v2)))
68.72918605804443,0.0,8.0,0.0,0.0,-1.0,true,0.0,0.0,0.0,sqrt_abs(((v1*v1)+(v2*v2))),-1.0,0.0,0.0,0.0,1024.0,0.0,sqrt_abs(((v1*v1)+(v2*v2)))
