time,generation,mean age hall_of_fame,mean compl,mean recursive_compl,mean n_params,min mae,min mse,min max_ae,min minus_r2,min mare,min q75_are,min max_are,min ms_processed_e,min minus_spearman,max penalty
12.207665920257568,1.0,0.0,4.8,39424.0,0.4,0.007638373483837969,8.816054419122898e-5,0.021967385134373962,-0.9970293184445409,0.03186700881936184,0.0450794483614407,0.1671156332222837,8.816054419122898e-5,-0.9976626464120878,3.0
17.271492958068848,5.0,1.0,3.75,69.0,0.5,0.0,0.0,0.0,-1.0,0.0,0.0,0.0,0.0,-1.0,0.0
