time_stamp,max_are,compl,dim_penalty,age,minus_spearman,valid,max_ae,q75_are,n_params,eqs_orig,minus_r2,mse,mare,ms_processed_e,recursive_compl,mae,eqs_orig_rounded
16.383376121520996,3.8177336509189033,2.0,0.0,2.0,-0.01276879352845558,true,0.38177336509189036,0.49960511987267026,1.0,0.38177336509189,0.00026329356313392616,0.02968468839515451,0.6631565285159535,0.02968468839515451,1.0,0.14511821400630553,0.382
16.203715085983276,0.29777559420425986,3.0,0.0,2.0,-0.9976633196502763,true,0.03575081533538746,0.0586848535320886,0.0,sqrt_abs(pow2(v1)),-0.9907180686703486,0.00027545871271995523,0.04792381044229276,0.00027545871271995523,16.0,0.013686038639562309,sqrt_abs(pow2(v1))
17.076102018356323,0.16711563309064825,4.0,0.0,0.0,-0.9976626464120878,true,0.021967385120487626,0.04507944843831038,1.0,(v1--0.0137834302148998),-0.9970293184444033,8.81605441953093e-5,0.03186700882447316,8.81605441953093e-5,3.0,0.007638373485097129,(v1--0.0138)
17.176176071166992,0.0,6.0,0.0,0.0,-1.0,true,0.0,0.0,0.0,sqrt_abs((pow2(v1)+pow2(v2))),-1.0,0.0,0.0,0.0,256.0,0.0,sqrt_abs((pow2(v1)+pow2(v2)))
