time_stamp,max_are,compl,dim_penalty,age,minus_spearman,valid,max_ae,q75_are,n_params,eqs_orig,minus_r2,mse,mare,ms_processed_e,recursive_compl,mae,eqs_orig_rounded
66.49101400375366,0.769599253972468,1.0,2.0,13253.0,-1.0,true,31.46175895905491,0.5653544623687768,0.0,v1,-0.23207596005128772,103.97669332875144,0.36110504409031774,103.97669332875144,2.0,4.565745478711937,v1
14.078740119934082,0.2928932188134529,3.0,2.5,13587.0,-1.0,true,11.973680852060998,0.2928932188134527,0.0,sqrt_abs(pow3(v1)),-0.8843021446925887,15.665456209570419,0.2928932188134525,15.665456209570419,16.0,2.012460513716631,sqrt_abs(pow3(v1))
24.3319411277771,0.7592499670479129,5.0,3.5,13535.0,-1.0,true,2.554736254482215,0.5827692521028319,0.0,(v1+sqrt_abs(pow3(v1))),-0.9923544057256206,1.0352112576607104,0.3689288688256869,1.0352112576607104,18.0,0.8081880930717797,(v1+sqrt_abs(pow3(v1)))
14.603799104690552,7.53427700464736e-16,6.0,0.0,13584.0,-1.0,true,2.6645352591003757e-15,4.3888347930036435e-16,1.0,sqrt_abs(pow3((1.25992104989487*v1))),-1.0,1.21040845144849e-30,2.9744051487364984e-16,1.21040845144849e-30,256.0,7.105427357601002e-16,sqrt_abs(pow3((1.26*v1)))
108.27191615104675,7.53427700464736e-16,8.0,0.0,12967.0,-1.0,true,1.7763568394002505e-15,5.580164479680065e-16,1.0,pow3(((v1/0.890898718140339)/sqrt_abs(v1))),-1.0,5.081373565271283e-31,3.130424395455333e-16,5.081373565271283e-31,8192.0,4.718447854656915e-16,pow3(((v1/0.891)/sqrt_abs(v1)))
772.6578512191772,6.144696801231059e-16,9.0,0.0,8077.0,-1.0,true,8.881784197001252e-16,4.1581033078020245e-16,2.0,(0.930831824391391*pow3(sqrt_abs((v1/0.756665878577744)))),-1.0,1.5068475884885733e-31,2.1486760197383152e-16,1.5068475884885733e-31,257.0,2.498001805406602e-16,(0.931*pow3(sqrt_abs((v1/0.757))))
534.6780431270599,5.65070775348552e-16,12.0,0.0,9783.0,-1.0,true,8.881784197001252e-16,1.9754205691608311e-16,3.0,(0.930831824391391*pow3(sqrt_abs(((-6.08209255882109e-17-v1)/0.756665878577744)))),-1.0,1.355854680848614e-31,1.413638156970482e-16,1.355854680848614e-31,65537.0,1.9984014443252818e-16,(0.931*pow3(sqrt_abs(((-6.08e-17-v1)/0.757))))
1746.8004531860352,8.192929068308079e-16,16.0,0.0,442.0,-1.0,true,8.881784197001252e-16,3.30496364241448e-16,3.0,(pow3((v1/((1.23691528101685*v1)/sqrt_abs((1.20180621617266*v1)))))/0.492285230751744),-1.0,1.1586394545433611e-31,2.017929773320987e-16,1.1586394545433611e-31,2.251799813685249e15,1.9984014443252818e-16,(pow3((v1/((1.24*v1)/sqrt_abs((1.2*v1)))))/0.492)
