time_stamp,max_are,compl,dim_penalty,age,minus_spearman,valid,max_ae,q75_are,n_params,eqs_orig,minus_r2,mse,mare,ms_processed_e,recursive_compl,mae,eqs_orig_rounded
433.60267519950867,0.17327352394884807,2.0,0.0,6551.0,100.0,true,2.332566583282972,0.14655523369874052,1.0,13.0470589696249,0.00810698809095367,1.833413104578008,0.0900918435409446,1.833413104578008,1.0,1.1557107058938405,13.0
411.51893401145935,0.017029229776318527,5.0,0.0,6655.0,-1.0,true,0.25738876089920204,0.014589654121045032,1.0,log((8.33311256345037e6/v1)),-0.9889986583382993,0.020007800966341766,0.009341414387806845,0.020007800966341766,8.0,0.12095456899811388,log((8.33e6/v1))
1464.8305370807648,0.01684549339900626,7.0,0.0,1661.0,-1.0,true,0.2567648008766561,0.01449992636762483,1.0,log((v1+(8.32791283865078e6/v1))),-0.989085811983441,0.01984929731841329,0.009302408580853296,0.01984929731841329,32.0,0.12046209700893236,log((v1+(8.33e6/v1)))
1169.596606016159,4.2683845591343105e-15,8.0,0.0,3081.0,-1.0,true,4.796163466380676e-14,2.9212555031463217e-15,2.0,((-0.905069700286375*log(v1))--15.65),-1.0,9.819497821758779e-28,2.2470588659972035e-15,9.819497821758779e-28,6.0,2.862667368110404e-14,((-0.905*log(v1))--15.6)
464.60519909858704,4.1102962421293356e-15,11.0,0.0,6405.0,-1.0,true,4.973799150320701e-14,2.955649088012298e-15,3.0,((-0.905069700286376*log((0.000102115391790924*v1)))--7.33294607739715),-1.0,9.767311638798005e-28,2.219090489671232e-15,9.767311638798005e-28,10.0,2.828506659660399e-14,((-0.905*log((0.000102*v1)))--7.33)
995.8618640899658,3.5507664467616027e-15,13.0,0.0,3898.0,-1.0,true,4.973799150320701e-14,2.38716760669249e-15,3.0,(10.3279596221522+(-0.905069700286373*log((v1+(-0.99720592652451*v1))))),-1.0,5.806016262426647e-28,1.5634026183328608e-15,5.806016262426647e-28,34.0,1.994985373480281e-14,(10.3+(-0.905*log((v1+(-0.997*v1)))))
