time,generation,mean age hall_of_fame,mean compl,mean recursive_compl,mean n_params,min mae,min mse,min max_ae,min minus_r2,min mare,min q75_are,min max_are,min ms_processed_e,min minus_spearman,max penalty
19.629812955856323,1.0,0.0,10.666666666666666,22158.555555555555,1.8888888888888888,0.0031298816198423157,1.8771487424416327e-5,0.015060742990390882,-0.999367470879725,0.0161324532822045,0.011351077163379658,0.1427682414889256,1.8771487424416327e-5,-0.9997633138280722,0.0
25.500832080841064,5.0,1.3,10.5,268.5,2.1,0.002856391981494126,1.718876012148844e-5,0.014022545799362712,-0.999420802887249,0.014226326529519596,0.010619192806337004,0.1329266561583475,1.718876012148844e-5,-0.9997710252880027,0.0
31.02581286430359,11.0,2.4,10.4,37.3,2.2,0.002862473253391809,1.5154665545634686e-5,0.011559639335963795,-0.9994893442885525,0.013875085743679218,0.010619192806337004,0.1095795460618859,1.5154665545634686e-5,-0.9997718205544439,0.0
36.60386395454407,17.0,2.75,11.5,35.375,2.125,0.0016715128493534359,5.9776285734776465e-6,0.012869168261694104,-0.9997985762098961,0.007846988183816891,0.0046608802857412614,0.09159597544680215,5.9776285734776465e-6,-0.9998830038423142,0.0
42.41717004776001,23.0,4.2,14.4,978.1,2.6,0.00020287332151271498,1.4517626636642274e-7,0.002706803948449384,-0.9999951081012403,0.0011039935192834215,0.0006937500817551841,0.02706803948449384,1.4517626636642274e-7,-0.9999813980994645,0.0
48.05079889297485,29.0,8.833333333333334,11.666666666666666,1460.3333333333333,2.0,8.129577570231035e-15,1.1502647526577987e-28,2.983724378680108e-14,-1.0,3.242871660830691e-14,3.289384463916705e-14,2.677132517543423e-13,1.1502647526577987e-28,-1.0,0.0
