time_stamp,max_are,compl,dim_penalty,age,minus_spearman,valid,max_ae,q75_are,n_params,eqs_orig,minus_r2,mse,mare,ms_processed_e,recursive_compl,mae,eqs_orig_rounded
28.0136079788208,0.29777559420425986,1.0,0.0,22.0,-0.9976625853646766,true,0.03575081533538746,0.0586848535320886,0.0,v1,-0.9907180686703486,0.00027545871271995523,0.047923810442292776,0.00027545871271995523,2.0,0.013686038639562309,v1
29.530025005340576,0.17204320928462374,4.0,0.0,20.0,-0.9976626464120878,true,0.02248719931620141,0.04317194208435576,1.0,(0.0132636160191861+v1),-0.9970236252656854,8.832949994656799e-5,0.031773996333927156,8.832949994656799e-5,3.0,0.0076250388819894,(0.0133+v1)
48.5259690284729,0.0,7.0,0.0,0.0,-1.0,true,0.0,0.0,0.0,sqrt_abs((pow2(v2)+(v1*v1))),-1.0,0.0,0.0,0.0,512.0,0.0,sqrt_abs((pow2(v2)+(v1*v1)))
