time,generation,mean age hall_of_fame,mean compl,mean recursive_compl,mean n_params,min mae,min mse,min max_ae,min minus_r2,min mare,min q75_are,min max_are,min ms_processed_e,min minus_spearman,max penalty
16.313993215560913,1.0,0.0,11.375,24870.5,2.125,0.0030185049789541304,1.8862710041347434e-5,0.014469758791717247,-0.9993643970177378,0.016233351367852648,0.012385133310934557,0.1371660095906573,1.8862710041347434e-5,-0.9997511383417796,0.0
21.446632146835327,3.0,0.7777777777777778,12.555555555555555,39.0,2.6666666666666665,0.0030185049789541304,1.8862710041347434e-5,0.014469758791717247,-0.9993643970177378,0.016233351367852648,0.012385133310934557,0.1371660095906573,1.8862710041347434e-5,-0.9997511383417796,0.0
27.65684199333191,9.0,2.7142857142857144,9.0,25.142857142857142,1.8571428571428572,0.0027364002001194943,1.584712150153038e-5,0.014550846275255547,-0.9994660111052672,0.014673381189707345,0.009976876422594363,0.13793467800488624,1.584712150153038e-5,-0.9997711475287053,0.0
