time_stamp,max_are,compl,dim_penalty,age,minus_spearman,valid,max_ae,q75_are,n_params,eqs_orig,minus_r2,mse,mare,ms_processed_e,recursive_compl,mae,eqs_orig_rounded
23.6290922164917,0.29777559420425986,1.0,0.0,8.0,-0.9976625853646766,true,0.03575081533538746,0.0586848535320886,0.0,v1,-0.9907180686703486,0.00027545871271995523,0.047923810442292776,0.00027545871271995523,2.0,0.013686038639562309,v1
24.80699610710144,0.16892734695245887,4.0,0.0,6.0,-0.9976626464120878,true,0.022158504353730957,0.04437811870399268,1.0,(0.0135923109816565+v1),-0.9970293420400514,8.815984395021906e-5,0.031823790604243084,8.815984395021906e-5,3.0,0.007628569610507878,(0.0136+v1)
31.64863419532776,0.0,7.0,0.0,0.0,-1.0,true,0.0,0.0,0.0,sqrt_abs((pow2(v2)+(v1*v1))),-1.0,0.0,0.0,0.0,512.0,0.0,sqrt_abs((pow2(v2)+(v1*v1)))
