time_stamp,max_are,compl,dim_penalty,age,minus_spearman,valid,max_ae,q75_are,n_params,eqs_orig,minus_r2,mse,mare,ms_processed_e,recursive_compl,mae,eqs_orig_rounded
20.777870893478394,0.6299886925871417,2.0,0.0,2.0,-0.9976621525974896,true,0.21651391399575515,0.3225411545010278,0.0,(0.515950834885311*sqrt_abs(v1)),-0.5377517847200239,0.013718082349021351,0.23458557773815966,0.013718082349021351,4.0,0.09545521308187284,(0.516*sqrt_abs(v1))
22.424787998199463,0.27756661562256585,4.0,0.0,0.0,-0.9976625853646766,true,0.03126264393319858,0.03357853268036293,1.0,(1.02877851925239*v1),-0.9954110749903334,0.00013618495235933,0.03465334476325038,0.00013618495235933,3.0,0.008820418850998987,(1.03*v1)
21.500008821487427,0.17120083095587824,6.0,0.0,1.0,-0.9976625853646766,true,0.02239833611120845,0.043498033848594714,1.0,sqrt_abs(pow2((-0.013352479224179-v1))),-0.9970258889469986,8.826232095995359e-5,0.03178477471890376,8.826232095995359e-5,256.0,0.0076245057367483,sqrt_abs(pow2((-0.0134-v1)))
22.495478868484497,0.0,7.0,0.0,0.0,-1.0,true,0.0,0.0,0.0,sqrt_abs((pow2(v2)+(v1*v1))),-1.0,0.0,0.0,0.0,512.0,0.0,sqrt_abs((pow2(v2)+(v1*v1)))
