time,generation,mean age hall_of_fame,mean compl,mean recursive_compl,mean n_params,min mae,min mse,min max_ae,min minus_r2,min mare,min q75_are,min max_are,min ms_processed_e,min minus_spearman,max penalty
18.089355945587158,1.0,0.0,9.5,32856.833333333336,1.6666666666666667,0.004906124797650838,4.256023642145101e-5,0.017531536223912653,-0.9985658787557058,0.023956251304322034,0.03282017486867686,0.15001621950728927,4.256023642145101e-5,-0.9992711616030634,0.0
