max_are,compl,dim_penalty,age,minus_spearman,valid,max_ae,q75_are,n_params,eqs_orig,minus_r2,mse,mare,ms_processed_e,recursive_compl,mae,eqs_orig_rounded
18.573051160583276,1.0,0,8658.0,-0.5222329678670935,true,32.47829112439551,10.306880597648224,1.0,8.40241243223819,0.017321425301194404,137.74502731074185,6.14273643569978,137.74502731074185,1.0,8.027100677445643,8.4
3.017472647562265,3.0,0,4705.0,-1.0,true,4.91568206699862,2.3436038674934667,1.0,(3.81837063771244*v1),-0.9245652373754868,10.213845083245497,1.5034070534903667,10.213845083245497,3.0,2.931462272950586,(3.82*v1)
0.7761547973799536,4.0,0,7802.0,-1.0,true,3.227557132352425,0.7308474703396604,1.0,(pow2(v1)/2.12298715415425),-0.975672566425022,3.2939274833354624,0.5546490917967617,3.2939274833354624,5.0,1.4563331005628597,(pow2(v1)/2.12)
7.53427700464736e-16,5.0,0,8663.0,-1.0,true,2.6645352591003757e-15,4.3888347930036435e-16,1.0,sqrt_abs(pow3((1.25992104989487*v1))),-1.0,1.21040845144849e-30,2.9744051487364984e-16,1.21040845144849e-30,256.0,7.105427357601002e-16,sqrt_abs(pow3((1.26*v1)))
8.192929068308079e-16,7.0,0,3282.0,-1.0,true,8.881784197001252e-16,5.408144833546643e-16,2.0,(pow3(sqrt_abs((0.726849031073827*v1)))/0.438178763941346),-1.0,1.8766261378109226e-31,3.063801464423053e-16,1.8766261378109226e-31,257.0,3.0531133177191805e-16,(pow3(sqrt_abs((0.727*v1)))/0.438)
5.65070775348552e-16,9.0,0,3463.0,-1.0,true,6.661338147750939e-16,4.0421793376779075e-16,3.0,(0.0919650076894799*pow3((sqrt_abs((-1.63299071937122*v1))/0.513879227790027))),-1.0,6.317050217590134e-32,1.8306952109619086e-16,6.317050217590134e-32,513.0,1.3877787807814457e-16,(0.092*pow3((sqrt_abs((-1.63*v1))/0.514)))
