time_stamp,max_are,compl,dim_penalty,age,minus_spearman,valid,max_ae,q75_are,n_params,eqs_orig,minus_r2,mse,mare,ms_processed_e,recursive_compl,mae,eqs_orig_rounded
592.0275588035583,0.769599253972468,1.0,2.0,6682.0,-1.0,true,31.46175895905491,0.5653544623687768,0.0,v1,-0.23207596005128772,103.97669332875144,0.36110504409031774,103.97669332875144,2.0,4.565745478711937,v1
12.826267004013062,0.2928932188134529,3.0,2.5,10309.0,-1.0,true,11.973680852060998,0.2928932188134527,0.0,sqrt_abs(pow3(v1)),-0.8843021446925887,15.665456209570419,0.2928932188134525,15.665456209570419,16.0,2.012460513716631,sqrt_abs(pow3(v1))
967.0463399887085,3.0403019545186667,4.0,0.0,4444.0,-1.0,true,4.711310665545852,2.3626039119811217,1.0,(v1/0.260412018137568),-0.9244893670301167,10.224117906106741,1.5164961747570869,10.224117906106741,3.0,2.9407036821781913,(v1/0.26)
785.7131268978119,0.7761543166761401,5.0,0.0,5487.0,-1.0,true,3.227547135552392,0.7308468923391229,1.0,(0.471035420787361*pow2(v1)),-0.9756725664238595,3.293927483492868,0.5546485649098066,3.293927483492868,5.0,1.456339030845965,(0.471*pow2(v1))
8.220573902130127,7.53427700464736e-16,6.0,0.0,10310.0,-1.0,true,2.6645352591003757e-15,4.3888347930036435e-16,1.0,sqrt_abs(pow3((1.25992104989487*v1))),-1.0,1.21040845144849e-30,2.9744051487364984e-16,1.21040845144849e-30,256.0,7.105427357601002e-16,sqrt_abs(pow3((1.26*v1)))
745.8730459213257,7.53427700464736e-16,8.0,0.0,5728.0,-1.0,true,1.7763568394002505e-15,5.580164479680065e-16,1.0,pow3(((1.12246204830937*v1)/sqrt_abs(v1))),-1.0,5.081373565271283e-31,3.130424395455333e-16,5.081373565271283e-31,8192.0,4.718447854656915e-16,pow3(((1.12*v1)/sqrt_abs(v1)))
447.18725299835205,5.65070775348552e-16,9.0,0.0,7605.0,-1.0,true,6.661338147750939e-16,2.4553418242827963e-16,2.0,(pow3(sqrt_abs((0.329934434304983*v1)))/0.134006686294057),-1.0,6.162975822039155e-32,1.4970441104310608e-16,6.162975822039155e-32,257.0,1.3322676295501878e-16,(pow3(sqrt_abs((0.33*v1)))/0.134)
