max_are,compl,dim_penalty,age,minus_spearman,valid,max_ae,q75_are,n_params,eqs_orig,minus_r2,mse,mare,ms_processed_e,recursive_compl,mae,eqs_orig_rounded
13.413856418476177,1.0,0,7732.0,-0.5773502691896257,true,2.2576763737217727,3.038149384564718,1.0,1.34138564184762,0.12573165263556163,1.7906350036729926,2.993549579054712,1.7906350036729926,1.0,1.1728608997373908,1.34
1.0246661751895758,4.0,0,8355.0,-1.0,true,1.1683146579883943,0.8962654495716369,1.0,(exp(v1)/113.664693877711),-0.6421939924250668,0.5691409317559413,0.6610357545683261,0.5691409317559413,5.0,0.6628167148943522,(exp(v1)/114.0)
1.4649694390266703,5.0,0,7605.0,-1.0,true,0.6032024426023495,0.5471950243232437,1.0,(v1/(7.82608096360292-v1)),-0.915010479498065,0.13518782207096375,0.4894350540783509,0.13518782207096375,7.0,0.3200726352368457,(v1/(7.83-v1))
1.2899139445935282,6.0,0,2241.0,-1.0,true,0.2284609039289004,0.33554017577620443,2.0,(-1.14475163580306+exp((0.241959833714436*v1))),-0.9856238455074734,0.022867301805239895,0.30547134589788383,0.022867301805239895,9.0,0.13636105839289656,(-1.14+exp((0.242*v1)))
0.5325155942486559,8.0,0,4990.0,-1.0,true,0.3122814625728617,0.13680358330947998,2.0,log((-2.63756216997922+sqrt_abs((10.1389887549532+exp(v1))))),-0.9910548714422244,0.014228488885790732,0.12788461108478258,0.014228488885790732,8.589934592e9,0.07063756244893227,log((-2.64+sqrt_abs((10.1+exp(v1)))))
1.776356839400252e-14,9.0,0,291.0,-1.0,true,1.776356839400252e-15,3.686438585135734e-15,3.0,log((0.4+(0.299999999999999*exp((0.693147180559946*v1))))),-1.0,1.4979883107443927e-30,3.5291890738771687e-15,1.4979883107443927e-30,1024.0,1.0755285551056206e-15,log((0.4+(0.3*exp((0.693*v1)))))
2.2204460492503127e-15,11.0,0,116.0,-1.0,true,2.2204460492503128e-16,2.0760004498514472e-16,4.0,log(((0.0164033127879056+(0.0123024845909292*exp((0.693147180559945*v1))))/0.041008281969764)),-1.0,1.1170393677445967e-32,3.5106454612830716e-16,1.1170393677445967e-32,2048.0,6.245004513516506e-17,log(((0.0164+(0.0123*exp((0.693*v1))))/0.041))
4.669053896939272e-16,14.0,0,1006.0,-1.0,true,1.6653345369377348e-16,1.794546378626066e-16,5.0,log(((0.0388789909178935+(0.0117602705664388*pow3(exp((0.302681667829904-(-0.231049060186648*v1))))))/0.0971974772947337)),-1.0,8.474091755303838e-33,1.1779926012248988e-16,8.474091755303838e-33,1.7976931348623157e308,5.551115123125783e-17,log(((0.0389+(0.0118*pow3(exp((0.303-(-0.231*v1))))))/0.0972))
