time,generation,mean age hall_of_fame,mean compl,mean recursive_compl,mean n_params,min mae,min mse,min max_ae,min minus_r2,min mare,min q75_are,min max_are,min ms_processed_e,min minus_spearman,max penalty
15.982422113418579,1.0,0.0,7.833333333333333,34517.333333333336,1.1666666666666667,0.0015596495798238838,8.392638891017947e-6,0.014239992545080626,-0.9997171993686756,0.009104547019833138,0.004228967870535125,0.14239992545080626,8.392638891017947e-6,-0.9998580378834423,0.0
21.457314014434814,6.0,2.25,8.0,2098.125,1.625,0.001547052922202995,5.386662949467888e-6,0.0127775145499485,-0.9998184895474925,0.007404948726238553,0.004228967870535125,0.127775145499485,5.386662949467888e-6,-0.9998580378834423,0.0
26.724332094192505,13.0,4.916666666666667,12.333333333333334,1.1391930858244853e97,2.4166666666666665,0.001106367869158453,3.4238606052699567e-6,0.009289625591455658,-0.9998846286664648,0.0060088692872579275,0.002244595860474977,0.08919752528909829,3.4238606052699567e-6,-0.9998963432291726,0.0
32.02748417854309,20.0,5.923076923076923,14.538461538461538,2.8502668119954757e77,2.923076923076923,3.3732929305299056e-5,2.325651309130681e-9,0.00014455176202001787,-0.9999999216342241,8.77321500891861e-5,0.00010529799979359393,0.0014455176202001787,2.325651309130681e-9,-0.9999955942807868,0.0
37.28368616104126,27.0,5.6,11.8,421.2,2.3,2.414534975991535e-9,3.5553328278051133e-16,1.472668676625464e-7,-0.999999999999988,2.4143432134912723e-8,1.3595306228453122e-12,1.472668676625464e-6,3.5553328278051133e-16,-0.9999951047512929,0.0
42.54425406455994,34.0,6.7,13.2,1.34221926e7,2.7,2.8669205699107277e-12,1.3465983208968402e-23,9.276829304738499e-12,-1.0,1.0690427637750756e-11,1.3595306228453122e-12,7.779457676249552e-11,1.3465983208968402e-23,-0.9999964509507646,0.0
47.818443059921265,41.0,12.25,11.25,1.6777795875e7,2.25,2.408163735117416e-12,9.675325979536278e-24,7.963435466606938e-12,-1.0,9.088228400118726e-12,1.3595306228453122e-12,6.653233412395168e-11,9.675325979536278e-24,-0.9999977971411357,0.0
53.00535607337952,48.0,17.166666666666668,6.833333333333333,91.33333333333333,1.0,1.2352048744035757e-14,1.8409820268371095e-28,2.020605904817785e-14,-1.0,3.0985915851617434e-14,3.264520814132642e-14,3.2858630861948356e-14,1.8409820268371095e-28,-0.9999978583313646,0.0
