time_stamp,max_are,compl,dim_penalty,age,minus_spearman,valid,max_ae,q75_are,n_params,eqs_orig,minus_r2,mse,mare,ms_processed_e,recursive_compl,mae,eqs_orig_rounded
26.490194082260132,0.29777559420425986,1.0,0.0,37.0,-0.9976625853646766,true,0.03575081533538746,0.0586848535320886,0.0,v1,-0.9907180686703486,0.00027545871271995523,0.047923810442292776,0.00027545871271995523,2.0,0.013686038639562309,v1
26.949310064315796,0.16838142226892783,4.0,0.0,36.0,-0.9976625853646766,true,0.022100914295430707,0.04458945075886569,1.0,(0.0136499010399568+v1),-0.9970295940526989,8.815236500246784e-5,0.03183528988333463,8.815236500246784e-5,3.0,0.007630772508912812,(0.0136+v1)
53.867846965789795,0.0,7.0,0.0,0.0,-1.0,true,0.0,0.0,0.0,sqrt_abs((pow2(v2)+(v1*v1))),-1.0,0.0,0.0,0.0,512.0,0.0,sqrt_abs((pow2(v2)+(v1*v1)))
