max_are,compl,dim_penalty,age,minus_spearman,valid,max_ae,q75_are,n_params,eqs_orig,minus_r2,mse,mare,ms_processed_e,recursive_compl,mae,eqs_orig_rounded
0.16784712573658506,1.0,0,5514.0,100.0,true,2.5814259439605287,0.13071834365417334,1.0,12.7981996089474,0.008929398922677967,1.8349087978070424,0.08818315621305287,1.8349087978070424,1.0,1.153186241291077,12.8
0.017618612520548405,4.0,0,267.0,-1.0,true,0.2709676633278093,0.013700395861305548,1.0,(15.9493265038561-log(v1)),-0.9888973281316268,0.02019208708973711,0.009247851971947486,0.02019208708973711,5.0,0.12095456899811409,(15.9-log(v1))
4.4264728761392846e-15,6.0,0,3358.0,-1.0,true,4.973799150320701e-14,2.861817706162849e-15,2.0,(log((3.09316488350215e-8*v1))/-1.10488728070732),-1.0,9.883820326338339e-28,2.261880362531608e-15,9.883820326338339e-28,9.0,2.8831637931804064e-14,(log((3.09e-8*v1))/-1.1)
4.4264728761392846e-15,7.0,0,3877.0,-1.0,true,4.973799150320701e-14,2.863338453587068e-15,2.0,(log(pow3((3.09316488350214e-8*v1)))/-3.31466184212196),-1.0,9.77095253528364e-28,2.237745608899787e-15,9.77095253528364e-28,257.0,2.849003084730402e-14,(log(pow3((3.09e-8*v1)))/-3.31)
4.2683845591343105e-15,9.0,0,4017.0,-1.0,true,4.796163466380676e-14,2.863338453587068e-15,3.0,((-1.53358090965639+log((0.000815130722501245*sqrt_abs(v1))))/-0.552443640353659),-1.0,9.590121343163746e-28,2.1969653497933097e-15,9.590121343163746e-28,34.0,2.801178092900395e-14,((-1.53+log((0.000815*sqrt_abs(v1))))/-0.552)
4.8681555292114316e-15,10.0,0,933.0,-1.0,true,5.861977570020827e-14,2.006383877255743e-15,3.0,(log((1.81602174567163e-5*((1.00170326423176*v1)-v1)))/-1.10488728070732),-1.0,5.60333969139294e-28,1.4913341002987958e-15,5.60333969139294e-28,65.0,1.878838964750265e-14,(log((1.82e-5*((1.0*v1)-v1)))/-1.1)
