time_stamp,max_are,compl,dim_penalty,age,minus_spearman,valid,max_ae,q75_are,n_params,eqs_orig,minus_r2,mse,mare,ms_processed_e,recursive_compl,mae,eqs_orig_rounded
13.922677993774414,0.29777559420425986,1.0,0.0,4.0,-0.9976625853646766,true,0.03575081533538746,0.0586848535320886,0.0,v1,-0.9907180686703486,0.00027545871271995523,0.047923810442292776,0.00027545871271995523,2.0,0.013686038639562309,v1
14.012088060379028,0.16875154956428692,4.0,0.0,4.0,-0.9976625853646766,true,0.022139959338018572,0.04444617135741615,1.0,(v1--0.0136108559973689),-0.997029447591738,8.815671150604976e-5,0.031827493575167724,8.815671150604976e-5,3.0,0.007629278982693603,(v1--0.0136)
15.494629144668579,0.0,6.0,0.0,0.0,-1.0,true,0.0,0.0,0.0,sqrt_abs((pow2(v1)+pow2(v2))),-1.0,0.0,0.0,0.0,256.0,0.0,sqrt_abs((pow2(v1)+pow2(v2)))
