time,generation,mean age hall_of_fame,mean compl,mean recursive_compl,mean n_params,min mae,min mse,min max_ae,min minus_r2,min mare,min q75_are,min max_are,min ms_processed_e,min minus_spearman,max penalty
11.037635087966919,1.0,0.0,8.789473684210526,20836.36842105263,1.1578947368421053,0.00756724300548705,8.646392702467018e-5,0.020518276225261728,-0.9970864881157312,0.03182749356914341,0.03922110910218443,0.1649105070384188,8.646392702467018e-5,-0.9976633196502763,3.0
