max_are,compl,dim_penalty,age,minus_spearman,valid,max_ae,q75_are,n_params,eqs_orig,minus_r2,mse,mare,ms_processed_e,recursive_compl,mae,eqs_orig_rounded
17.356573489002695,1.0,0,3071.0,-0.3113995776646092,true,33.000506441127165,9.604150723321522,1.0,7.88019711550654,0.007522463687231085,136.41825073692434,5.711303935272755,136.41825073692434,1.0,7.609825173217091,7.88
3.060336174511284,3.0,0,2720.0,-1.0,true,4.531961304449446,2.379277702029245,1.0,(v1/0.259127111805713),-0.9243547192614459,10.242349175115368,1.5279827404889468,10.242349175115368,3.0,2.9488136272527936,(v1/0.259)
0.7761552510662315,4.0,0,6821.0,-1.0,true,3.2275665672910927,0.7308480158541852,1.0,pow2((0.68631877037061*v1)),-0.9756725664149147,3.2939274847039783,0.5546495890704983,3.2939274847039783,8.0,1.456327503586109,pow2((0.686*v1))
7.53427700464736e-16,5.0,0,7142.0,-1.0,true,2.6645352591003757e-15,4.3888347930036435e-16,1.0,sqrt_abs(pow3((1.25992104989487*v1))),-1.0,1.21040845144849e-30,2.9744051487364984e-16,1.21040845144849e-30,256.0,7.105427357601002e-16,sqrt_abs(pow3((1.26*v1)))
7.53427700464736e-16,7.0,0,2959.0,-1.0,true,8.881784197001252e-16,3.5572540636916474e-16,2.0,(pow3(sqrt_abs((v1/1.6726748638859)))/0.326864463012046),-1.0,2.5052496716589163e-31,2.254499443989323e-16,2.5052496716589163e-31,257.0,3.3861802251067273e-16,(pow3(sqrt_abs((v1/1.67)))/0.327)
8.192929068308079e-16,9.0,0,1389.0,-1.0,true,4.440892098500626e-16,3.8512774367680536e-16,3.0,(pow3((0.363063424392422*sqrt_abs((2.0*v1))))/0.0957144469744402),-1.0,5.824012151827001e-32,2.28462628830617e-16,5.824012151827001e-32,513.0,1.609823385706477e-16,(pow3((0.363*sqrt_abs((2.0*v1))))/0.0957)
