time_stamp,max_are,compl,dim_penalty,age,minus_spearman,valid,max_ae,q75_are,n_params,eqs_orig,minus_r2,mse,mare,ms_processed_e,recursive_compl,mae,eqs_orig_rounded
30.843289136886597,3.8058576745084864,2.0,0.0,24.0,-0.01276879352845558,true,0.38058576745084866,0.4949402383861732,1.0,0.380585767450849,8.709552466701354e-5,0.029679459388050698,0.6615020671983197,0.029679459388050698,1.0,0.1452155580752433,0.381
17.911046981811523,0.29777559420425986,3.0,0.0,43.0,-0.9976633196502763,true,0.03575081533538746,0.0586848535320886,0.0,sqrt_abs(pow2(v1)),-0.9907180686703486,0.00027545871271995523,0.04792381044229276,0.00027545871271995523,16.0,0.013686038639562309,sqrt_abs(pow2(v1))
19.41848611831665,0.24430429947079627,4.0,1.0,39.0,-0.9997240923553904,true,0.025771867940690155,0.023169620337597466,0.0,(v1+pow2(v2)),-0.9980811142572722,5.6946531683545084e-5,0.02323918302445712,5.6946531683545084e-5,6.0,0.004578983942692609,(v1+pow2(v2))
46.005916118621826,0.0,6.0,0.0,0.0,-1.0,true,0.0,0.0,0.0,sqrt_abs((pow2(v1)+pow2(v2))),-1.0,0.0,0.0,0.0,256.0,0.0,sqrt_abs((pow2(v1)+pow2(v2)))
