time,generation,mean age hall_of_fame,mean compl,mean recursive_compl,mean n_params,min mae,min mse,min max_ae,min minus_r2,min mare,min q75_are,min max_are,min ms_processed_e,min minus_spearman,max penalty
14.20176911354065,1.0,0.0,8.0,32835.25,1.0,0.005754819686712412,5.3995343600163784e-5,0.021301123332248817,-0.9981805582895932,0.02478419433957167,0.028648355139817762,0.17142913621365444,5.3995343600163784e-5,-0.99908361359394,3.0
19.5104820728302,9.0,2.6,5.2,7.6,0.8,0.0031679022674090157,2.3826571527749147e-5,0.015216225280302836,-0.9991971333977502,0.01817263258139366,0.013457850226715591,0.14424213511605674,2.3826571527749147e-5,-0.9997240923553904,3.0
24.798357009887695,14.0,3.125,10.375,32777.375,1.625,0.0025491011226511854,1.3879838698677316e-5,0.015214874683726967,-0.9995323011989868,0.012379014749411981,0.009434463228237471,0.1442293321422447,1.3879838698677316e-5,-0.9997395734539926,3.0
30.083264112472534,22.0,5.75,14.333333333333334,109242.16666666667,2.25,0.002420993111946646,1.1540273415227631e-5,0.014879751458042906,-0.9996111358239212,0.011620102856262141,0.007783523275353286,0.14105253311954483,1.1540273415227631e-5,-0.999771208957744,3.0
35.487143993377686,32.0,8.090909090909092,10.272727272727273,1.6769767339735956e18,1.6363636363636365,0.00241406604777686,1.1470584113694857e-5,0.014879751475432954,-0.9996134840934854,0.011577851107968993,0.007724526417911711,0.1410525332843937,1.1470584113694857e-5,-0.9997710864363482,3.0
41.02949094772339,41.0,12.1,10.3,1.8446744073709553e18,1.6,0.002282109513970324,1.0130003241004905e-5,0.013929483877343718,-0.9996586566693654,0.011505544966572172,0.007724526417911711,0.13204447611153944,1.0130003241004905e-5,-0.9998775578763895,7.0
46.113659143447876,48.0,26.5,3.75,69.75,0.25,0.0,0.0,0.0,-1.0,0.0,0.0,0.0,0.0,-1.0,1.0
