time_stamp,max_are,compl,dim_penalty,age,minus_spearman,valid,max_ae,q75_are,n_params,eqs_orig,minus_r2,mse,mare,ms_processed_e,recursive_compl,mae,eqs_orig_rounded
22.674957990646362,3.8549319153307526,2.0,0.0,1.0,100.0,true,0.38549319153307526,0.5142165917203617,1.0,0.385493191533075,0.0014303035021512311,0.029719321602847636,0.6685395022423583,0.029719321602847636,1.0,0.14489002162993414,0.385
17.642530918121338,0.29777559420425986,3.0,0.0,7.0,-0.9976633196502763,true,0.03575081533538746,0.0586848535320886,0.0,sqrt_abs(pow2(v1)),-0.9907180686703486,0.00027545871271995523,0.04792381044229276,0.00027545871271995523,16.0,0.013686038639562309,sqrt_abs(pow2(v1))
20.493188858032227,0.1704812556405994,4.0,0.0,2.0,-0.9976625853646766,true,0.022322427500353403,0.043776587529351846,1.0,(0.0134283878350341+v1),-0.9970274011664295,8.821744301343674e-5,0.03179590631385343,8.821744301343674e-5,3.0,0.0076251066854701325,(0.0134+v1)
23.55524206161499,0.0,6.0,0.0,0.0,-1.0,true,0.0,0.0,0.0,sqrt_abs((pow2(v1)+pow2(v2))),-1.0,0.0,0.0,0.0,256.0,0.0,sqrt_abs((pow2(v1)+pow2(v2)))
