time,generation,mean age hall_of_fame,mean compl,mean recursive_compl,mean n_params,min mae,min mse,min max_ae,min minus_r2,min mare,min q75_are,min max_are,min ms_processed_e,min minus_spearman,max penalty
14.973896026611328,1.0,0.0,7.2,41011.2,1.0,0.0032768829131067352,2.469038125239188e-5,0.02007165789391653,-0.9991680262315006,0.01674583941966408,0.009968136773198499,0.1577960944876323,2.469038125239188e-5,-0.9997445290387537,0.0
20.31608295440674,6.0,1.875,7.375,2084.5,1.375,0.0016921424717136952,5.407294984654277e-6,0.012323792033592098,-0.9998177943248513,0.007357528018240733,0.004842254002200466,0.12323792033592097,5.407294984654277e-6,-0.9997580529989881,0.0
