max_are,compl,dim_penalty,age,minus_spearman,valid,max_ae,q75_are,n_params,eqs_orig,minus_r2,mse,mare,ms_processed_e,recursive_compl,mae,eqs_orig_rounded
0.16407202334790008,1.0,0,5668.0,100.0,true,2.5233662827986656,0.13357962840046939,1.0,12.8562592701092,0.002646389383956338,1.8234820820312743,0.08858320343268945,1.8234820820312743,1.0,1.153186241291077,12.9
0.017214424077277118,4.0,0,6510.0,-1.0,true,0.26475139641748413,0.014006744698578842,1.0,(15.9431102369458-log(v1)),-0.9889688816599768,0.02006195489334778,0.009290683780542812,0.02006195489334778,5.0,0.12095456899811409,(15.9-log(v1))
4.2683845591343105e-15,6.0,0,6279.0,-1.0,true,4.796163466380676e-14,2.9212555031463217e-15,2.0,((-0.905069700286375*log(v1))--15.65),-1.0,9.819497821758779e-28,2.2470588659972035e-15,9.819497821758779e-28,6.0,2.862667368110404e-14,((-0.905*log(v1))--15.6)
4.2683845591343105e-15,9.0,0,118.0,-1.0,true,4.796163466380676e-14,2.9543281071004194e-15,3.0,((4.88810238611284-log(sqrt_abs((-0.000544696842236628*v1))))/0.552443640353659),-1.0,9.806147867978116e-28,2.2407159322691093e-15,9.806147867978116e-28,258.0,2.8558352264204026e-14,((4.89-log(sqrt_abs((-0.000545*v1))))/0.552)
4.2448918021498344e-15,10.0,0,3667.0,-1.0,true,4.796163466380676e-14,2.649455809560467e-15,3.0,(10.8627275170961-(log((v1+(-0.994955195996784*v1)))/1.10488728070732)),-1.0,7.815791122497409e-28,1.9957943501417674e-15,7.815791122497409e-28,34.0,2.5415567086803585e-14,(10.9-(log((v1+(-0.995*v1)))/1.1))
3.46501967805917e-15,12.0,0,1412.0,-1.0,true,5.3290705182007514e-14,2.281739717367334e-15,3.0,(14.4066583888216+(log((v1*(v1+(0.253155252613473-v1))))/-1.10488728070732)),-1.0,7.185916030482478e-28,1.7696350389635168e-15,7.185916030482478e-28,2050.0,2.3160960329103265e-14,(14.4+(log((v1*(v1+(0.253-v1))))/-1.1))
3.26587186949506e-15,15.0,0,5376.0,-1.0,true,3.907985046680551e-14,2.5199807240720813e-15,3.0,((0.905069700286374*log(((v1+v1)/pow2((v1+(-0.992946370456093*v1))))))--6.05483740096923),-1.0,6.53783645603937e-28,1.805558017741219e-15,6.53783645603937e-28,6.80564733841877e38,2.3024317495303247e-14,((0.905*log(((v1+v1)/pow2((v1+(-0.993*v1))))))--6.05)
