time_stamp,max_are,compl,dim_penalty,age,minus_spearman,valid,max_ae,q75_are,n_params,eqs_orig,minus_r2,mse,mare,ms_processed_e,recursive_compl,mae,eqs_orig_rounded
13.986165046691895,3.789621362374429,2.0,0.0,2.0,100.0,true,0.3789621362374429,0.4885626177791874,1.0,0.378962136237443,8.544328577997362e-9,0.029676874918650235,0.6592401605189442,0.029676874918650235,1.0,0.14534864260093236,0.379
13.700798988342285,0.29777559420425986,3.0,0.0,2.0,-0.9976633196502763,true,0.03575081533538746,0.0586848535320886,0.0,sqrt_abs(pow2(v1)),-0.9907180686703486,0.00027545871271995523,0.04792381044229276,0.00027545871271995523,16.0,0.013686038639562309,sqrt_abs(pow2(v1))
16.071675062179565,0.27637913569532,4.0,0.0,0.0,-0.9976626464120878,true,0.030998918904811185,0.03200572429804978,1.0,(1.03046954553608*v1),-0.995403000529632,0.00013642457711755525,0.0346499079301374,0.00013642457711755525,3.0,0.008924534537984362,(1.03*v1)
11.146312952041626,0.16523922935518173,6.0,2.0,3.0,-0.997660682879128,true,0.02176944169755718,0.04406823873786714,1.0,log(exp((0.0139813736378303+v1))),-0.9970266989757722,8.823828183756445e-5,0.03191530774430563,8.823828183756445e-5,256.0,0.00765027172363393,log(exp((0.014+v1)))
13.774275064468384,0.16523814609592546,6.0,0.0,2.0,-0.9976625853646766,true,0.02176932742361873,0.04406938147725175,1.0,sqrt_abs(pow2((v1--0.0139814879117687))),-0.997026696700895,8.823834934880998e-5,0.03191533562756498,8.823834934880998e-5,256.0,0.007650278592559202,sqrt_abs(pow2((v1--0.014)))
15.830281972885132,0.0,7.0,0.0,0.0,-1.0,true,0.0,0.0,0.0,sqrt_abs((pow2(v1)+(v2*v2))),-1.0,0.0,0.0,0.0,512.0,0.0,sqrt_abs((pow2(v1)+(v2*v2)))
