time,generation,mean age hall_of_fame,mean compl,mean recursive_compl,mean n_params,min mae,min mse,min max_ae,min minus_r2,min mare,min q75_are,min max_are,min ms_processed_e,min minus_spearman,max penalty
12.849477052688599,1.0,0.0,6.888888888888889,36472.88888888889,0.7777777777777778,0.003239197543947142,2.433961707070669e-5,0.014869813067394752,-0.999179845676292,0.018465492955146292,0.0217170413254934,0.14095832219270157,2.433961707070669e-5,-0.9997241533934186,3.0
