run,eqs_orig_rounded,ms_processed_e
0,(446.0*v1),32158.40414377154
1,(489.0*v1),31358.943123750294
2,(472.0*v1),31146.56944941238
3,(451.0*v1),31837.710918621804
4,(478.0*v1),31142.779075883256
5,(481.0*v1),31173.435725945994
6,(475.0*v1),31135.517532398677
7,(v1/0.00206),31243.089648326782
8,(475.0*v1),31135.413627881622
9,(482.0*v1),31181.707717598103
10,(499.0*v1),31803.401779876214
