run,eqs_orig_rounded,ms_processed_e
0,(509.0*v1),32452.830167514265
1,(440.0*v1),32597.192625378484
2,(483.0*v1),31202.130226426725
3,(486.0*v1),31275.879605394897
4,(469.0*v1),31187.686032883692
5,(v1/0.00216),31287.223065708073
6,(472.0*v1),31146.69519423449
7,(510.0*v1),32570.900274069627
8,(453.0*v1),31734.25385203189
9,(510.0*v1),32570.119702525255
10,(465.0*v1),31261.302251133366
