time_stamp,max_are,compl,dim_penalty,age,minus_spearman,valid,max_ae,q75_are,n_params,eqs_orig,minus_r2,mse,mare,ms_processed_e,recursive_compl,mae,eqs_orig_rounded
12.55346393585205,3.71762590005837,2.0,0.0,0.0,100.0,true,0.371762590005837,0.4602828125940416,1.0,0.371762590005837,0.0017543292234196706,0.029728937673565978,0.6496014760972804,0.029728937673565978,1.0,0.14608634476557558,0.372
12.449005126953125,0.29777559420426025,3.0,2.0,0.0,-0.9976599473042324,true,0.03575081533538749,0.058684853532089146,0.0,log(exp(v1)),-0.9907180686703486,0.00027545871271995534,0.047923810442292804,0.00027545871271995534,16.0,0.013686038639562314,log(exp(v1))
8.610239028930664,0.0,6.0,0.0,1.0,-1.0,true,0.0,0.0,0.0,sqrt_abs((pow2(v2)+pow2(v1))),-1.0,0.0,0.0,0.0,256.0,0.0,sqrt_abs((pow2(v2)+pow2(v1)))
