time_stamp,max_are,compl,dim_penalty,age,minus_spearman,valid,max_ae,q75_are,n_params,eqs_orig,minus_r2,mse,mare,ms_processed_e,recursive_compl,mae,eqs_orig_rounded
14.185308933258057,3.752172814279666,2.0,0.0,9.0,100.0,true,0.3752172814279666,0.47385283454399824,1.0,0.375217281427967,0.0004765817249277049,0.029691018121199612,0.6541729442460219,0.029691018121199612,1.0,0.14571219371563035,0.375
14.058913946151733,0.29777559420425986,3.0,0.0,9.0,-0.9976633196502763,true,0.03575081533538746,0.0586848535320886,0.0,sqrt_abs(pow2(v1)),-0.9907180686703486,0.00027545871271995523,0.04792381044229276,0.00027545871271995523,16.0,0.013686038639562309,sqrt_abs(pow2(v1))
19.588510990142822,0.16878796224402706,4.0,0.0,3.0,-0.9976626464120878,true,0.022143800542515024,0.044432075701614164,1.0,(0.0136070147928724+v1),-0.9970294276321342,8.815730384470816e-5,0.03182672658371369,8.815730384470816e-5,3.0,0.007629132051374063,(0.0136+v1)
20.77364206314087,0.0,6.0,0.0,0.0,-1.0,true,0.0,0.0,0.0,sqrt_abs((pow2(v1)+pow2(v2))),-1.0,0.0,0.0,0.0,256.0,0.0,sqrt_abs((pow2(v1)+pow2(v2)))
