time,generation,mean age hall_of_fame,mean compl,mean recursive_compl,mean n_params,min mae,min mse,min max_ae,min minus_r2,min mare,min q75_are,min max_are,min ms_processed_e,min minus_spearman,max penalty
11.618802070617676,1.0,0.0,5.333333333333333,43776.0,0.3333333333333333,0.0076291320520376835,8.815730384196629e-5,0.022143800525166235,-0.9970294276322266,0.03182672658717781,0.04443207576527695,0.1687879620795693,8.815730384196629e-5,-0.9976626464120878,0.0
18.358191967010498,4.0,1.1666666666666667,5.666666666666667,48.5,1.3333333333333333,0.007461664803340999,8.276326910617243e-5,0.02036330209024842,-0.9972111864864411,0.031679143967997564,0.033368831478169284,0.1539473084396884,8.276326910617243e-5,-0.9976633196502763,0.0
