time_stamp,max_are,compl,dim_penalty,age,minus_spearman,valid,max_ae,q75_are,n_params,eqs_orig,minus_r2,mse,mare,ms_processed_e,recursive_compl,mae,eqs_orig_rounded
13.683259010314941,3.785186124363658,2.0,0.0,9.0,-0.01276879352845558,true,0.3785186124363658,0.48682045705322763,1.0,0.378518612436366,7.113017983950698e-6,0.029677085757224466,0.6586222803994716,0.029677085757224466,1.0,0.1453849970108567,0.379
12.37978196144104,0.29777559420425986,3.0,0.0,9.0,-0.9976633196502763,true,0.03575081533538746,0.0586848535320886,0.0,sqrt_abs(pow2(v1)),-0.9907180686703486,0.00027545871271995523,0.04792381044229276,0.00027545871271995523,16.0,0.013686038639562309,sqrt_abs(pow2(v1))
16.026877880096436,0.24430429947079627,4.0,1.0,6.0,-0.9997240923553904,true,0.025771867940690155,0.023169620337597466,0.0,(v1+pow2(v2)),-0.9980811142572722,5.6946531683545084e-5,0.02323918302445712,5.6946531683545084e-5,6.0,0.004578983942692609,(v1+pow2(v2))
17.89479398727417,0.16625305550740424,4.0,0.0,4.0,-0.9976625853646766,true,0.02187639107899053,0.04458333418295925,1.0,(0.0138744242563969+v1),-0.9970284422058514,8.818654821699285e-5,0.0318892117037123,8.818654821699285e-5,3.0,0.007643843072290949,(0.0139+v1)
19.662374019622803,0.0,7.0,0.0,0.0,-1.0,true,0.0,0.0,0.0,sqrt_abs((pow2(v2)+(v1*v1))),-1.0,0.0,0.0,0.0,512.0,0.0,sqrt_abs((pow2(v2)+(v1*v1)))
