time,generation,mean age hall_of_fame,mean compl,mean recursive_compl,mean n_params,min mae,min mse,min max_ae,min minus_r2,min mare,min q75_are,min max_are,min ms_processed_e,min minus_spearman,max penalty
11.358278036117554,1.0,0.0,5.625,32992.0,0.625,0.007643843518996535,8.818655101704478e-5,0.02187638364743394,-0.9970284421115001,0.03188921351703931,0.04458328439152997,0.16625298505999864,8.818655101704478e-5,-0.9976630129828151,3.0
17.752092838287354,6.0,1.8888888888888888,7.555555555555555,10.88888888888889,1.5555555555555556,0.004327287171965216,4.202410803256461e-5,0.019909302097257664,-0.998583944282987,0.020806017223083652,0.01274468171162414,0.16625298685590503,4.202410803256461e-5,-0.9997240923553904,1.0
