time,generation,mean age hall_of_fame,mean compl,mean recursive_compl,mean n_params,min mae,min mse,min max_ae,min minus_r2,min mare,min q75_are,min max_are,min ms_processed_e,min minus_spearman,max penalty
16.59941005706787,1.0,0.0,9.375,1.4474011154664524e76,1.5,0.00523494953895717,5.239321248611515e-5,0.018522978661557804,-0.9982345441331879,0.026356328769503598,0.023837423354005478,0.158521116587904,5.239321248611515e-5,-0.9994221778578223,0.0
22.20427894592285,5.0,1.2,10.8,62.4,2.3,0.0029105296412573973,1.7139966936321698e-5,0.01510063120299994,-0.999422447035621,0.015268952339494104,0.011097928584434114,0.143146361610487,1.7139966936321698e-5,-0.9997657618409281,0.0
27.84952688217163,10.0,2.5,8.375,48.75,1.75,0.0023565455409190472,1.1467028094115076e-5,0.01279639166752887,-0.9996136039180835,0.01224334623693845,0.00837960836588551,0.09084097380291507,1.1467028094115076e-5,-0.999760867568562,0.0
33.34933090209961,16.0,4.166666666666667,13.833333333333334,131115.08333333334,2.8333333333333335,0.0012315858432820825,3.5915903943822267e-6,0.008770053592832259,-0.999878976798099,0.006446993957861738,0.003610642551614284,0.08770053592832258,3.5915903943822267e-6,-0.9998382123964035,0.0
39.25322699546814,22.0,6.2,15.2,5.794780844666667e8,3.066666666666667,0.0011469287773847251,2.956429077164339e-6,0.008770053592832259,-0.9999003793657342,0.005792356002672682,0.003403756441209065,0.08770053592832258,2.956429077164339e-6,-0.9999237565808538,0.0
44.45280885696411,27.0,5.583333333333333,11.833333333333334,6175.0,2.5,0.0006890747619226851,1.256944450209197e-6,0.00801078723800202,-0.999957645659646,0.0035688514640161394,0.0022464780336455188,0.08010787238002019,1.256944450209197e-6,-0.9999807250019463,0.0
