time_stamp,max_are,compl,dim_penalty,age,minus_spearman,valid,max_ae,q75_are,n_params,eqs_orig,minus_r2,mse,mare,ms_processed_e,recursive_compl,mae,eqs_orig_rounded
43.951639890670776,0.29777559420425986,1.0,0.0,4.0,-0.9976625853646766,true,0.03575081533538746,0.0586848535320886,0.0,v1,-0.9907180686703486,0.00027545871271995523,0.047923810442292776,0.00027545871271995523,2.0,0.013686038639562309,v1
44.001631021499634,0.1708734529071805,4.0,0.0,4.0,-0.9976625853646766,true,0.02236380072294067,0.043624764655679896,1.0,(0.0133870146124468+v1),-0.9970266250930735,8.824047444515502e-5,0.03178920649390781,8.824047444515502e-5,3.0,0.007624428435919521,(0.0134+v1)
27.83777904510498,0.17087334036137708,6.0,0.0,21.0,-0.9976626464120878,true,0.02236378885038831,0.04362480822311091,1.0,sqrt_abs(pow2((0.0133870264849992+v1))),-0.9970266253323243,8.824046734493904e-5,0.031789208416503095,8.824046734493904e-5,256.0,0.007624428630551518,sqrt_abs(pow2((0.0134+v1)))
48.0248749256134,0.0,7.0,0.0,0.0,-1.0,true,0.0,0.0,0.0,sqrt_abs((pow2(v2)+(v1*v1))),-1.0,0.0,0.0,0.0,512.0,0.0,sqrt_abs((pow2(v2)+(v1*v1)))
