time_stamp,max_are,compl,dim_penalty,age,minus_spearman,valid,max_ae,q75_are,n_params,eqs_orig,minus_r2,mse,mare,ms_processed_e,recursive_compl,mae,eqs_orig_rounded
25.64784288406372,3.7971639447836147,2.0,0.0,2.0,100.0,true,0.3797163944783615,0.49152534284911303,1.0,0.379716394478362,1.8369106598248308e-5,0.02967741980275549,0.660290929769388,0.02967741980275549,1.0,0.1452868181549554,0.38
23.845109939575195,0.29777559420425986,3.0,0.0,4.0,-0.9976633196502763,true,0.03575081533538746,0.0586848535320886,0.0,sqrt_abs(pow2(v1)),-0.9907180686703486,0.00027545871271995523,0.04792381044229276,0.00027545871271995523,16.0,0.013686038639562309,sqrt_abs(pow2(v1))
27.7345449924469,0.16940238494544177,4.0,0.0,0.0,-0.9976626464120878,true,0.02220861651486966,0.044194227485609666,1.0,(0.0135421988205178+v1),-0.9970289408852863,8.817174896990531e-5,0.03181433642547857,8.817174896990531e-5,3.0,0.007626972439330517,(0.0135+v1)
22.498751878738403,0.16940238461306978,6.0,0.0,6.0,-0.9976626464120878,true,0.022208616479807458,0.04419422761427377,1.0,sqrt_abs(pow2((0.01354219885558+v1))),-0.9970289408856262,8.817174895981857e-5,0.031814336431156394,8.817174895981857e-5,256.0,0.0076269724399053,sqrt_abs(pow2((0.0135+v1)))
27.41843605041504,0.0,7.0,0.0,0.0,-1.0,true,0.0,0.0,0.0,sqrt_abs((pow2(v2)+(v1*v1))),-1.0,0.0,0.0,0.0,512.0,0.0,sqrt_abs((pow2(v2)+(v1*v1)))
