time,generation,mean age hall_of_fame,mean compl,mean recursive_compl,mean n_params,min mae,min mse,min max_ae,min minus_r2,min mare,min q75_are,min max_are,min ms_processed_e,min minus_spearman,max penalty
17.443705081939697,1.0,0.0,9.714285714285714,6.135856744285715e8,1.5714285714285714,0.0030851655340364366,2.3544955942066113e-5,0.015130065550683872,-0.9992066227927373,0.01791777148197985,0.021404818566909754,0.14342538436925034,2.3544955942066113e-5,-0.9997237863014753,0.0
22.80543088912964,3.0,1.0,11.75,5585.916666666667,2.3333333333333335,0.002323060498749477,1.3238757136733449e-5,0.014999081070367654,-0.9995539032567904,0.011734408073384271,0.006074239926137983,0.14218371761157347,1.3238757136733449e-5,-0.9997338211608051,0.0
27.947864055633545,9.0,2.4,4.4,157.6,0.6,0.0,0.0,0.0,-1.0,0.0,0.0,0.0,0.0,-1.0,0.0
