time,generation,mean age hall_of_fame,mean compl,mean recursive_compl,mean n_params,min mae,min mse,min max_ae,min minus_r2,min mare,min q75_are,min max_are,min ms_processed_e,min minus_spearman,max penalty
11.976878881454468,1.0,0.0,7.5,32844.25,1.0,0.007317025427602061,8.517349858925807e-5,0.02193987144265483,-0.9971299707415122,0.029417258967799842,0.03844961211058974,0.1668548173125959,8.517349858925807e-5,-0.9976626464120878,3.0
17.19413709640503,7.0,2.0,6.6,3.5953862697246315e307,0.4,2.8740638204393143e-6,2.214920059826527e-11,1.778781313444e-5,-0.9999999992536546,7.601301224905582e-6,1.0494525916409195e-5,5.4642438169271784e-5,2.214920059826527e-11,-0.9999424198684412,2.0
