max_are,compl,dim_penalty,age,minus_spearman,valid,max_ae,q75_are,n_params,eqs_orig,minus_r2,mse,mare,ms_processed_e,recursive_compl,mae,eqs_orig_rounded
0.38867576976108376,1.0,0,3097.0,100.0,true,15.54945147431923,0.20454810738489848,1.0,-24.4567765544498,0.0006717494165473514,24.33364820306574,0.153619688068239,24.33364820306574,1.0,3.8576296078058108,-24.5
0.2394596468774149,4.0,0,1041.0,-1.0,true,9.57987723666636,0.038196743523940216,1.0,(-1.39690925821027*log(v1)),-0.8080094753359894,4.668693693231584,0.04095118864834095,4.668693693231584,5.0,1.1644122433745299,(-1.4*log(v1))
0.17012332002291491,5.0,0,2362.0,-1.0,true,6.805992333847975,0.06131293080321134,1.0,log((31639.170825103/pow2(v1))),-0.8727030516175714,3.095519745678764,0.04919371202337465,3.095519745678764,32.0,1.2834445266486312,log((31600.0/pow2(v1)))
0.08293719865280261,6.0,0,72.0,-1.0,true,1.5760723676176163,0.035762666237644035,2.0,(-20.2003964891158-sqrt_abs((v1/7.40398232559439e6))),-0.9785983812707987,0.5204298626759205,0.026186786792502956,0.5204298626759205,9.0,0.5997881167265928,(-20.2-sqrt_abs((v1/7.4e6)))
0.026318707991638112,8.0,0,2941.0,-1.0,true,1.052912233336059,0.010244473092430081,2.0,((-3.38116023872259e-9*v1)-(1.34125969966689*log(v1))),-0.9965485949116523,0.08392889803783563,0.009048206778620628,0.08392889803783563,8.0,0.22337199959121865,((-3.38e-9*v1)-(1.34*log(v1)))
0.024657377989481463,9.0,0,410.0,-1.0,true,0.46856914313938347,0.008592364580048226,3.0,(-87.1365083966196/(1.6027820385294+sqrt_abs((-22.1261813438565+log(v1))))),-0.998369810958462,0.03964181727365321,0.006790652945903398,0.03964181727365321,34.0,0.1581895283448256,(-87.1/(1.6+sqrt_abs((-22.1+log(v1)))))
1.3419516525929292e-11,10.0,0,582.0,-1.0,true,2.5501378786429996e-10,8.173476032478774e-12,3.0,((-4.00000000013388e-9*v1)-(-1.19999999993338*log((0.141421356082969/v1)))),-1.0,1.7154890410662588e-20,5.028647538683111e-12,1.7154890410662588e-20,12.0,1.1121875437075451e-10,((-4.0e-9*v1)-(-1.2*log((0.141/v1))))
2.597731791560075e-16,11.0,0,516.0,-1.0,true,7.105427357601002e-15,1.5346616941550885e-16,3.0,((-4.0e-9*v1)-(-0.4*log((0.00282842712474624/pow3(v1))))),-1.0,9.349462580397176e-30,8.155211199324808e-17,9.349462580397176e-30,36.0,2.105311809659556e-15,((-4.0e-9*v1)-(-0.4*log((0.00283/pow3(v1)))))
