max_are,compl,dim_penalty,age,minus_spearman,valid,max_ae,q75_are,n_params,eqs_orig,minus_r2,mse,mare,ms_processed_e,recursive_compl,mae,eqs_orig_rounded
10.174171385533022,1.0,0,2196.0,100.0,true,1.9581124276831692,2.545900038061968,1.0,1.0174171385533,0.009548150414949053,1.6058287530550237,2.364086069868406,1.6058287530550237,1.0,1.0949193435707762,1.02
1.0246804431207646,4.0,0,2706.0,-1.0,true,1.1680368072626959,0.8962054452371168,1.0,exp((-4.73267455861476+v1)),-0.6421935769544727,0.5691415926205329,0.6610565991322913,0.5691415926205329,8.0,0.6629290937825021,exp((-4.73+v1))
1.4652616021061364,5.0,0,3314.0,-1.0,true,0.6028304041742358,0.5470672861545343,1.0,(v1/(7.82471989003616-v1)),-0.9150093362349646,0.13518964059220825,0.4894576054075599,0.13518964059220825,7.0,0.3201977970609568,(v1/(7.82-v1))
1.6303232100748777,6.0,0,1529.0,-1.0,true,0.24878786599770808,0.3312049337079109,2.0,(-1.10788707794102+exp((v1/4.17117545123608))),-0.9857315353179119,0.02269600596963063,0.3591472691870876,0.02269600596963063,9.0,0.13729564087702473,(-1.11+exp((v1/4.17)))
0.7846641809327857,8.0,0,1459.0,-1.0,true,0.11801185447276114,0.14807604628512028,2.0,log((sqrt_abs((exp(v1)--6.23259094144279))-2.06726781718144)),-0.9960830040955561,0.0062305345677365525,0.17636390471879895,0.0062305345677365525,8.589934592e9,0.07256946212191548,log((sqrt_abs((exp(v1)--6.23))-2.07))
2.2204460492503127e-15,9.0,0,138.0,-1.0,true,4.440892098500626e-16,5.111296907482245e-16,3.0,log((0.4+(0.3*exp((0.693147180559945*v1))))),-1.0,6.85631060201856e-32,4.889747348076524e-16,6.85631060201856e-32,1024.0,1.942890293094024e-16,log((0.4+(0.3*exp((0.693*v1)))))
4.669053896939272e-16,11.0,0,1700.0,-1.0,true,4.440892098500626e-16,1.3909007088932727e-16,4.0,log((exp((((0.0200709651349795*v1)-0.0348625758811688)/0.0289562818660902))--0.4)),-1.0,2.965932114356343e-32,9.761697663585022e-17,2.965932114356343e-32,8.589934592e9,9.020562075079397e-17,log((exp((((0.0201*v1)-0.0349)/0.029))--0.4))
0.0,13.0,0,0.0,-1.0,true,0.0,0.0,5.0,log(((exp((((0.0130216310768402*v1)-0.0525853001367087)/0.018786242578843))--0.0811499413506437)/0.202874853376609)),-1.0,0.0,0.0,0.0,1.7179869184e10,0.0,log(((exp((((0.013*v1)-0.0526)/0.0188))--0.0811)/0.203))
