time_stamp,max_are,compl,dim_penalty,age,minus_spearman,valid,max_ae,q75_are,n_params,eqs_orig,minus_r2,mse,mare,ms_processed_e,recursive_compl,mae,eqs_orig_rounded
19.598483085632324,0.29777559420425986,1.0,0.0,4.0,-0.9976625853646766,true,0.03575081533538746,0.0586848535320886,0.0,v1,-0.9907180686703486,0.00027545871271995523,0.047923810442292776,0.00027545871271995523,2.0,0.013686038639562309,v1
23.65512704849243,0.16516750172689054,4.0,0.0,0.0,-0.9976626464120878,true,0.02176187508915936,0.04414390482184545,1.0,(0.0139889402462281+v1),-0.9970265464454883,8.824280845968333e-5,0.031917154024454795,8.824280845968333e-5,3.0,0.00765072654708954,(0.014+v1)
23.238376140594482,0.0,6.0,0.0,0.0,-1.0,true,0.0,0.0,0.0,sqrt_abs((pow2(v1)+pow2(v2))),-1.0,0.0,0.0,0.0,256.0,0.0,sqrt_abs((pow2(v1)+pow2(v2)))
