time,generation,mean age hall_of_fame,mean compl,mean recursive_compl,mean n_params,min mae,min mse,min max_ae,min minus_r2,min mare,min q75_are,min max_are,min ms_processed_e,min minus_spearman,max penalty
12.03798794746399,1.0,0.0,5.5,32896.0,0.5,0.007650731879814453,8.82428622126891e-5,0.021761786372008485,-0.9970265446342125,0.03191717567176438,0.044144791993354165,0.16516666073308126,8.82428622126891e-5,-0.9976620935519623,0.0
17.80855894088745,4.0,1.375,10.25,44.25,2.0,0.004908873288533005,4.589420165868349e-5,0.018785268947435763,-0.9984535365608197,0.025002886536997605,0.02247010469625282,0.16516666073308126,4.589420165868349e-5,-0.9994506295441161,0.0
23.150304079055786,12.0,1.6,6.6,2459.4,1.2,2.8339412441189195e-15,1.2216658337267032e-29,7.993605777301127e-15,-1.0,1.1602024412901655e-14,1.508225090815699e-14,6.090969806499288e-14,1.2216658337267032e-29,-0.9999985314279917,0.0
