time_stamp,max_are,compl,dim_penalty,age,minus_spearman,valid,max_ae,q75_are,n_params,eqs_orig,minus_r2,mse,mare,ms_processed_e,recursive_compl,mae,eqs_orig_rounded
835.4687399864197,16.347228797552205,2.0,0.0,4886.0,-0.3113995776646092,true,33.43380272765281,9.02107658661852,1.0,7.44690082898089,0.0024497566496972656,135.73140766840487,5.364273966579821,135.73140766840487,1.0,7.349847401301703,7.45
612.505707025528,3.1025540099988405,4.0,0.0,6146.0,-1.0,true,4.375294889033183,2.4144141498402965,1.0,(v1/0.256460532462719),-0.9238626616850927,10.308973628908976,1.5521882220381842,10.308973628908976,3.0,2.9659036026598145,(v1/0.256)
260.238322019577,0.7761525489023746,5.0,0.0,8263.0,-1.0,true,3.227510372621998,0.7308447667595916,1.0,(pow2(v1)/2.12296582941281),-0.9756725663145285,3.293927498296253,0.5546466272989319,3.293927498296253,5.0,1.4563608392830933,(pow2(v1)/2.12)
10.45254898071289,7.53427700464736e-16,6.0,0.0,9797.0,-1.0,true,2.6645352591003757e-15,4.3888347930036435e-16,1.0,sqrt_abs(pow3((1.25992104989487*v1))),-1.0,1.21040845144849e-30,2.9744051487364984e-16,1.21040845144849e-30,256.0,7.105427357601002e-16,sqrt_abs(pow3((1.26*v1)))
10.455969095230103,7.53427700464736e-16,8.0,0.0,9797.0,-1.0,true,1.7763568394002505e-15,5.580164479680065e-16,1.0,pow3(((1.12246204830937*v1)/sqrt_abs(v1))),-1.0,5.081373565271283e-31,3.130424395455333e-16,5.081373565271283e-31,8192.0,4.718447854656915e-16,pow3(((1.12*v1)/sqrt_abs(v1)))
584.9553120136261,6.144696801231059e-16,9.0,0.0,6310.0,-1.0,true,8.881784197001252e-16,3.5572540636916474e-16,2.0,(pow3(sqrt_abs((0.647917404128315*v1)))/0.368777546937747),-1.0,1.4328918786241035e-31,2.158291081297308e-16,1.4328918786241035e-31,257.0,2.3869795029440865e-16,(pow3(sqrt_abs((0.648*v1)))/0.369)
986.0867609977722,8.192929068308079e-16,11.0,0.0,4097.0,-1.0,true,8.881784197001252e-16,3.473115129247274e-16,2.0,(pow3(sqrt_abs((v1+(0.397532577821283*v1))))/1.16822881168252),-1.0,1.260328555607007e-31,2.018742180431159e-16,1.260328555607007e-31,4.294967297e9,2.1649348980190552e-16,(pow3(sqrt_abs((v1+(0.398*v1))))/1.17)
1601.0945270061493,4.0964645341540396e-16,16.0,0.0,1009.0,-1.0,true,8.881784197001252e-16,2.3825301263666076e-16,3.0,(0.138189627034748*pow3(((v1/sqrt_abs((v1+(-4.4615706367311204e-17/v1))))/0.460595986104275))),-1.0,1.1000911842339892e-31,1.5064893462567883e-16,1.1000911842339892e-31,7.378697629483821e19,1.942890293094024e-16,(0.138*pow3(((v1/sqrt_abs((v1+(-4.46e-17/v1))))/0.461)))
