max_are,compl,dim_penalty,age,minus_spearman,valid,max_ae,q75_are,n_params,eqs_orig,minus_r2,mse,mare,ms_processed_e,recursive_compl,mae,eqs_orig_rounded
0.17345846129776235,1.0,0,7423.0,100.0,true,2.3305100393929763,0.14649952193440496,1.0,13.0491155135149,0.008383926496223104,1.8339167639191094,0.09011816928339877,1.8339167639191094,1.0,1.1558689015776862,13.0
0.018201357015652977,4.0,0,7168.0,-1.0,true,0.24435444886595192,0.01536359558463564,1.0,(15.9227132893942-log(v1)),-0.9889051890416606,0.020177790694969333,0.009453355873067067,0.020177790694969333,5.0,0.12124259300425824,(15.9-log(v1))
4.2683845591343105e-15,6.0,0,1092.0,-1.0,true,4.796163466380676e-14,2.9212555031463217e-15,2.0,(15.65+(-0.905069700286375*log(v1))),-1.0,9.819497821758779e-28,2.2470588659972035e-15,9.819497821758779e-28,6.0,2.862667368110404e-14,(15.6+(-0.905*log(v1)))
3.9522079251243615e-15,8.0,0,2434.0,-1.0,true,5.1514348342607263e-14,2.870768725155233e-15,3.0,(-0.908259838466831*((log(v1)/1.00352474309928)-17.2307519689714)),-1.0,9.814643293111266e-28,2.2449440538145257e-15,9.814643293111266e-28,7.0,2.862667368110404e-14,(-0.908*((log(v1)/1.0)-17.2))
4.4264728761392846e-15,10.0,0,2069.0,-1.0,true,4.973799150320701e-14,2.7051793043451015e-15,3.0,((-0.905069700286374*log((v1+(-0.99439991505403*v1))))--10.9572375771095),-1.0,7.893463580857632e-28,1.8861978530398563e-15,7.893463580857632e-28,34.0,2.404913874880339e-14,((-0.905*log((v1+(-0.994*v1))))--11.0)
3.4588007276776424e-15,11.0,0,4725.0,-1.0,true,4.618527782440651e-14,2.749224046851798e-15,3.0,(11.0485240211172+(-0.452534850143188*log(pow2((v1+(-0.993805616481146*v1)))))),-1.0,7.616755447949339e-28,1.9203327501528273e-15,7.616755447949339e-28,4.294967298e9,2.459571008400347e-14,(11.0+(-0.453*log(pow2((v1+(-0.994*v1))))))
4.305012918879852e-15,12.0,0,3374.0,-1.0,true,5.1514348342607263e-14,2.4476141828576754e-15,3.0,(12.7409389910705+(-0.452534850143187*log((v1*(v1+(-0.998384917136792*v1)))))),-1.0,6.479582112269203e-28,1.6463907796584494e-15,6.479582112269203e-28,2050.0,2.1384603489703015e-14,(12.7+(-0.453*log((v1*(v1+(-0.998*v1))))))
