time,generation,mean age hall_of_fame,mean compl,mean recursive_compl,mean n_params,min mae,min mse,min max_ae,min minus_r2,min mare,min q75_are,min max_are,min ms_processed_e,min minus_spearman,max penalty
17.766501903533936,1.0,0.0,9.88888888888889,1.2865787693035132e76,1.5555555555555556,0.004010966052643453,3.117488385595033e-5,0.01797773540774493,-0.9989495226769067,0.020902405253274636,0.021793407354927564,0.16767839586835576,3.117488385595033e-5,-0.9997858943738295,0.0
24.04431390762329,6.0,1.625,10.875,21.0,2.375,0.002326388682461895,1.0128681910831784e-5,0.013624157382973054,-0.9996587011932645,0.011736166486367189,0.007843592725647646,0.12915013506149361,1.0128681910831784e-5,-0.9998795160158268,0.0
29.542866945266724,12.0,2.9285714285714284,12.428571428571429,4.861176670299121e37,2.7142857142857144,0.002326388682453505,1.0128681910798146e-5,0.013624157382973054,-0.9996587011932656,0.011711414853737338,0.006473442888563635,0.12915013506149361,1.0128681910798146e-5,-0.9998795160158268,0.0
35.32391595840454,18.0,3.9285714285714284,14.0,4.861176670299121e37,2.857142857142857,0.001641248588960184,6.869451289631486e-6,0.010707740470333738,-0.9997685251103037,0.009403333732903906,0.004497126012336015,0.10150397482014749,6.869451289631486e-6,-0.999878781737972,0.0
40.52729892730713,23.0,2.090909090909091,14.454545454545455,1.6342664862384688e307,2.727272727272727,0.0008212921924201203,1.7769110648906928e-6,0.00837932458916879,-0.999940124723882,0.0038640965422106362,0.003008626574182799,0.0837932458916879,1.7769110648906928e-6,-0.9999649378605853,0.0
