time_stamp,max_are,compl,dim_penalty,age,minus_spearman,valid,max_ae,q75_are,n_params,eqs_orig,minus_r2,mse,mare,ms_processed_e,recursive_compl,mae,eqs_orig_rounded
37.71862578392029,0.29777559420425986,1.0,0.0,4.0,-0.9976625853646766,true,0.03575081533538746,0.0586848535320886,0.0,v1,-0.9907180686703486,0.00027545871271995523,0.047923810442292776,0.00027545871271995523,2.0,0.013686038639562309,v1
31.816324949264526,0.16722821579245506,4.0,0.0,10.0,-0.9976625853646766,true,0.021979261565272495,0.04503586672377415,1.0,(0.013771553770115+v1),-0.9970293916421851,8.815837191391604e-5,0.03186411092846801,8.815837191391604e-5,3.0,0.007637659600437931,(0.0138+v1)
42.35335683822632,0.0,7.0,0.0,0.0,-1.0,true,0.0,0.0,0.0,sqrt_abs((pow2(v2)+(v1*v1))),-1.0,0.0,0.0,0.0,512.0,0.0,sqrt_abs((pow2(v2)+(v1*v1)))
