time,generation,mean age hall_of_fame,mean compl,mean recursive_compl,mean n_params,min mae,min mse,min max_ae,min minus_r2,min mare,min q75_are,min max_are,min ms_processed_e,min minus_spearman,max penalty
12.449480056762695,1.0,0.0,5.0,43776.0,0.3333333333333333,0.007642364602496342,8.817788599664731e-5,0.021900987440118896,-0.9970287340903724,0.03188321010155385,0.04474812980251905,0.16648621659564258,8.817788599664731e-5,-0.9976625237450322,3.0
18.058945178985596,7.0,2.5,5.333333333333333,48.0,1.1666666666666667,0.004909803336291312,4.199871858716592e-5,0.020809411942184552,-0.9985847998126102,0.020790203505920788,0.012974744656428032,0.1576973245312014,4.199871858716592e-5,-0.999721643550122,2.0
23.43455719947815,16.0,4.333333333333333,8.333333333333334,8.166666666666666,1.3333333333333333,0.0031612845240348666,2.3771589237511472e-5,0.014897446712901538,-0.9991989860958815,0.01793064271800824,0.01297474450727985,0.14122027520374833,2.3771589237511472e-5,-0.9997240923553904,3.0
28.508259057998657,25.0,5.285714285714286,9.285714285714286,Inf,1.4285714285714286,0.0009230241888040483,2.4053395285850345e-6,0.009355754988511177,-0.9999189490283014,0.0038905364003014847,0.0028219307331107833,0.09355754988511177,2.4053395285850345e-6,-0.9999501909881859,3.0
34.06124210357666,32.0,10.714285714285714,9.428571428571429,Inf,1.5714285714285714,0.0009230241888040483,2.4053395285850345e-6,0.009355754988511177,-0.9999189490283014,0.0038905364003014847,0.0028219307331107833,0.09355754988511177,2.4053395285850345e-6,-0.9999501909881859,3.0
