time_stamp,max_are,compl,dim_penalty,age,minus_spearman,valid,max_ae,q75_are,n_params,eqs_orig,minus_r2,mse,mare,ms_processed_e,recursive_compl,mae,eqs_orig_rounded
19.99039602279663,3.7632600660037197,2.0,0.0,0.0,100.0,true,0.37632600660037197,0.47820790510967426,1.0,0.376326006600372,0.0002369989351158619,0.029683908052774457,0.6556533819846692,0.029683908052774457,1.0,0.14559708017314013,0.376
19.561535835266113,0.27696082275680023,4.0,0.0,0.0,-0.9976625853646766,true,0.031128104614212837,0.03277616450944869,1.0,(1.02964119628379*v1),-0.9954108923223159,0.00013619037337519056,0.034647957668126096,0.00013619037337519056,3.0,0.00887158558592223,(1.03*v1)
16.899091958999634,0.0,6.0,0.0,1.0,-1.0,true,0.0,0.0,0.0,sqrt_abs((pow2(v2)+pow2(v1))),-1.0,0.0,0.0,0.0,256.0,0.0,sqrt_abs((pow2(v2)+pow2(v1)))
