time,generation,mean age hall_of_fame,mean compl,mean recursive_compl,mean n_params,min mae,min mse,min max_ae,min minus_r2,min mare,min q75_are,min max_are,min ms_processed_e,min minus_spearman,max penalty
17.749243021011353,1.0,0.0,9.625,25760.125,1.625,0.004818281834498604,4.506902214537283e-5,0.018742607091501662,-0.998481342033014,0.024857343703404648,0.021887371420114304,0.1660693790433489,4.506902214537283e-5,-0.9994212005836174,0.0
24.723479986190796,5.0,1.5,12.2,1.157920892373162e76,2.5,0.002804556921776885,1.6518681320438344e-5,0.014145805399640738,-0.9994433820438688,0.014266320989598144,0.011251302060074821,0.14145805399640737,1.6518681320438344e-5,-0.999735044520119,0.0
30.32538104057312,11.0,2.0,15.214285714285714,1.2840665249016541e307,3.142857142857143,0.0016172634421170414,7.845055517739022e-6,0.01198760040660865,-0.9997356508862111,0.010305655453419119,0.005365758840493043,0.11363640099398763,7.845055517739022e-6,-0.9998568752539665,0.0
36.161072969436646,17.0,3.0,11.6,3.402823669209385e37,2.1,0.000171010370817623,4.8047079037976486e-8,0.0004954567058952364,-0.9999983809926221,0.0005226478928021165,0.0007206576413320753,0.002265413400530254,4.8047079037976486e-8,-0.9999081532983287,0.0
