time_stamp,max_are,compl,dim_penalty,age,minus_spearman,valid,max_ae,q75_are,n_params,eqs_orig,minus_r2,mse,mare,ms_processed_e,recursive_compl,mae,eqs_orig_rounded
30.858630180358887,0.29777559420425986,1.0,0.0,6.0,-0.9976625853646766,true,0.03575081533538746,0.0586848535320886,0.0,v1,-0.9907180686703486,0.00027545871271995523,0.047923810442292776,0.00027545871271995523,2.0,0.013686038639562309,v1
32.60147404670715,0.16855489755057337,4.0,0.0,4.0,-0.9976626464120878,true,0.022119214350154348,0.044522297012486674,1.0,(0.0136316009852331+v1),-0.9970295382000486,8.815402253457148e-5,0.03183163582492821,8.815402253457148e-5,3.0,0.007630072506819557,(0.0136+v1)
27.91360902786255,0.16855487957386428,6.0,0.0,9.0,-0.9976626464120878,true,0.02211921245377607,0.04452230397142268,1.0,sqrt_abs(pow2((0.0136316028816114+v1))),-0.9970295382070057,8.815402232810618e-5,0.031831636203587026,8.815402232810618e-5,256.0,0.007630072579358613,sqrt_abs(pow2((0.0136+v1)))
36.59525513648987,0.22946074470338246,7.0,0.0,0.0,-0.9997705355535434,true,0.02420600874760656,0.01484074361986439,1.0,(1.36920666417622*((0.725255341606906*v1)+pow2(v2))),-0.9985214970409981,4.3877347006250754e-5,0.021860256521638446,4.3877347006250754e-5,7.0,0.004486600192600883,(1.37*((0.725*v1)+pow2(v2)))
37.05734300613403,0.0,8.0,0.0,0.0,-1.0,true,0.0,0.0,0.0,sqrt_abs(((v2*v2)+(v1*v1))),-1.0,0.0,0.0,0.0,1024.0,0.0,sqrt_abs(((v2*v2)+(v1*v1)))
