max_are,compl,dim_penalty,age,minus_spearman,valid,max_ae,q75_are,n_params,eqs_orig,minus_r2,mse,mare,ms_processed_e,recursive_compl,mae,eqs_orig_rounded
0.17201773364890188,1.0,0,2725.0,100.0,true,2.346531246903554,0.14693353637073298,1.0,13.0330943060043,0.006349496884816785,1.8302168094956637,0.08991308239720118,1.8302168094956637,1.0,1.1546365009999495,13.0
0.01797868020094033,4.0,0,7745.0,-1.0,true,0.24683066389460606,0.015430676238149347,1.0,log((8.24559358260179e6/v1)),-0.9889373214380697,0.020119352496093798,0.009421657935851847,0.020119352496093798,8.0,0.12105211492513107,log((8.25e6/v1))
4.2683845591343105e-15,6.0,0,51.0,-1.0,true,4.796163466380676e-14,2.9212555031463217e-15,2.0,((-0.905069700286375*log(v1))--15.65),-1.0,9.819497821758779e-28,2.2470588659972035e-15,9.819497821758779e-28,6.0,2.862667368110404e-14,((-0.905*log(v1))--15.6)
3.9522079251243615e-15,8.0,0,6002.0,-1.0,true,4.973799150320701e-14,2.813940952510867e-15,3.0,(-1.75618098065052*(-8.91138223931967+(0.515362431468268*log(v1)))),-1.0,9.684784651790267e-28,2.2173577865111307e-15,9.684784651790267e-28,7.0,2.828506659660399e-14,(-1.76*(-8.91+(0.515*log(v1))))
4.2448918021498344e-15,10.0,0,3880.0,-1.0,true,5.3290705182007514e-14,2.8061634823434375e-15,3.0,((-0.905069700286379*log((v1+(-0.991321704547241*v1))))--11.3536973554753),-1.0,9.194477258391361e-28,2.140968066907548e-15,9.194477258391361e-28,34.0,2.7465209593803873e-14,((-0.905*log((v1+(-0.991*v1))))--11.4)
3.773237157466519e-15,11.0,0,841.0,-1.0,true,4.973799150320701e-14,2.6591480592539472e-15,3.0,((-1.81013940057275*log(sqrt_abs((v1+(-0.995129024789771*v1)))))--10.8309915758835),-1.0,8.016040429207359e-28,1.9779120089961373e-15,8.016040429207359e-28,4.294967298e9,2.5210602836103553e-14,((-1.81*log(sqrt_abs((v1+(-0.995*v1)))))--10.8)
4.402110017044272e-15,12.0,0,1807.0,-1.0,true,4.973799150320701e-14,2.3096603748253108e-15,4.0,(15.8837251837386-(0.905069700286375*log(((v1+(-0.997436291303949*v1))/0.00198023383620231)))),-1.0,6.494145698211745e-28,1.7148181906707742e-15,6.494145698211745e-28,66.0,2.1521246323503034e-14,(15.9-(0.905*log(((v1+(-0.997*v1))/0.00198))))
3.901162610249989e-15,14.0,0,4602.0,-1.0,true,4.618527782440651e-14,2.105305096616094e-15,5.0,(16.4646936605007-(0.905069700286375*(log(((v1+(-0.99724350327141*v1))/0.0552661819528475))--3.89834527445134))),-1.0,5.8654842383586925e-28,1.5954404172457545e-15,5.8654842383586925e-28,67.0,2.05647464869029e-14,(16.5-(0.905*(log(((v1+(-0.997*v1))/0.0553))--3.9)))
